channel,fetched_at,source_url,external_product_id,brand_name,product_name,model_code,detail_url,thumbnail_url,feature_tags_json,offer_count,rating,review_count,order_count,ranking_rank,metadata_json
ajd,2026-03-27T05:00:16.167Z,https://www.ajd.co.kr/electronics/overview/2010-4020/ranking?tab=1,ajd:RWP70F15AN,삼성,삼성 2025 비스포크 AI 냉온정수기,RWP70F15AN,https://www.ajd.co.kr/electronics/overview/4020/detail/52378,https://image.ajd.kr/PRODUCT_CODE/2e516c34-6481-43e3-ba26-e0be44c3392a,"[""냉수"",""온수"",""정수""]",3,,0,,1,"{""totalScore"":95.3,""reviewCount"":0,""textBadges"":[""위생기능 170위""],""specifications"":{""제품유형"":""데스크형"",""정수타입"":""직수형"",""필터종류"":""중공사막"",""필터개수"":""2개"",""편의기능"":""12개"",""살균부위"":""직수관"",""직수관 재질"":""스테인리스"",""분리세척"":""O"",""정량출수"":""O"",""온수온도조절"":""O""},""scoreBreakdown"":{""정수성능"":96,""위생관리"":95.7,""편의기능"":100,""렌탈료"":90},""detailSn"":52378,""lowerCategorySn"":4020,""detailAverageScore"":98.8,""recommendLabel"":""강력추천! 아정당렌탈 단독 혜택!""}"
ajd,2026-03-27T05:00:16.167Z,https://www.ajd.co.kr/electronics/overview/2010-4020/ranking?tab=1,ajd:CP-ABS100G,쿠쿠,쿠쿠 STEAM 100도씨 끓인물 정수기 (냉온정),CP-ABS100G,https://www.ajd.co.kr/electronics/overview/4020/detail/2864,https://image.ajd.kr/PRODUCT_CODE/630a9a0a-d5c6-4956-b96c-338ac28b8f9f,"[""냉수"",""온수"",""정수"",""살균수""]",6,,582,,2,"{""totalScore"":94.6,""reviewCount"":582,""textBadges"":[""위생기능 1위""],""specifications"":{""제품유형"":""데스크형"",""정수타입"":""직수형"",""필터종류"":""나노필터"",""필터개수"":""2개"",""편의기능"":""11개"",""살균부위"":""냉수관, 직수관, 코크"",""직수관 재질"":""PP"",""분리세척"":""X"",""정량출수"":""O"",""온수온도조절"":""O""},""scoreBreakdown"":{""정수성능"":100,""위생관리"":96,""편의기능"":100,""렌탈료"":80},""detailSn"":2864,""lowerCategorySn"":4020,""detailAverageScore"":94.6,""recommendLabel"":null}"
ajd,2026-03-27T05:00:16.167Z,https://www.ajd.co.kr/electronics/overview/2010-4020/ranking?tab=1,ajd:WU923A_오브제,LG전자,LG 퓨리케어 듀얼 STS 정수기 오브제컬렉션 (냉온정),WU923A_오브제,https://www.ajd.co.kr/electronics/overview/4020/detail/42950,https://image.ajd.kr/PRODUCT_CODE/a8329508-1f66-488f-8838-75e1d1b12571,"[""냉수"",""온수"",""정수""]",1,,44,,3,"{""totalScore"":93,""reviewCount"":44,""textBadges"":[""위생기능 4위""],""specifications"":{""제품유형"":""-"",""정수타입"":""직수형"",""필터종류"":""중공사막"",""필터개수"":""2개"",""편의기능"":""8개"",""살균부위"":""직수관, 코크"",""직수관 재질"":""스테인리스"",""분리세척"":""X"",""정량출수"":""O"",""온수온도조절"":""O""},""scoreBreakdown"":{""정수성능"":84,""위생관리"":98,""편의기능"":90,""렌탈료"":100},""detailSn"":42950,""lowerCategorySn"":4020}"
ajd,2026-03-27T05:00:16.167Z,https://www.ajd.co.kr/electronics/overview/2010-4020/ranking?tab=1,ajd:WD120M,LG전자,LG 퓨리케어 오브제컬렉션 라이트온 정수기 (정수전용),WD120M,https://www.ajd.co.kr/electronics/overview/4020/detail/42953,https://image.ajd.kr/PRODUCT_CODE/41a87ee6-b19d-4b76-996a-e9dd7dc995fd,"[""정수""]",4,,15,,4,"{""totalScore"":92.3,""reviewCount"":15,""textBadges"":[""위생기능 7위""],""specifications"":{""제품유형"":""데스크형"",""정수타입"":""직수형"",""필터종류"":""중공사막"",""필터개수"":""2개"",""편의기능"":""7개"",""살균부위"":""코크, 직수관"",""직수관 재질"":""스테인리스"",""분리세척"":""X"",""정량출수"":""O"",""온수온도조절"":""X""},""scoreBreakdown"":{""정수성능"":84,""위생관리"":96,""편의기능"":90,""렌탈료"":100},""detailSn"":42953,""lowerCategorySn"":4020,""detailAverageScore"":92.3,""recommendLabel"":null}"
ajd,2026-03-27T05:00:16.167Z,https://www.ajd.co.kr/electronics/overview/2010-4020/ranking?tab=1,ajd:WU523A_오브제,LG전자,LG 퓨리케어 빌트인 정수기 오브제 (냉온정),WU523A_오브제,https://www.ajd.co.kr/electronics/overview/4020/detail/42949,https://image.ajd.kr/PRODUCT_CODE/e221a392-5267-4759-b676-76251f18600c,"[""냉수"",""온수"",""정수""]",4,,31,,5,"{""totalScore"":92.3,""reviewCount"":31,""textBadges"":[""위생기능 8위""],""specifications"":{""제품유형"":""언더싱크"",""정수타입"":""직수형"",""필터종류"":""중공사막"",""필터개수"":""2개"",""편의기능"":""9개"",""살균부위"":""직수관, 코크"",""직수관 재질"":""스테인리스"",""분리세척"":""X"",""정량출수"":""O"",""온수온도조절"":""O""},""scoreBreakdown"":{""정수성능"":84,""위생관리"":96,""편의기능"":90,""렌탈료"":100},""detailSn"":42949,""lowerCategorySn"":4020,""detailAverageScore"":92.3,""recommendLabel"":null}"
ajd,2026-03-27T05:00:16.167Z,https://www.ajd.co.kr/electronics/overview/2010-4020/ranking?tab=1,ajd:WU923AS,LG전자,LG 퓨리케어 빌트인 듀얼 정수기 (냉온정),WU923AS,https://www.ajd.co.kr/electronics/overview/4020/detail/2712,https://image.ajd.kr/PRODUCT_CODE/0fa78031-aadb-4cc1-bcbd-dff7003faabb,"[""정수"",""냉수"",""온수"",""살균수""]",6,,115,,6,"{""totalScore"":92.3,""reviewCount"":115,""textBadges"":[""위생기능 10위""],""specifications"":{""제품유형"":""언더싱크"",""정수타입"":""직수형"",""필터종류"":""중공사막"",""필터개수"":""2개"",""편의기능"":""7개"",""살균부위"":""직수관, 코크"",""직수관 재질"":""스테인리스"",""분리세척"":""X"",""정량출수"":""O"",""온수온도조절"":""X""},""scoreBreakdown"":{""정수성능"":84,""위생관리"":96,""편의기능"":90,""렌탈료"":100},""detailSn"":2712,""lowerCategorySn"":4020,""detailAverageScore"":92.3,""recommendLabel"":""★1년동안 1만원 할인 프로모션 적용!""}"
ajd,2026-03-27T05:00:16.167Z,https://www.ajd.co.kr/electronics/overview/2010-4020/ranking?tab=1,ajd:WP-50C90621N,청호나이스,청호나이스 뉴 러블리트리 냉온정수기,WP-50C90621N,https://www.ajd.co.kr/electronics/overview/4020/detail/43934,https://image.ajd.kr/PRODUCT_CODE/44c75f7d-5a3e-4091-bb28-2c8e9e1bac1c,"[""냉수"",""온수"",""정수""]",6,,18,,7,"{""totalScore"":91.3,""reviewCount"":18,""textBadges"":[""위생기능 11위""],""specifications"":{""제품유형"":""데스크형"",""정수타입"":""직수형"",""필터종류"":""나노필터"",""필터개수"":""2개"",""편의기능"":""13개"",""살균부위"":""직수관, 코크"",""직수관 재질"":""PP"",""분리세척"":""O"",""정량출수"":""O"",""온수온도조절"":""O""},""scoreBreakdown"":{""정수성능"":96,""위생관리"":90,""편의기능"":100,""렌탈료"":80},""detailSn"":43934,""lowerCategorySn"":4020,""detailAverageScore"":91.3,""recommendLabel"":null}"
ajd,2026-03-27T05:00:16.167Z,https://www.ajd.co.kr/electronics/overview/2010-4020/ranking?tab=1,ajd:CP-AMS100,쿠쿠,쿠쿠 인스퓨어 MINI100 초소형 냉온정수기 (냉온정),CP-AMS100,https://www.ajd.co.kr/electronics/overview/4020/detail/51697,https://image.ajd.kr/PRODUCT_CODE/a3ffefad-9cf4-4d6a-88ea-587841962963,"[""냉수"",""온수"",""정수""]",8,,54,,8,"{""totalScore"":91.1,""reviewCount"":54,""textBadges"":[""위생기능 140위""],""specifications"":{""제품유형"":""데스크형"",""정수타입"":""직수형"",""필터종류"":""나노필터"",""필터개수"":""2개"",""편의기능"":""13개"",""살균부위"":""코크, 직수관"",""직수관 재질"":""PP"",""분리세척"":""O"",""정량출수"":""O"",""온수온도조절"":""O""},""scoreBreakdown"":{""정수성능"":100,""위생관리"":86,""편의기능"":100,""렌탈료"":80},""detailSn"":51697,""lowerCategorySn"":4020,""detailAverageScore"":93.2,""recommendLabel"":null}"
ajd,2026-03-27T05:00:16.167Z,https://www.ajd.co.kr/electronics/overview/2010-4020/ranking?tab=1,ajd:CP-X501HW,쿠쿠,쿠쿠 인스퓨어 슬림 냉온정수기 2.3L (하프형),CP-X501HW,https://www.ajd.co.kr/electronics/overview/4020/detail/2808,https://image.ajd.kr/PRODUCT_CODE/16ee246a-eb9a-4988-a12e-6c987da71401,"[""정수"",""냉수"",""온수""]",2,,12,,9,"{""totalScore"":89.6,""reviewCount"":12,""textBadges"":[""위생기능 15위""],""specifications"":{""제품유형"":""데스크형"",""정수타입"":""저수조형"",""필터종류"":""나노필터"",""필터개수"":""4개"",""편의기능"":""5개"",""살균부위"":""직수관, 코크"",""저수조 재질"":""-"",""분리세척"":""O"",""정량출수"":""X"",""온수온도조절"":""O""},""scoreBreakdown"":{""정수성능"":94,""위생관리"":84,""편의기능"":80,""렌탈료"":100},""detailSn"":2808,""lowerCategorySn"":4020,""detailAverageScore"":89.6,""recommendLabel"":null}"
ajd,2026-03-27T05:00:16.167Z,https://www.ajd.co.kr/electronics/overview/2010-4020/ranking?tab=1,ajd:WU823AS,LG전자,LG 퓨리케어 듀얼 정수기 (냉정),WU823AS,https://www.ajd.co.kr/electronics/overview/4020/detail/3052,https://image.ajd.kr/PRODUCT_CODE/c502bb73-5543-49fb-adca-7672381d6d38,"[""정수"",""냉수"",""살균수""]",3,,29,,10,"{""totalScore"":89.5,""reviewCount"":29,""textBadges"":[""위생기능 17위""],""specifications"":{""제품유형"":""언더싱크"",""정수타입"":""직수형"",""필터종류"":""중공사막"",""필터개수"":""2개"",""편의기능"":""9개"",""살균부위"":""직수관, 코크"",""직수관 재질"":""스테인리스"",""분리세척"":""X"",""정량출수"":""O"",""온수온도조절"":""O""},""scoreBreakdown"":{""정수성능"":83,""위생관리"":96,""편의기능"":100,""렌탈료"":80},""detailSn"":3052,""lowerCategorySn"":4020,""detailAverageScore"":89.5,""recommendLabel"":null}"
ajd,2026-03-27T05:00:16.167Z,https://www.ajd.co.kr/electronics/overview/2010-4020/ranking?tab=1,ajd:WS672M,교원웰스,교원웰스 슬림원 직수 정수기 (냉온정),WS672M,https://www.ajd.co.kr/electronics/overview/4020/detail/46114,https://image.ajd.kr/PRODUCT_CODE/ccb50864-991b-43c8-949a-18d91dec3588,"[""냉수"",""온수"",""정수""]",12,,16,,21,"{""totalScore"":88.8,""reviewCount"":16,""textBadges"":[""위생기능 47위""],""specifications"":{""제품유형"":""데스크형"",""정수타입"":""직수형"",""필터종류"":""나노필터"",""필터개수"":""2개"",""편의기능"":""10개"",""살균부위"":""코크"",""직수관 재질"":""PP"",""분리세척"":""O"",""정량출수"":""O"",""온수온도조절"":""O""},""scoreBreakdown"":{""정수성능"":100,""위생관리"":68,""편의기능"":100,""렌탈료"":100},""detailSn"":46114,""lowerCategorySn"":4020,""detailAverageScore"":90.9,""recommendLabel"":null}"
ajd,2026-03-27T05:00:16.167Z,https://www.ajd.co.kr/electronics/overview/2010-4020/ranking?tab=1,ajd:WP65LNWA,교원웰스,웰스 슈퍼쿨링 정수기 듀오 (냉정),WP65LNWA,https://www.ajd.co.kr/electronics/overview/4020/detail/3047,https://image.ajd.kr/PRODUCT_CODE/f83b92e2-4173-4b26-a233-2f0f9c9e60cf,"[""냉수"",""정수""]",6,,20,,22,"{""totalScore"":88.3,""reviewCount"":20,""textBadges"":[""위생기능 29위""],""specifications"":{""제품유형"":""데스크형"",""정수타입"":""직수형"",""필터종류"":""나노필터"",""필터개수"":""2개"",""편의기능"":""6개"",""살균부위"":""코크"",""직수관 재질"":""스테인리스"",""분리세척"":""O"",""정량출수"":""O"",""온수온도조절"":""X""},""scoreBreakdown"":{""정수성능"":99,""위생관리"":76,""편의기능"":80,""렌탈료"":100},""detailSn"":3047,""lowerCategorySn"":4020,""detailAverageScore"":88.3,""recommendLabel"":null}"
ajd,2026-03-27T05:00:16.167Z,https://www.ajd.co.kr/electronics/overview/2010-4020/ranking?tab=1,ajd:CP-ABSC100G,쿠쿠,쿠쿠 인스퓨어 STEAM 100 바리스타 (냉온정),CP-ABSC100G,https://www.ajd.co.kr/electronics/overview/4020/detail/43273,https://image.ajd.kr/PRODUCT_CODE/ec3e4a5c-f977-47c7-aa16-b52a41c3a553,"[""냉수"",""온수"",""정수"",""커피"",""살균수""]",6,,11,,23,"{""totalScore"":88.1,""reviewCount"":11,""textBadges"":[""위생기능 2위""],""specifications"":{""제품유형"":""데스크형"",""정수타입"":""직수형"",""필터종류"":""나노필터"",""필터개수"":""2개"",""편의기능"":""15개"",""살균부위"":""코크, 직수관, 냉수관"",""직수관 재질"":""트라이탄"",""분리세척"":""X"",""정량출수"":""O"",""온수온도조절"":""O""},""scoreBreakdown"":{""정수성능"":97,""위생관리"":80,""편의기능"":100,""렌탈료"":80},""detailSn"":43273,""lowerCategorySn"":4020,""detailAverageScore"":88.1,""recommendLabel"":null}"
ajd,2026-03-27T05:00:16.167Z,https://www.ajd.co.kr/electronics/overview/2010-4020/ranking?tab=1,ajd:WR872MWA,교원웰스,웰스 아이스원 얼음정수기 (얼음냉온정),WR872MWA,https://www.ajd.co.kr/electronics/overview/4020/detail/43161,https://image.ajd.kr/PRODUCT_CODE/83f0a7d3-2605-46ed-9397-621e66659ee3,"[""냉수"",""온수"",""정수"",""얼음""]",6,,19,,24,"{""totalScore"":87.8,""reviewCount"":19,""textBadges"":[""위생기능 14위""],""specifications"":{""제품유형"":""데스크형"",""정수타입"":""직수형"",""필터종류"":""나노필터"",""필터개수"":""2개"",""편의기능"":""10개"",""살균부위"":""냉수관, 얼음저장고, 직수관, 코크"",""직수관 재질"":""PP"",""분리세척"":""O"",""정량출수"":""O"",""온수온도조절"":""O""},""scoreBreakdown"":{""정수성능"":100,""위생관리"":88,""편의기능"":100,""렌탈료"":60},""detailSn"":43161,""lowerCategorySn"":4020,""detailAverageScore"":87.8,""recommendLabel"":null}"
ajd,2026-03-27T05:00:16.167Z,https://www.ajd.co.kr/electronics/overview/2010-4020/ranking?tab=1,ajd:WD525AS,LG전자,LG 퓨리케어 상하좌우 직수 정수기 (냉온정),WD525AS,https://www.ajd.co.kr/electronics/overview/4020/detail/42948,https://image.ajd.kr/PRODUCT_CODE/755355cc-f67e-4e99-a7d3-1605fddf5158,"[""냉수"",""온수"",""정수""]",4,,98,,25,"{""totalScore"":87.4,""reviewCount"":98,""textBadges"":[""위생기능 32위""],""specifications"":{""제품유형"":""데스크형"",""정수타입"":""직수형"",""필터종류"":""중공사막"",""필터개수"":""2개"",""편의기능"":""13개"",""살균부위"":""직수관, 코크"",""직수관 재질"":""스테인리스"",""분리세척"":""X"",""정량출수"":""O"",""온수온도조절"":""O""},""scoreBreakdown"":{""정수성능"":83,""위생관리"":90,""편의기능"":100,""렌탈료"":80},""detailSn"":42948,""lowerCategorySn"":4020,""detailAverageScore"":87.4,""recommendLabel"":null}"
ajd,2026-03-27T05:00:16.167Z,https://www.ajd.co.kr/electronics/overview/2010-4020/ranking?tab=1,ajd:HQPM14C(냉정),현대큐밍,현대큐밍 더슬림 마이핏 정수기 (냉정),HQPM14C(냉정),https://www.ajd.co.kr/electronics/overview/4020/detail/3040,https://image.ajd.kr/PRODUCT_CODE/79eb769d-f3f7-47ac-a04f-937ae4113a1f,"[""냉수"",""정수""]",6,,4,,26,"{""totalScore"":87.1,""reviewCount"":4,""textBadges"":[""위생기능 63위""],""specifications"":{""제품유형"":""데스크형"",""정수타입"":""직수형"",""필터종류"":""나노필터"",""필터개수"":""2개"",""편의기능"":""8개"",""살균부위"":""코크"",""직수관 재질"":""PP"",""분리세척"":""O"",""정량출수"":""O"",""온수온도조절"":""X""},""scoreBreakdown"":{""정수성능"":99,""위생관리"":64,""편의기능"":100,""렌탈료"":100},""detailSn"":3040,""lowerCategorySn"":4020,""detailAverageScore"":87.1,""recommendLabel"":null}"
ajd,2026-03-27T05:00:16.167Z,https://www.ajd.co.kr/electronics/overview/2010-4020/ranking?tab=1,ajd:CP-AHSC100H,쿠쿠,쿠쿠 제로100 슬림 바리스타 정수기 (얼음냉온정),CP-AHSC100H,https://www.ajd.co.kr/electronics/overview/4020/detail/43121,https://image.ajd.kr/PRODUCT_CODE/517906dd-75bc-40e6-a2b5-59953aaac543,"[""냉수"",""온수"",""정수"",""얼음"",""커피"",""살균수""]",6,,104,,27,"{""totalScore"":86.9,""reviewCount"":104,""textBadges"":[""위생기능 23위""],""specifications"":{""제품유형"":""데스크형"",""정수타입"":""직수형"",""필터종류"":""나노필터"",""필터개수"":""2개"",""편의기능"":""15개"",""살균부위"":""직수관, 얼음저장고"",""직수관 재질"":""PP"",""분리세척"":""O"",""정량출수"":""O"",""온수온도조절"":""O""},""scoreBreakdown"":{""정수성능"":97,""위생관리"":88,""편의기능"":100,""렌탈료"":60},""detailSn"":43121,""lowerCategorySn"":4020,""detailAverageScore"":86.9,""recommendLabel"":null}"
ajd,2026-03-27T05:00:16.167Z,https://www.ajd.co.kr/electronics/overview/2010-4020/ranking?tab=1,ajd:HQPS11C,현대큐밍,현대큐밍 딜라이트 직수형 정수기 (냉온정),HQPS11C,https://www.ajd.co.kr/electronics/overview/4020/detail/43169,https://image.ajd.kr/PRODUCT_CODE/0973613f-742c-4ad3-82a3-264047a766c5,"[""냉수"",""온수"",""정수""]",6,,4,,28,"{""totalScore"":86.8,""reviewCount"":4,""textBadges"":[""위생기능 41위""],""specifications"":{""제품유형"":""데스크형"",""정수타입"":""직수형"",""필터종류"":""나노필터"",""필터개수"":""3개"",""편의기능"":""13개"",""살균부위"":""직수관, 코크"",""직수관 재질"":""-"",""분리세척"":""O"",""정량출수"":""O"",""온수온도조절"":""O""},""scoreBreakdown"":{""정수성능"":95.2,""위생관리"":78,""편의기능"":100,""렌탈료"":80},""detailSn"":43169,""lowerCategorySn"":4020,""detailAverageScore"":86.8,""recommendLabel"":null}"
ajd,2026-03-27T05:00:16.167Z,https://www.ajd.co.kr/electronics/overview/2010-4020/ranking?tab=1,ajd:WI-36C90620N,청호나이스,청호나이스 얼음 정수기 뉴 아이스트리 (얼음냉온정),WI-36C90620N,https://www.ajd.co.kr/electronics/overview/4020/detail/3186,https://image.ajd.kr/PRODUCT_CODE/3a95e01e-4892-433a-935a-372bf668dc06,"[""정수"",""냉수"",""온수"",""얼음""]",6,,40,,29,"{""totalScore"":86.8,""reviewCount"":40,""textBadges"":[""위생기능 27위""],""specifications"":{""제품유형"":""데스크형"",""정수타입"":""직수형"",""필터종류"":""나노필터"",""필터개수"":""2개"",""편의기능"":""9개"",""살균부위"":""직수관, 코크"",""직수관 재질"":""PP"",""분리세척"":""O"",""정량출수"":""O"",""온수온도조절"":""O""},""scoreBreakdown"":{""정수성능"":97,""위생관리"":92,""편의기능"":90,""렌탈료"":60},""detailSn"":3186,""lowerCategorySn"":4020,""detailAverageScore"":88.2,""recommendLabel"":null}"
ajd,2026-03-27T05:00:16.167Z,https://www.ajd.co.kr/electronics/overview/2010-4020/ranking?tab=1,ajd:CP-W602HW/CP-W602HW(S),쿠쿠,쿠쿠 인스퓨어 냉온정수기 5.2L (하프형),CP-W602HW/CP-W602HW(S),https://www.ajd.co.kr/electronics/overview/4020/detail/2704,https://image.ajd.kr/PRODUCT_CODE/7e28cbeb-fcfa-44f4-a5a4-ccf11dead20c,"[""냉수"",""온수"",""정수""]",3,,2,,30,"{""totalScore"":86.8,""reviewCount"":2,""textBadges"":[""위생기능 37위""],""specifications"":{""제품유형"":""데스크형"",""정수타입"":""저수조형"",""필터종류"":""나노필터"",""필터개수"":""4개"",""편의기능"":""5개"",""살균부위"":""직수관, 코크"",""저수조 재질"":""-"",""분리세척"":""X"",""정량출수"":""X"",""온수온도조절"":""X""},""scoreBreakdown"":{""정수성능"":94,""위생관리"":76,""편의기능"":80,""렌탈료"":100},""detailSn"":2704,""lowerCategorySn"":4020,""detailAverageScore"":86.8,""recommendLabel"":null}"
ajd,2026-03-27T05:00:16.167Z,https://www.ajd.co.kr/electronics/overview/2010-4020/ranking?tab=1,ajd:CP-W602SW/CP-W602SW(S),쿠쿠,쿠쿠 인스퓨어 냉온정수기 5.2L (스탠드형),CP-W602SW/CP-W602SW(S),https://www.ajd.co.kr/electronics/overview/4020/detail/2703,https://image.ajd.kr/PRODUCT_CODE/83930a1d-cdff-49c5-94e6-9d74a495e3e0,"[""냉수"",""온수"",""정수""]",3,,4,,31,"{""totalScore"":86.8,""reviewCount"":4,""textBadges"":[""위생기능 38위""],""specifications"":{""제품유형"":""스탠드형"",""정수타입"":""저수조형"",""필터종류"":""나노필터"",""필터개수"":""4개"",""편의기능"":""5개"",""살균부위"":""직수관, 코크"",""저수조 재질"":""-"",""분리세척"":""X"",""정량출수"":""X"",""온수온도조절"":""X""},""scoreBreakdown"":{""정수성능"":94,""위생관리"":76,""편의기능"":80,""렌탈료"":100},""detailSn"":2703,""lowerCategorySn"":4020,""detailAverageScore"":86.8,""recommendLabel"":null}"
ajd,2026-03-27T05:00:16.167Z,https://www.ajd.co.kr/electronics/overview/2010-4020/ranking?tab=1,ajd:CP-W601HW,쿠쿠,쿠쿠 인스퓨어 냉온정수기 5.2L (하프형),CP-W601HW,https://www.ajd.co.kr/electronics/overview/4020/detail/2692,https://image.ajd.kr/PRODUCT_CODE/cecef153-7908-4357-a6a7-0923000dbb6d,"[""냉수"",""온수"",""정수""]",3,,4,,32,"{""totalScore"":86.8,""reviewCount"":4,""textBadges"":[""위생기능 39위""],""specifications"":{""제품유형"":""데스크형"",""정수타입"":""저수조형"",""필터종류"":""나노필터"",""필터개수"":""4개"",""편의기능"":""5개"",""살균부위"":""직수관, 코크"",""저수조 재질"":""-"",""분리세척"":""X"",""정량출수"":""X"",""온수온도조절"":""X""},""scoreBreakdown"":{""정수성능"":94,""위생관리"":76,""편의기능"":80,""렌탈료"":100},""detailSn"":2692,""lowerCategorySn"":4020,""detailAverageScore"":86.8,""recommendLabel"":null}"
ajd,2026-03-27T05:00:16.167Z,https://www.ajd.co.kr/electronics/overview/2010-4020/ranking?tab=1,ajd:CP-W601SW,쿠쿠,쿠쿠 인스퓨어 냉온정수기 5.2L (스탠드형),CP-W601SW,https://www.ajd.co.kr/electronics/overview/4020/detail/2691,https://image.ajd.kr/PRODUCT_CODE/afe53c61-a3ae-410e-9f37-a72827ee4466,"[""냉수"",""온수"",""정수""]",3,,4,,33,"{""totalScore"":86.8,""reviewCount"":4,""textBadges"":[""위생기능 40위""],""specifications"":{""제품유형"":""스탠드형"",""정수타입"":""저수조형"",""필터종류"":""나노필터"",""필터개수"":""4개"",""편의기능"":""5개"",""살균부위"":""직수관, 코크"",""저수조 재질"":""-"",""분리세척"":""X"",""정량출수"":""X"",""온수온도조절"":""X""},""scoreBreakdown"":{""정수성능"":94,""위생관리"":76,""편의기능"":80,""렌탈료"":100},""detailSn"":2691,""lowerCategorySn"":4020,""detailAverageScore"":86.8,""recommendLabel"":null}"
ajd,2026-03-27T05:00:16.167Z,https://www.ajd.co.kr/electronics/overview/2010-4020/ranking?tab=1,ajd:CP-TS100,쿠쿠,쿠쿠 인스퓨어 100℃ 끓인물 정수기 (냉온정),CP-TS100,https://www.ajd.co.kr/electronics/overview/4020/detail/43014,https://image.ajd.kr/PRODUCT_CODE/41a603c7-db41-4bc4-bd00-336ab01cde3e,"[""냉수"",""온수"",""정수""]",6,,327,,34,"{""totalScore"":86.4,""reviewCount"":327,""textBadges"":[""위생기능 43위""],""specifications"":{""제품유형"":""데스크형"",""정수타입"":""직수형"",""필터종류"":""나노필터"",""필터개수"":""2개"",""편의기능"":""14개"",""살균부위"":""직수관, 냉수관, 코크"",""직수관 재질"":""PP"",""분리세척"":""X"",""정량출수"":""O"",""온수온도조절"":""O""},""scoreBreakdown"":{""정수성능"":96,""위생관리"":76,""편의기능"":100,""렌탈료"":80},""detailSn"":43014,""lowerCategorySn"":4020,""detailAverageScore"":86.4,""recommendLabel"":null}"
ajd,2026-03-27T05:00:16.167Z,https://www.ajd.co.kr/electronics/overview/2010-4020/ranking?tab=1,ajd:WD220M,LG전자,LG 퓨리케어 오브제컬렉션 라이트온 정수기 (온정),WD220M,https://www.ajd.co.kr/electronics/overview/4020/detail/42952,https://image.ajd.kr/PRODUCT_CODE/d7108d79-61f7-404d-9a48-a07f861c954b,"[""온수"",""정수""]",4,,9,,35,"{""totalScore"":86.4,""reviewCount"":9,""textBadges"":[""위생기능 42위""],""specifications"":{""제품유형"":""데스크형"",""정수타입"":""직수형"",""필터종류"":""중공사막"",""필터개수"":""2개"",""편의기능"":""10개"",""살균부위"":""직수관, 코크"",""직수관 재질"":""스테인리스"",""분리세척"":""X"",""정량출수"":""O"",""온수온도조절"":""O""},""scoreBreakdown"":{""정수성능"":82,""위생관리"":88,""편의기능"":100,""렌탈료"":80},""detailSn"":42952,""lowerCategorySn"":4020,""detailAverageScore"":86.4,""recommendLabel"":null}"
ajd,2026-03-27T05:00:16.167Z,https://www.ajd.co.kr/electronics/overview/2010-4020/ranking?tab=1,ajd:RWP54120BF6M/RWP54120BF7M/RWP54120BF8M,삼성,삼성 비스포크 정수기 정수전용 일체형,RWP54120BF6M/RWP54120BF7M/RWP54120BF8M,https://www.ajd.co.kr/electronics/overview/4020/detail/2918,https://image.ajd.kr/PRODUCT_CODE/3f73f257-a3bd-414a-ac79-c3b2f192697d,"[""정수""]",3,,1,,36,"{""totalScore"":86.4,""reviewCount"":1,""textBadges"":[""정수전용 2위""],""specifications"":{""제품유형"":""언더싱크"",""정수타입"":""직수형"",""필터종류"":""중공사막"",""필터개수"":""2개"",""편의기능"":""8개"",""살균부위"":""직수관"",""직수관 재질"":""스테인리스"",""분리세척"":""X"",""정량출수"":""O"",""온수온도조절"":""O""},""scoreBreakdown"":{""정수성능"":83,""위생관리"":80,""편의기능"":90,""렌탈료"":100},""detailSn"":2918,""lowerCategorySn"":4020,""detailAverageScore"":86.4,""recommendLabel"":null}"
ajd,2026-03-27T05:00:16.167Z,https://www.ajd.co.kr/electronics/overview/2010-4020/ranking?tab=1,ajd:CP-AAS100U,쿠쿠,쿠쿠 STEAM 100 빌트인 정수기 (냉온정),CP-AAS100U,https://www.ajd.co.kr/electronics/overview/4020/detail/2862,https://image.ajd.kr/PRODUCT_CODE/6f78c880-b0a8-461a-959e-9a1458cd35c8,"[""냉수"",""온수"",""정수""]",4,,7,,37,"{""totalScore"":86.2,""reviewCount"":7,""textBadges"":[""위생기능 28위""],""specifications"":{""제품유형"":""언더싱크"",""정수타입"":""직수형"",""필터종류"":""나노필터"",""필터개수"":""2개"",""편의기능"":""13개"",""살균부위"":""코크, 직수관"",""직수관 재질"":""PP"",""분리세척"":""X"",""정량출수"":""O"",""온수온도조절"":""O""},""scoreBreakdown"":{""정수성능"":97,""위생관리"":86,""편의기능"":100,""렌탈료"":60},""detailSn"":2862,""lowerCategorySn"":4020,""detailAverageScore"":86.2,""recommendLabel"":null}"
ajd,2026-03-27T05:00:16.167Z,https://www.ajd.co.kr/electronics/overview/2010-4020/ranking?tab=1,ajd:WP67LNWA,교원웰스,웰스 슈퍼쿨링 정수기 듀오 (냉온정),WP67LNWA,https://www.ajd.co.kr/electronics/overview/4020/detail/2709,https://image.ajd.kr/PRODUCT_CODE/2aa0e8c8-24f6-4890-9419-46fba70382ac,"[""냉수"",""온수"",""정수""]",6,,23,,38,"{""totalScore"":85.8,""reviewCount"":23,""textBadges"":[""위생기능 46위""],""specifications"":{""제품유형"":""데스크형"",""정수타입"":""직수형"",""필터종류"":""나노필터"",""필터개수"":""2개"",""편의기능"":""6개"",""살균부위"":""코크"",""직수관 재질"":""PP"",""분리세척"":""X"",""정량출수"":""O"",""온수온도조절"":""X""},""scoreBreakdown"":{""정수성능"":100,""위생관리"":68,""편의기능"":80,""렌탈료"":100},""detailSn"":2709,""lowerCategorySn"":4020,""detailAverageScore"":85.8,""recommendLabel"":null}"
ajd,2026-03-27T05:00:16.167Z,https://www.ajd.co.kr/electronics/overview/2010-4020/ranking?tab=1,ajd:WD524V,LG전자,LG 퓨리케어 2025 오브제컬렉션 음성인식 정수기 (냉온정),WD524V,https://www.ajd.co.kr/electronics/overview/4020/detail/51433,https://image.ajd.kr/PRODUCT_CODE/45644dc6-9d4d-4806-96c5-6b8ec38924d1,"[""냉수"",""온수"",""정수""]",6,,9,,39,"{""totalScore"":85.6,""reviewCount"":9,""textBadges"":[""위생기능 50위""],""specifications"":{""제품유형"":""데스크형"",""정수타입"":""직수형"",""필터종류"":""중공사막"",""필터개수"":""2개"",""편의기능"":""9개"",""살균부위"":""직수관, 코크"",""직수관 재질"":""스테인리스"",""분리세척"":""O"",""정량출수"":""O"",""온수온도조절"":""O""},""scoreBreakdown"":{""정수성능"":84,""위생관리"":84,""편의기능"":100,""렌탈료"":80},""detailSn"":51433,""lowerCategorySn"":4020,""detailAverageScore"":87.7,""recommendLabel"":null}"
ajd,2026-03-27T05:00:16.167Z,https://www.ajd.co.kr/electronics/overview/2010-4020/ranking?tab=1,ajd:CP-ACSR1620SW,쿠쿠,쿠쿠 대용량 지하수 얼음정수기 10L (얼음냉온정/스탠드형),CP-ACSR1620SW,https://www.ajd.co.kr/electronics/overview/4020/detail/43116,https://image.ajd.kr/PRODUCT_CODE/d7622dfd-2d13-4226-a7df-761d5d900107,"[""냉수"",""온수"",""정수"",""얼음""]",2,,1,,40,"{""totalScore"":85.5,""reviewCount"":1,""textBadges"":[""위생기능 30위""],""specifications"":{""제품유형"":""스탠드형"",""정수타입"":""저수조형"",""필터종류"":""역삼투압(RO)필터, 나노필터"",""필터개수"":""4개"",""편의기능"":""9개"",""살균부위"":""직수관, 얼음저장고, 코크"",""저수조 재질"":""-"",""분리세척"":""X"",""정량출수"":""O"",""온수온도조절"":""X""},""scoreBreakdown"":{""정수성능"":97,""위생관리"":84,""편의기능"":100,""렌탈료"":60},""detailSn"":43116,""lowerCategorySn"":4020,""detailAverageScore"":85.5,""recommendLabel"":null}"
ajd,2026-03-27T05:00:16.167Z,https://www.ajd.co.kr/electronics/overview/2010-4020/ranking?tab=1,ajd:WQ652NWR,교원웰스,웰스 슈퍼쿨링 직수 정수기 (냉정),WQ652NWR,https://www.ajd.co.kr/electronics/overview/4020/detail/3048,https://image.ajd.kr/PRODUCT_CODE/2c17dafd-4e86-4a9f-8fd6-3c3136500746,"[""냉수"",""정수""]",7,,107,,41,"{""totalScore"":85.5,""reviewCount"":107,""textBadges"":[""위생기능 35위""],""specifications"":{""제품유형"":""데스크형"",""정수타입"":""직수형"",""필터종류"":""나노필터"",""필터개수"":""2개"",""편의기능"":""11개"",""살균부위"":""코크"",""직수관 재질"":""PP"",""분리세척"":""O"",""정량출수"":""O"",""온수온도조절"":""X""},""scoreBreakdown"":{""정수성능"":100,""위생관리"":70,""편의기능"":100,""렌탈료"":80},""detailSn"":3048,""lowerCategorySn"":4020,""detailAverageScore"":87.6,""recommendLabel"":null}"
ajd,2026-03-27T05:00:16.167Z,https://www.ajd.co.kr/electronics/overview/2010-4020/ranking?tab=1,ajd:CP-F603HW/CP-F603HW(S),쿠쿠,쿠쿠 내추럴 워터 냉온정수기 5.2L (하프형),CP-F603HW/CP-F603HW(S),https://www.ajd.co.kr/electronics/overview/4020/detail/2870,https://image.ajd.kr/PRODUCT_CODE/25f25833-391f-436e-806f-16fd5f9403ed,"[""정수"",""냉수"",""온수""]",2,,26,,42,"{""totalScore"":85.4,""reviewCount"":26,""textBadges"":[""위생기능 33위""],""specifications"":{""제품유형"":""데스크형"",""정수타입"":""저수조형"",""필터종류"":""중공사막"",""필터개수"":""4개"",""편의기능"":""4개"",""살균부위"":""코크, 직수관, 저수조"",""저수조 재질"":""스테인리스"",""분리세척"":""O"",""정량출수"":""X"",""온수온도조절"":""X""},""scoreBreakdown"":{""정수성능"":78,""위생관리"":90,""편의기능"":70,""렌탈료"":100},""detailSn"":2870,""lowerCategorySn"":4020,""detailAverageScore"":85.4,""recommendLabel"":null}"
ajd,2026-03-27T05:00:16.167Z,https://www.ajd.co.kr/electronics/overview/2010-4020/ranking?tab=1,ajd:CP-WS601HW,쿠쿠,쿠쿠 인스퓨어 코크살균 냉온정수기 5.2L (하프형),CP-WS601HW,https://www.ajd.co.kr/electronics/overview/4020/detail/2728,https://image.ajd.kr/PRODUCT_CODE/0dea31e9-0b07-4f12-b947-07791121a333,"[""정수"",""냉수"",""온수""]",3,,0,,43,"{""totalScore"":85.3,""reviewCount"":0,""textBadges"":[""위생기능 36위""],""specifications"":{""제품유형"":""데스크형"",""정수타입"":""저수조형"",""필터종류"":""나노필터"",""필터개수"":""4개"",""편의기능"":""4개"",""살균부위"":""코크"",""저수조 재질"":""-"",""분리세척"":""X"",""정량출수"":""X"",""온수온도조절"":""X""},""scoreBreakdown"":{""정수성능"":94,""위생관리"":76,""편의기능"":70,""렌탈료"":100},""detailSn"":2728,""lowerCategorySn"":4020,""detailAverageScore"":85.3,""recommendLabel"":null}"
ajd,2026-03-27T05:00:16.167Z,https://www.ajd.co.kr/electronics/overview/2010-4020/ranking?tab=1,ajd:RWP71110BABM/WM/RM,삼성,삼성 비스포크 메인 파우셋 (정수전용),RWP71110BABM/WM/RM,https://www.ajd.co.kr/electronics/overview/4020/detail/2923,https://image.ajd.kr/PRODUCT_CODE/db4118be-dc8e-4801-be11-d2f69fa5f6bc,"[""정수""]",3,,0,,44,"{""totalScore"":85,""reviewCount"":0,""textBadges"":[""위생기능 48위""],""specifications"":{""제품유형"":""언더싱크"",""정수타입"":""직수형"",""필터종류"":""중공사막"",""필터개수"":""3개"",""편의기능"":""8개"",""살균부위"":""직수관"",""직수관 재질"":""스테인리스"",""분리세척"":""X"",""정량출수"":""O"",""온수온도조절"":""O""},""scoreBreakdown"":{""정수성능"":80.8,""위생관리"":85.2,""편의기능"":86.5,""렌탈료"":90},""detailSn"":2923,""lowerCategorySn"":4020,""detailAverageScore"":85,""recommendLabel"":null}"
ajd,2026-03-27T05:00:16.167Z,https://www.ajd.co.kr/electronics/overview/2010-4020/ranking?tab=1,ajd:CP-F603SW/CP-F603SW(S),쿠쿠,쿠쿠 내추럴 워터 냉온정수기 6.3L (스탠드형),CP-F603SW/CP-F603SW(S),https://www.ajd.co.kr/electronics/overview/4020/detail/2871,https://image.ajd.kr/PRODUCT_CODE/04351dcd-241f-4298-8a42-06f9c65fca52,"[""정수"",""냉수"",""온수""]",2,,19,,45,"{""totalScore"":85,""reviewCount"":19,""textBadges"":[""위생기능 52위""],""specifications"":{""제품유형"":""스탠드형"",""정수타입"":""저수조형"",""필터종류"":""중공사막"",""필터개수"":""3개"",""편의기능"":""5개"",""살균부위"":""코크, 저수조, 직수관"",""저수조 재질"":""스테인리스"",""분리세척"":""O"",""정량출수"":""X"",""온수온도조절"":""X""},""scoreBreakdown"":{""정수성능"":81,""위생관리"":82,""편의기능"":80,""렌탈료"":100},""detailSn"":2871,""lowerCategorySn"":4020,""detailAverageScore"":85,""recommendLabel"":null}"
ajd,2026-03-27T05:00:16.167Z,https://www.ajd.co.kr/electronics/overview/2010-4020/ranking?tab=1,ajd:WP-30C8460N,청호나이스,청호 자가관리 정수기 셀프 (냉정),WP-30C8460N,https://www.ajd.co.kr/electronics/overview/4020/detail/3074,https://image.ajd.kr/PRODUCT_CODE/780930ee-8f13-47e5-b330-403d67bb1b07,"[""정수"",""냉수""]",2,,1,,46,"{""totalScore"":84.6,""reviewCount"":1,""textBadges"":[""위생기능 13위""],""specifications"":{""제품유형"":""데스크형"",""정수타입"":""직수형"",""필터종류"":""나노필터"",""필터개수"":""2개"",""편의기능"":""4개"",""살균부위"":""직수관, 코크, 냉수관"",""직수관 재질"":""PP"",""분리세척"":""O"",""정량출수"":""O"",""온수온도조절"":""X""},""scoreBreakdown"":{""정수성능"":94.5,""위생관리"":89.2,""편의기능"":60,""렌탈료"":80},""detailSn"":3074,""lowerCategorySn"":4020,""detailAverageScore"":84.6,""recommendLabel"":null}"
ajd,2026-03-27T05:00:16.167Z,https://www.ajd.co.kr/electronics/overview/2010-4020/ranking?tab=1,ajd:CP-ACS1610SNW,쿠쿠,쿠쿠 대용량 초고온수 얼음정수기 10L (얼음냉온정/스탠드형),CP-ACS1610SNW,https://www.ajd.co.kr/electronics/overview/4020/detail/3181,https://image.ajd.kr/PRODUCT_CODE/5ae0dd02-5e7b-4b70-9bcf-c459c36b17b4,"[""냉수"",""온수"",""정수"",""얼음""]",2,,0,,47,"{""totalScore"":84,""reviewCount"":0,""textBadges"":[""위생기능 31위""],""specifications"":{""제품유형"":""스탠드형"",""정수타입"":""저수조형"",""필터종류"":""나노필터"",""필터개수"":""3개"",""편의기능"":""7개"",""살균부위"":""코크, 저수조"",""저수조 재질"":""-"",""분리세척"":""X"",""정량출수"":""O"",""온수온도조절"":""X""},""scoreBreakdown"":{""정수성능"":97,""위생관리"":84,""편의기능"":90,""렌탈료"":60},""detailSn"":3181,""lowerCategorySn"":4020,""detailAverageScore"":84,""recommendLabel"":null}"
ajd,2026-03-27T05:00:16.167Z,https://www.ajd.co.kr/electronics/overview/2010-4020/ranking?tab=1,ajd:CP-X501SW,쿠쿠,쿠쿠 인스퓨어 슬림 냉온정수기 2.3L (스탠드형),CP-X501SW,https://www.ajd.co.kr/electronics/overview/4020/detail/2812,https://image.ajd.kr/PRODUCT_CODE/fe051e22-c453-4041-b5aa-1b50fe529e00,"[""정수"",""냉수"",""온수""]",2,,0,,48,"{""totalScore"":84,""reviewCount"":0,""textBadges"":[""위생기능 64위""],""specifications"":{""제품유형"":""스탠드형"",""정수타입"":""저수조형"",""필터종류"":""나노필터"",""필터개수"":""4개"",""편의기능"":""6개"",""살균부위"":""코크, 직수관"",""저수조 재질"":""-"",""분리세척"":""O"",""정량출수"":""X"",""온수온도조절"":""O""},""scoreBreakdown"":{""정수성능"":94,""위생관리"":68,""편의기능"":80,""렌탈료"":100},""detailSn"":2812,""lowerCategorySn"":4020,""detailAverageScore"":84,""recommendLabel"":null}"
ajd,2026-03-27T05:00:16.167Z,https://www.ajd.co.kr/electronics/overview/2010-4020/ranking?tab=1,ajd:CGM-MWPI-2301,세라젬,세라젬 밸런스 이온수기 (냉온정),CGM-MWPI-2301,https://www.ajd.co.kr/electronics/overview/4020/detail/51501,https://image.ajd.kr/PRODUCT_CODE/f7f04705-c211-4338-8484-9c51ab1c084b,"[""냉수"",""온수"",""정수""]",1,,1,,49,"{""totalScore"":83.6,""reviewCount"":1,""textBadges"":[""위생기능 34위""],""specifications"":{""제품유형"":""데스크형"",""정수타입"":""직수형"",""필터종류"":""나노필터"",""필터개수"":""2개"",""편의기능"":""9개"",""살균부위"":""직수관, 코크"",""직수관 재질"":""PP"",""분리세척"":""X"",""정량출수"":""O"",""온수온도조절"":""O""},""scoreBreakdown"":{""정수성능"":100,""위생관리"":76,""편의기능"":100,""렌탈료"":60},""detailSn"":51501,""lowerCategorySn"":4020,""detailAverageScore"":85.7,""recommendLabel"":""★식약처 특허 알칼리 이온수기★""}"
ajd,2026-03-27T05:00:16.167Z,https://www.ajd.co.kr/electronics/overview/2010-4020/ranking?tab=1,ajd:HQPM11C(냉온정),현대큐밍,현대큐밍 더슬림 마이핏 정수기 (냉온정),HQPM11C(냉온정),https://www.ajd.co.kr/electronics/overview/4020/detail/2706,https://image.ajd.kr/PRODUCT_CODE/186f13f7-2aa0-4818-b079-08f327af9c7d,"[""정수"",""냉수"",""온수""]",9,,13,,50,"{""totalScore"":83.4,""reviewCount"":13,""textBadges"":[""위생기능 78위""],""specifications"":{""제품유형"":""데스크형"",""정수타입"":""직수형"",""필터종류"":""나노필터"",""필터개수"":""2개"",""편의기능"":""10개"",""살균부위"":""코크"",""직수관 재질"":""PP"",""분리세척"":""O"",""정량출수"":""O"",""온수온도조절"":""O""},""scoreBreakdown"":{""정수성능"":100,""위생관리"":64,""편의기능"":100,""렌탈료"":80},""detailSn"":2706,""lowerCategorySn"":4020,""detailAverageScore"":83.4,""recommendLabel"":null}"
ajd,2026-03-27T05:00:16.167Z,https://www.ajd.co.kr/electronics/overview/2010-4020/ranking?tab=1,ajd:P-B30CW,현대큐밍,현대큐밍 더퓨어 베이직 냉온정수기 4.25L (카운터),P-B30CW,https://www.ajd.co.kr/electronics/overview/4020/detail/2851,https://image.ajd.kr/PRODUCT_CODE/35d6cb5f-73b8-448b-a214-d1b2b3c01858,"[""냉수"",""온수"",""정수""]",3,,35,,51,"{""totalScore"":83.3,""reviewCount"":35,""textBadges"":[""저수조형 11위""],""specifications"":{""제품유형"":""데스크형"",""정수타입"":""저수조형"",""필터종류"":""나노필터"",""필터개수"":""4개"",""편의기능"":""5개"",""살균부위"":""-"",""저수조 재질"":""스테인리스"",""분리세척"":""O"",""정량출수"":""X"",""온수온도조절"":""X""},""scoreBreakdown"":{""정수성능"":94,""위생관리"":66,""편의기능"":80,""렌탈료"":100},""detailSn"":2851,""lowerCategorySn"":4020,""detailAverageScore"":83.3,""recommendLabel"":null}"
ajd,2026-03-27T05:00:16.167Z,https://www.ajd.co.kr/electronics/overview/2010-4020/ranking?tab=1,ajd:P-B30SW,현대큐밍,현대큐밍 더퓨어 베이직 냉온정수기 4.25L (스탠드),P-B30SW,https://www.ajd.co.kr/electronics/overview/4020/detail/2843,https://image.ajd.kr/PRODUCT_CODE/b50c7d13-c567-4187-91cd-07f9414185d1,"[""냉수"",""온수"",""정수""]",3,,22,,52,"{""totalScore"":83.3,""reviewCount"":22,""textBadges"":[""저수조형 12위""],""specifications"":{""제품유형"":""스탠드형"",""정수타입"":""저수조형"",""필터종류"":""나노필터"",""필터개수"":""4개"",""편의기능"":""5개"",""살균부위"":""-"",""저수조 재질"":""스테인리스"",""분리세척"":""O"",""정량출수"":""X"",""온수온도조절"":""X""},""scoreBreakdown"":{""정수성능"":94,""위생관리"":66,""편의기능"":80,""렌탈료"":100},""detailSn"":2843,""lowerCategorySn"":4020,""detailAverageScore"":83.3,""recommendLabel"":null}"
ajd,2026-03-27T05:00:16.167Z,https://www.ajd.co.kr/electronics/overview/2010-4020/ranking?tab=1,ajd:WD520VC,LG전자,LG 퓨리케어 25년형 오브제컬렉션 맞춤 lite 냉온정수기 (냉온정),WD520VC,https://www.ajd.co.kr/electronics/overview/4020/detail/51505,https://image.ajd.kr/PRODUCT_CODE/8cd1cfc5-2ec4-4607-b54c-ad3d8cbba199,"[""냉수"",""온수"",""정수""]",4,,21,,53,"{""totalScore"":83.3,""reviewCount"":21,""textBadges"":[""위생기능 71위""],""specifications"":{""제품유형"":""데스크형"",""정수타입"":""직수형"",""필터종류"":""중공사막"",""필터개수"":""2개"",""편의기능"":""11개"",""살균부위"":""코크, 직수관"",""직수관 재질"":""스테인리스"",""분리세척"":""X"",""정량출수"":""O"",""온수온도조절"":""O""},""scoreBreakdown"":{""정수성능"":81,""위생관리"":80,""편의기능"":100,""렌탈료"":80},""detailSn"":51505,""lowerCategorySn"":4020,""detailAverageScore"":85.4,""recommendLabel"":null}"
ajd,2026-03-27T05:00:16.167Z,https://www.ajd.co.kr/electronics/overview/2010-4020/ranking?tab=1,ajd:WHP-3020,루헨스,루헨스 마이셀프 직수형 냉온정수기,WHP-3020,https://www.ajd.co.kr/electronics/overview/4020/detail/3114,https://image.ajd.kr/PRODUCT_CODE/97323a14-2c42-419f-aa0f-6e71a6666369,"[""냉수"",""정수""]",6,,0,,54,"{""totalScore"":83,""reviewCount"":0,""textBadges"":[""위생기능 62위""],""specifications"":{""제품유형"":""데스크형"",""정수타입"":""직수형"",""필터종류"":""나노필터"",""필터개수"":""2개"",""편의기능"":""6개"",""살균부위"":""코크"",""직수관 재질"":""PP"",""분리세척"":""O"",""정량출수"":""O"",""온수온도조절"":""X""},""scoreBreakdown"":{""정수성능"":99,""위생관리"":68,""편의기능"":90,""렌탈료"":80},""detailSn"":3114,""lowerCategorySn"":4020,""detailAverageScore"":83,""recommendLabel"":null}"
ajd,2026-03-27T05:00:16.167Z,https://www.ajd.co.kr/electronics/overview/2010-4020/ranking?tab=1,ajd:RWP71411BABM/WM/RM,삼성,삼성 비스포크 냉온정수기 메인파우셋,RWP71411BABM/WM/RM,https://www.ajd.co.kr/electronics/overview/4020/detail/2927,https://image.ajd.kr/PRODUCT_CODE/080977ab-9e5c-44bc-9b28-36213804a616,"[""냉수"",""온수"",""정수""]",5,,0,,55,"{""totalScore"":83,""reviewCount"":0,""textBadges"":[""위생기능 54위""],""specifications"":{""제품유형"":""언더싱크"",""정수타입"":""직수형"",""필터종류"":""중공사막"",""필터개수"":""3개"",""편의기능"":""8개"",""살균부위"":""직수관"",""직수관 재질"":""스테인리스"",""분리세척"":""X"",""정량출수"":""O"",""온수온도조절"":""O""},""scoreBreakdown"":{""정수성능"":80.8,""위생관리"":85.2,""편의기능"":86.5,""렌탈료"":80},""detailSn"":2927,""lowerCategorySn"":4020,""detailAverageScore"":83,""recommendLabel"":null}"
ajd,2026-03-27T05:00:16.167Z,https://www.ajd.co.kr/electronics/overview/2010-4020/ranking?tab=1,ajd:WP-60C90511M,청호나이스,청호나이스 아이스트리 플리 8.17L (냉온정),WP-60C90511M,https://www.ajd.co.kr/electronics/overview/4020/detail/43735,https://image.ajd.kr/PRODUCT_CODE/8f3b53d8-8c7b-46b4-aa60-b556e61305aa,"[""냉수"",""온수"",""정수""]",4,,7,,56,"{""totalScore"":82.9,""reviewCount"":7,""textBadges"":[""위생기능 82위""],""specifications"":{""제품유형"":""데스크형"",""정수타입"":""저수조형"",""필터종류"":""역삼투압(RO)필터"",""필터개수"":""3개"",""편의기능"":""9개"",""살균부위"":""냉수관"",""저수조 재질"":""PP"",""분리세척"":""O"",""정량출수"":""O"",""온수온도조절"":""X""},""scoreBreakdown"":{""정수성능"":96,""위생관리"":66,""편의기능"":100,""렌탈료"":80},""detailSn"":43735,""lowerCategorySn"":4020,""detailAverageScore"":82.9,""recommendLabel"":null}"
ajd,2026-03-27T05:00:16.167Z,https://www.ajd.co.kr/electronics/overview/2010-4020/ranking?tab=1,ajd:WHP-3030,루헨스,루헨스 마이셀프 직수형 냉정수기,WHP-3030,https://www.ajd.co.kr/electronics/overview/4020/detail/3064,https://image.ajd.kr/PRODUCT_CODE/bcd2590a-1535-4c03-8d39-171426ced1ba,"[""정수"",""냉수""]",6,,0,,57,"{""totalScore"":82.8,""reviewCount"":0,""textBadges"":[""위생기능 65위""],""specifications"":{""제품유형"":""데스크형"",""정수타입"":""직수형"",""필터종류"":""나노필터"",""필터개수"":""2개"",""편의기능"":""7개"",""살균부위"":""코크"",""직수관 재질"":""PP"",""분리세척"":""O"",""정량출수"":""O"",""온수온도조절"":""X""},""scoreBreakdown"":{""정수성능"":92.4,""위생관리"":72.5,""편의기능"":91.5,""렌탈료"":80},""detailSn"":3064,""lowerCategorySn"":4020,""detailAverageScore"":82.8,""recommendLabel"":null}"
ajd,2026-03-27T05:00:16.167Z,https://www.ajd.co.kr/electronics/overview/2010-4020/ranking?tab=1,ajd:WHP-3300,루헨스,루헨스 더 프레임 셀프 직수 정수기,WHP-3300,https://www.ajd.co.kr/electronics/overview/4020/detail/43437,https://image.ajd.kr/PRODUCT_CODE/657a2cbe-cc7d-40f2-96e2-491896686026,"[""냉수"",""온수"",""정수""]",4,,0,,58,"{""totalScore"":82.7,""reviewCount"":0,""textBadges"":[""위생기능 88위""],""specifications"":{""제품유형"":""데스크형"",""정수타입"":""직수형"",""필터종류"":""나노필터"",""필터개수"":""2개"",""편의기능"":""10개"",""살균부위"":""코크"",""직수관 재질"":""-"",""분리세척"":""O"",""정량출수"":""O"",""온수온도조절"":""O""},""scoreBreakdown"":{""정수성능"":100,""위생관리"":62,""편의기능"":100,""렌탈료"":80},""detailSn"":43437,""lowerCategorySn"":4020,""detailAverageScore"":82.7,""recommendLabel"":null}"
ajd,2026-03-27T05:00:16.167Z,https://www.ajd.co.kr/electronics/overview/2010-4020/ranking?tab=1,ajd:EW-BS351,세스코,세스코 스마트핏 냉온정수기 THE슬림 4.5L (스탠드),EW-BS351,https://www.ajd.co.kr/electronics/overview/4020/detail/2697,https://image.ajd.kr/PRODUCT_CODE/24824951-bd0c-4349-8df0-519862805ac8,"[""온수"",""냉수"",""정수""]",2,,1,,59,"{""totalScore"":82.6,""reviewCount"":1,""textBadges"":[""위생기능 80위""],""specifications"":{""제품유형"":""스탠드형"",""정수타입"":""저수조형"",""필터종류"":""나노필터"",""필터개수"":""4개"",""편의기능"":""4개"",""살균부위"":""-"",""저수조 재질"":""스테인리스"",""분리세척"":""O"",""정량출수"":""X"",""온수온도조절"":""X""},""scoreBreakdown"":{""정수성능"":94,""위생관리"":64,""편의기능"":80,""렌탈료"":100},""detailSn"":2697,""lowerCategorySn"":4020,""detailAverageScore"":82.6,""recommendLabel"":null}"
ajd,2026-03-27T05:00:16.167Z,https://www.ajd.co.kr/electronics/overview/2010-4020/ranking?tab=1,ajd:CP-AE501HW,쿠쿠,쿠쿠 인스퓨어 정수기 하프형 2.3L (냉온정),CP-AE501HW,https://www.ajd.co.kr/electronics/overview/4020/detail/2664,https://image.ajd.kr/PRODUCT_CODE/2645a392-88c7-47bd-8f6f-fb5c76a56c59,"[""냉수"",""온수"",""정수""]",2,,0,,60,"{""totalScore"":82.6,""reviewCount"":0,""textBadges"":[""위생기능 81위""],""specifications"":{""제품유형"":""데스크형"",""정수타입"":""저수조형"",""필터종류"":""나노필터"",""필터개수"":""4개"",""편의기능"":""4개"",""살균부위"":""-"",""저수조 재질"":""스테인리스"",""분리세척"":""X"",""정량출수"":""X"",""온수온도조절"":""X""},""scoreBreakdown"":{""정수성능"":94,""위생관리"":64,""편의기능"":80,""렌탈료"":100},""detailSn"":2664,""lowerCategorySn"":4020,""detailAverageScore"":82.6,""recommendLabel"":null}"
ajd,2026-03-27T05:00:16.167Z,https://www.ajd.co.kr/electronics/overview/2010-4020/ranking?tab=1,ajd:EW-200,세스코,세스코 스마트핏 직수 냉온정수기,EW-200,https://www.ajd.co.kr/electronics/overview/4020/detail/2744,https://image.ajd.kr/PRODUCT_CODE/879ebb18-a59b-4105-b74a-057718f08d32,"[""정수"",""냉수"",""온수""]",4,,1,,61,"{""totalScore"":82.4,""reviewCount"":1,""textBadges"":[""위생기능 94위""],""specifications"":{""제품유형"":""데스크형"",""정수타입"":""직수형"",""필터종류"":""나노필터"",""필터개수"":""2개"",""편의기능"":""9개"",""살균부위"":""코크"",""직수관 재질"":""PP"",""분리세척"":""O"",""정량출수"":""O"",""온수온도조절"":""O""},""scoreBreakdown"":{""정수성능"":99,""위생관리"":62,""편의기능"":100,""렌탈료"":80},""detailSn"":2744,""lowerCategorySn"":4020,""detailAverageScore"":82.4,""recommendLabel"":null}"
ajd,2026-03-27T05:00:16.167Z,https://www.ajd.co.kr/electronics/overview/2010-4020/ranking?tab=1,ajd:EWBD151,세스코,세스코 살균온 5중안심 정수기 (냉온정),EWBD151,https://www.ajd.co.kr/electronics/overview/4020/detail/43531,https://image.ajd.kr/PRODUCT_CODE/adb74616-ebee-482d-af64-5b9a293fca91,"[""냉수"",""온수"",""정수""]",4,,7,,62,"{""totalScore"":82.3,""reviewCount"":7,""textBadges"":[""위생기능 3위""],""specifications"":{""제품유형"":""데스크형"",""정수타입"":""직수형"",""필터종류"":""나노필터"",""필터개수"":""2개"",""편의기능"":""10개"",""살균부위"":""코크, 직수관, 냉수관"",""직수관 재질"":""PP"",""분리세척"":""O"",""정량출수"":""O"",""온수온도조절"":""O""},""scoreBreakdown"":{""정수성능"":80,""위생관리"":78,""편의기능"":100,""렌탈료"":80},""detailSn"":43531,""lowerCategorySn"":4020,""detailAverageScore"":82.3,""recommendLabel"":null}"
ajd,2026-03-27T05:00:16.167Z,https://www.ajd.co.kr/electronics/overview/2010-4020/ranking?tab=1,ajd:RWP54421BF6M/RWP54421BF7M/RWP54421BF8M,삼성,삼성 비스포크 정수기 냉온정 일체형,RWP54421BF6M/RWP54421BF7M/RWP54421BF8M,https://www.ajd.co.kr/electronics/overview/4020/detail/2921,https://image.ajd.kr/PRODUCT_CODE/fe356062-8857-49fc-8a47-7ccd7fbaaeca,"[""정수"",""냉수"",""온수""]",3,,0,,63,"{""totalScore"":82.3,""reviewCount"":0,""textBadges"":[""위생기능 60위""],""specifications"":{""제품유형"":""언더싱크"",""정수타입"":""직수형"",""필터종류"":""중공사막"",""필터개수"":""2개"",""편의기능"":""8개"",""살균부위"":""직수관"",""직수관 재질"":""스테인리스"",""분리세척"":""X"",""정량출수"":""O"",""온수온도조절"":""O""},""scoreBreakdown"":{""정수성능"":78.5,""위생관리"":85.2,""편의기능"":86.5,""렌탈료"":80},""detailSn"":2921,""lowerCategorySn"":4020,""detailAverageScore"":82.3,""recommendLabel"":null}"
ajd,2026-03-27T05:00:16.167Z,https://www.ajd.co.kr/electronics/overview/2010-4020/ranking?tab=1,ajd:EWBD351,세스코,세스코 스마트핏 냉온정수기 THE슬림 4.5L (카운터),EWBD351,https://www.ajd.co.kr/electronics/overview/4020/detail/2698,https://image.ajd.kr/PRODUCT_CODE/4a250fcf-a8af-4f5a-826c-b761fc567890,"[""냉수"",""온수"",""정수""]",2,,1,,64,"{""totalScore"":82.3,""reviewCount"":1,""textBadges"":[""위생기능 87위""],""specifications"":{""제품유형"":""데스크형"",""정수타입"":""저수조형"",""필터종류"":""나노필터"",""필터개수"":""4개"",""편의기능"":""4개"",""살균부위"":""-"",""저수조 재질"":""스테인리스"",""분리세척"":""O"",""정량출수"":""X"",""온수온도조절"":""X""},""scoreBreakdown"":{""정수성능"":93,""위생관리"":64,""편의기능"":80,""렌탈료"":100},""detailSn"":2698,""lowerCategorySn"":4020,""detailAverageScore"":82.3,""recommendLabel"":null}"
ajd,2026-03-27T05:00:16.167Z,https://www.ajd.co.kr/electronics/overview/2010-4020/ranking?tab=1,ajd:WP-60C80511M,청호나이스,청호나이스 아이스트리 플리 정수기 7.6L (냉정),WP-60C80511M,https://www.ajd.co.kr/electronics/overview/4020/detail/43751,https://image.ajd.kr/PRODUCT_CODE/780b25d7-81b2-40ec-a536-6bf4ec27ddfa,"[""냉수"",""정수""]",4,,0,,65,"{""totalScore"":82.2,""reviewCount"":0,""textBadges"":[""위생기능 99위""],""specifications"":{""제품유형"":""데스크형"",""정수타입"":""저수조형"",""필터종류"":""역삼투압(RO)필터"",""필터개수"":""3개"",""편의기능"":""9개"",""살균부위"":""냉수관"",""저수조 재질"":""PP"",""분리세척"":""O"",""정량출수"":""O"",""온수온도조절"":""X""},""scoreBreakdown"":{""정수성능"":96,""위생관리"":64,""편의기능"":100,""렌탈료"":80},""detailSn"":43751,""lowerCategorySn"":4020,""detailAverageScore"":82.2,""recommendLabel"":null}"
ajd,2026-03-27T05:00:16.167Z,https://www.ajd.co.kr/electronics/overview/2010-4020/ranking?tab=1,ajd:WHP-2500,루헨스,루헨스 얼음냉온정수기 아이스케어,WHP-2500,https://www.ajd.co.kr/electronics/overview/4020/detail/3200,https://image.ajd.kr/PRODUCT_CODE/6c8069aa-4360-4dd3-bd94-6668282b2479,"[""정수"",""냉수"",""온수"",""얼음""]",3,,1,,66,"{""totalScore"":82.2,""reviewCount"":1,""textBadges"":[""위생기능 45위""],""specifications"":{""제품유형"":""데스크형"",""정수타입"":""직수형"",""필터종류"":""나노필터"",""필터개수"":""3개"",""편의기능"":""6개"",""살균부위"":""직수관, 냉수관"",""직수관 재질"":""PP"",""분리세척"":""X"",""정량출수"":""O"",""온수온도조절"":""O""},""scoreBreakdown"":{""정수성능"":95.9,""위생관리"":78.5,""편의기능"":86.5,""렌탈료"":65},""detailSn"":3200,""lowerCategorySn"":4020,""detailAverageScore"":82.2,""recommendLabel"":null}"
ajd,2026-03-27T05:00:16.167Z,https://www.ajd.co.kr/electronics/overview/2010-4020/ranking?tab=1,ajd:EWDD951,세스코,세스코 살균온 얼음 냉온정수기,EWDD951,https://www.ajd.co.kr/electronics/overview/4020/detail/43532,https://image.ajd.kr/PRODUCT_CODE/eec37118-a20d-40a1-9c7f-ffc8d9a4ae1d,"[""냉수"",""온수"",""정수"",""얼음""]",2,,0,,67,"{""totalScore"":82.2,""reviewCount"":0,""textBadges"":[""위생기능 44위""],""specifications"":{""제품유형"":""데스크형"",""정수타입"":""직수형"",""필터종류"":""나노필터"",""필터개수"":""3개"",""편의기능"":""7개"",""살균부위"":""얼음저장고, 코크"",""직수관 재질"":""PP"",""분리세척"":""O"",""정량출수"":""O"",""온수온도조절"":""O""},""scoreBreakdown"":{""정수성능"":95.9,""위생관리"":78.5,""편의기능"":86.5,""렌탈료"":65},""detailSn"":43532,""lowerCategorySn"":4020,""detailAverageScore"":82.2,""recommendLabel"":null}"
ajd,2026-03-27T05:00:16.167Z,https://www.ajd.co.kr/electronics/overview/2010-4020/ranking?tab=1,ajd:HQ-P1931SS/P-P32SS,현대큐밍,현대큐밍 더퓨어 플러스 살균 냉온정수기 4.8L (스탠드),HQ-P1931SS/P-P32SS,https://www.ajd.co.kr/electronics/overview/4020/detail/2764,https://image.ajd.kr/PRODUCT_CODE/6b95f9da-c2f3-4c88-aa87-30ddd7249dce,"[""냉수"",""온수"",""정수""]",3,,0,,68,"{""totalScore"":82.1,""reviewCount"":0,""textBadges"":[""위생기능 56위""],""specifications"":{""제품유형"":""스탠드형"",""정수타입"":""저수조형"",""필터종류"":""나노필터"",""필터개수"":""4개"",""편의기능"":""6개"",""살균부위"":""저수조, 코크"",""저수조 재질"":""스테인리스"",""분리세척"":""O"",""정량출수"":""X"",""온수온도조절"":""X""},""scoreBreakdown"":{""정수성능"":94,""위생관리"":74,""편의기능"":80,""렌탈료"":80},""detailSn"":2764,""lowerCategorySn"":4020,""detailAverageScore"":82.1,""recommendLabel"":null}"
ajd,2026-03-27T05:00:16.167Z,https://www.ajd.co.kr/electronics/overview/2010-4020/ranking?tab=1,ajd:CP-WS601SW,쿠쿠,쿠쿠 인스퓨어 코크살균 냉온정수기 6.3L (스탠드형),CP-WS601SW,https://www.ajd.co.kr/electronics/overview/4020/detail/2727,https://image.ajd.kr/PRODUCT_CODE/9cb32ac8-5d48-4194-9d89-79e7eda2e682,"[""정수"",""냉수"",""온수""]",3,,1,,69,"{""totalScore"":82.1,""reviewCount"":1,""textBadges"":[""위생기능 70위""],""specifications"":{""제품유형"":""스탠드형"",""정수타입"":""저수조형"",""필터종류"":""나노필터"",""필터개수"":""3개"",""편의기능"":""5개"",""살균부위"":""코크"",""저수조 재질"":""-"",""분리세척"":""X"",""정량출수"":""X"",""온수온도조절"":""X""},""scoreBreakdown"":{""정수성능"":96,""위생관리"":68,""편의기능"":90,""렌탈료"":80},""detailSn"":2727,""lowerCategorySn"":4020,""detailAverageScore"":82.1,""recommendLabel"":null}"
ajd,2026-03-27T05:00:16.167Z,https://www.ajd.co.kr/electronics/overview/2010-4020/ranking?tab=1,ajd:WP-30S50010N,청호나이스,청호나이스 스탠드 정수기 ANNIE 3.5L (냉온정),WP-30S50010N,https://www.ajd.co.kr/electronics/overview/4020/detail/2707,https://image.ajd.kr/PRODUCT_CODE/7f70e6a0-7016-4a60-b4fe-ad5952211d21,"[""냉수"",""정수"",""온수""]",2,,2,,70,"{""totalScore"":82,""reviewCount"":2,""textBadges"":[""위생기능 67위""],""specifications"":{""제품유형"":""스탠드형"",""정수타입"":""저수조형"",""필터종류"":""나노필터"",""필터개수"":""3개"",""편의기능"":""4개"",""살균부위"":""-"",""저수조 재질"":""스테인리스"",""분리세척"":""X"",""정량출수"":""X"",""온수온도조절"":""X""},""scoreBreakdown"":{""정수성능"":97,""위생관리"":64,""편의기능"":70,""렌탈료"":100},""detailSn"":2707,""lowerCategorySn"":4020,""detailAverageScore"":82,""recommendLabel"":null}"
ajd,2026-03-27T05:00:16.167Z,https://www.ajd.co.kr/electronics/overview/2010-4020/ranking?tab=1,ajd:WI-60C90511M,청호나이스,청호나이스 아이스트리 플리 얼음정수기 4.37L (얼음냉온정),WI-60C90511M,https://www.ajd.co.kr/electronics/overview/4020/detail/43067,https://image.ajd.kr/PRODUCT_CODE/3efd8c8a-f7a2-4c0f-a635-430b81fcfbb8,"[""냉수"",""온수"",""정수"",""얼음""]",4,,17,,71,"{""totalScore"":81.8,""reviewCount"":17,""textBadges"":[""위생기능 66위""],""specifications"":{""제품유형"":""데스크형"",""정수타입"":""저수조형"",""필터종류"":""역삼투압(RO)필터"",""필터개수"":""3개"",""편의기능"":""9개"",""살균부위"":""냉수관"",""저수조 재질"":""PP"",""분리세척"":""O"",""정량출수"":""O"",""온수온도조절"":""X""},""scoreBreakdown"":{""정수성능"":95.9,""위생관리"":72.5,""편의기능"":98,""렌탈료"":65},""detailSn"":43067,""lowerCategorySn"":4020,""detailAverageScore"":81.8,""recommendLabel"":null}"
ajd,2026-03-27T05:00:16.167Z,https://www.ajd.co.kr/electronics/overview/2010-4020/ranking?tab=1,ajd:HQP1931CS0/P-P32CS,현대큐밍,현대큐밍 더퓨어 플러스 살균 냉온정수기 4.4L (카운터),HQP1931CS0/P-P32CS,https://www.ajd.co.kr/electronics/overview/4020/detail/2832,https://image.ajd.kr/PRODUCT_CODE/749c66ef-ff78-4bfb-a477-ce947136d9a9,"[""냉수"",""온수"",""정수""]",3,,1,,72,"{""totalScore"":81.8,""reviewCount"":1,""textBadges"":[""위생기능 58위""],""specifications"":{""제품유형"":""데스크형"",""정수타입"":""저수조형"",""필터종류"":""나노필터"",""필터개수"":""4개"",""편의기능"":""5개"",""살균부위"":""저수조, 코크"",""저수조 재질"":""스테인리스"",""분리세척"":""O"",""정량출수"":""X"",""온수온도조절"":""X""},""scoreBreakdown"":{""정수성능"":93,""위생관리"":74,""편의기능"":80,""렌탈료"":80},""detailSn"":2832,""lowerCategorySn"":4020,""detailAverageScore"":81.8,""recommendLabel"":null}"
ajd,2026-03-27T05:00:16.167Z,https://www.ajd.co.kr/electronics/overview/2010-4020/ranking?tab=1,ajd:WHP-4200,루헨스,루헨스 냉온정수기 스탠드형 3.5L,WHP-4200,https://www.ajd.co.kr/electronics/overview/4020/detail/43438,https://image.ajd.kr/PRODUCT_CODE/043592db-3933-4b63-ab71-0cc0ed0f28e0,"[""냉수"",""온수"",""정수""]",3,,0,,73,"{""totalScore"":81.7,""reviewCount"":0,""textBadges"":[""위생기능 73위""],""specifications"":{""제품유형"":""스탠드형"",""정수타입"":""저수조형"",""필터종류"":""나노필터"",""필터개수"":""4개"",""편의기능"":""5개"",""살균부위"":""-"",""저수조 재질"":""스테인리스"",""분리세척"":""O"",""정량출수"":""X"",""온수온도조절"":""X""},""scoreBreakdown"":{""정수성능"":96.7,""위생관리"":65,""편의기능"":80,""렌탈료"":90},""detailSn"":43438,""lowerCategorySn"":4020,""detailAverageScore"":81.7,""recommendLabel"":null}"
ajd,2026-03-27T05:00:16.167Z,https://www.ajd.co.kr/electronics/overview/2010-4020/ranking?tab=1,ajd:WHP-1810S,루헨스,루헨스 냉온정수기 하프형 3.2L,WHP-1810S,https://www.ajd.co.kr/electronics/overview/4020/detail/2803,https://image.ajd.kr/PRODUCT_CODE/367fe72c-70f5-4c36-a3fa-a6e71e42542d,"[""정수"",""냉수"",""온수""]",3,,1,,74,"{""totalScore"":81.7,""reviewCount"":1,""textBadges"":[""위생기능 74위""],""specifications"":{""제품유형"":""데스크형"",""정수타입"":""저수조형"",""필터종류"":""나노필터"",""필터개수"":""4개"",""편의기능"":""6개"",""살균부위"":""-"",""저수조 재질"":""스테인리스"",""분리세척"":""O"",""정량출수"":""X"",""온수온도조절"":""X""},""scoreBreakdown"":{""정수성능"":96.7,""위생관리"":65,""편의기능"":80,""렌탈료"":90},""detailSn"":2803,""lowerCategorySn"":4020,""detailAverageScore"":81.7,""recommendLabel"":null}"
ajd,2026-03-27T05:00:16.167Z,https://www.ajd.co.kr/electronics/overview/2010-4020/ranking?tab=1,ajd:WHP-1810,루헨스,루헨스 냉온정수기 스탠드형 3.5L,WHP-1810,https://www.ajd.co.kr/electronics/overview/4020/detail/2802,https://image.ajd.kr/PRODUCT_CODE/2ce11ae9-37e4-4ef7-98e7-9f36b79ff4b3,"[""냉수"",""온수"",""정수""]",3,,0,,75,"{""totalScore"":81.7,""reviewCount"":0,""textBadges"":[""위생기능 75위""],""specifications"":{""제품유형"":""스탠드형"",""정수타입"":""저수조형"",""필터종류"":""나노필터"",""필터개수"":""4개"",""편의기능"":""5개"",""살균부위"":""-"",""저수조 재질"":""스테인리스"",""분리세척"":""O"",""정량출수"":""X"",""온수온도조절"":""X""},""scoreBreakdown"":{""정수성능"":96.7,""위생관리"":65,""편의기능"":80,""렌탈료"":90},""detailSn"":2802,""lowerCategorySn"":4020,""detailAverageScore"":81.7,""recommendLabel"":null}"
ajd,2026-03-27T05:00:16.167Z,https://www.ajd.co.kr/electronics/overview/2010-4020/ranking?tab=1,ajd:WHP-2000,루헨스,루헨스 나노팩트 냉온정수기 스탠드형 3.5L,WHP-2000,https://www.ajd.co.kr/electronics/overview/4020/detail/2799,https://image.ajd.kr/PRODUCT_CODE/5b612075-0f1d-458a-aea9-9745c17e4219,"[""냉수"",""온수"",""정수""]",3,,1,,76,"{""totalScore"":81.7,""reviewCount"":1,""textBadges"":[""위생기능 76위""],""specifications"":{""제품유형"":""데스크형"",""정수타입"":""저수조형"",""필터종류"":""나노필터"",""필터개수"":""4개"",""편의기능"":""6개"",""살균부위"":""-"",""저수조 재질"":""스테인리스"",""분리세척"":""O"",""정량출수"":""X"",""온수온도조절"":""X""},""scoreBreakdown"":{""정수성능"":96.7,""위생관리"":65,""편의기능"":80,""렌탈료"":90},""detailSn"":2799,""lowerCategorySn"":4020,""detailAverageScore"":81.7,""recommendLabel"":null}"
ajd,2026-03-27T05:00:16.167Z,https://www.ajd.co.kr/electronics/overview/2010-4020/ranking?tab=1,ajd:WHP-2000S,루헨스,루헨스 나노팩트 냉온정수기 하프형 3.1L,WHP-2000S,https://www.ajd.co.kr/electronics/overview/4020/detail/2796,https://image.ajd.kr/PRODUCT_CODE/555ee020-3027-4df8-8ddd-c7682ebf9efb,"[""정수"",""냉수"",""온수""]",3,,0,,77,"{""totalScore"":81.7,""reviewCount"":0,""textBadges"":[""위생기능 77위""],""specifications"":{""제품유형"":""데스크형"",""정수타입"":""저수조형"",""필터종류"":""나노필터"",""필터개수"":""4개"",""편의기능"":""6개"",""살균부위"":""-"",""저수조 재질"":""스테인리스"",""분리세척"":""O"",""정량출수"":""X"",""온수온도조절"":""X""},""scoreBreakdown"":{""정수성능"":96.7,""위생관리"":65,""편의기능"":80,""렌탈료"":90},""detailSn"":2796,""lowerCategorySn"":4020,""detailAverageScore"":81.7,""recommendLabel"":null}"
ajd,2026-03-27T05:00:16.167Z,https://www.ajd.co.kr/electronics/overview/2010-4020/ranking?tab=1,ajd:CP-U011,쿠쿠,쿠쿠 직수 정수기 (정수),CP-U011,https://www.ajd.co.kr/electronics/overview/4020/detail/3243,https://image.ajd.kr/PRODUCT_CODE/30b11db2-435e-4067-8080-a095935b307a,"[""정수""]",6,,3,,78,"{""totalScore"":81.5,""reviewCount"":3,""textBadges"":[""위생기능 105위""],""specifications"":{""제품유형"":""데스크형"",""정수타입"":""직수형"",""필터종류"":""나노필터"",""필터개수"":""3개"",""편의기능"":""5개"",""살균부위"":""-"",""직수관 재질"":""-"",""분리세척"":""X"",""정량출수"":""X"",""온수온도조절"":""X""},""scoreBreakdown"":{""정수성능"":95,""위생관리"":60,""편의기능"":80,""렌탈료"":100},""detailSn"":3243,""lowerCategorySn"":4020,""detailAverageScore"":81.5,""recommendLabel"":null}"
ajd,2026-03-27T05:00:16.167Z,https://www.ajd.co.kr/electronics/overview/2010-4020/ranking?tab=1,ajd:WP610,교원웰스,웰스 미미 직수 무전원 정수기 (정수),WP610,https://www.ajd.co.kr/electronics/overview/4020/detail/3263,https://image.ajd.kr/PRODUCT_CODE/f494d989-3471-49fe-a143-ef82052bbcae,"[""정수""]",6,,37,,79,"{""totalScore"":81.4,""reviewCount"":37,""textBadges"":[""위생기능 59위""],""specifications"":{""제품유형"":""데스크형"",""정수타입"":""직수형"",""필터종류"":""나노필터"",""필터개수"":""2개"",""편의기능"":""3개"",""살균부위"":""-"",""직수관 재질"":""PP"",""분리세척"":""O"",""정량출수"":""X"",""온수온도조절"":""X""},""scoreBreakdown"":{""정수성능"":100,""위생관리"":64,""편의기능"":60,""렌탈료"":100},""detailSn"":3263,""lowerCategorySn"":4020,""detailAverageScore"":81.4,""recommendLabel"":null}"
ajd,2026-03-27T05:00:16.167Z,https://www.ajd.co.kr/electronics/overview/2010-4020/ranking?tab=1,ajd:HQPI73CG0E,현대큐밍,현대큐밍 딜라이트 아이스 (얼음냉온정),HQPI73CG0E,https://www.ajd.co.kr/electronics/overview/4020/detail/43168,https://image.ajd.kr/PRODUCT_CODE/17a813c7-a6de-4200-81d4-0f99f59c6f0b,"[""냉수"",""온수"",""정수"",""얼음""]",3,,2,,80,"{""totalScore"":81.2,""reviewCount"":2,""textBadges"":[""위생기능 55위""],""specifications"":{""제품유형"":""데스크형"",""정수타입"":""직수형"",""필터종류"":""나노필터"",""필터개수"":""3개"",""편의기능"":""9개"",""살균부위"":""코크, 얼음저장고"",""직수관 재질"":""스테인리스"",""분리세척"":""O"",""정량출수"":""O"",""온수온도조절"":""O""},""scoreBreakdown"":{""정수성능"":97,""위생관리"":76,""편의기능"":90,""렌탈료"":60},""detailSn"":43168,""lowerCategorySn"":4020,""detailAverageScore"":81.2,""recommendLabel"":null}"
ajd,2026-03-27T05:00:16.167Z,https://www.ajd.co.kr/electronics/overview/2010-4020/ranking?tab=1,ajd:WP-60C90010M(베이지),청호나이스,청호나이스 세니타 정수기 8.17L (냉온정),WP-60C90010M(베이지),https://www.ajd.co.kr/electronics/overview/4020/detail/43070,https://image.ajd.kr/PRODUCT_CODE/ded3ed6b-8b51-4f0e-85ae-ded685a087ba,"[""냉수"",""온수"",""정수""]",4,,5,,81,"{""totalScore"":80.7,""reviewCount"":5,""textBadges"":[""위생기능 100위""],""specifications"":{""제품유형"":""데스크형"",""정수타입"":""저수조형"",""필터종류"":""역삼투압(RO)필터"",""필터개수"":""3개"",""편의기능"":""8개"",""살균부위"":""-"",""저수조 재질"":""PP"",""분리세척"":""X"",""정량출수"":""O"",""온수온도조절"":""O""},""scoreBreakdown"":{""정수성능"":96,""위생관리"":64,""편의기능"":90,""렌탈료"":80},""detailSn"":43070,""lowerCategorySn"":4020,""detailAverageScore"":80.7,""recommendLabel"":null}"
ajd,2026-03-27T05:00:16.167Z,https://www.ajd.co.kr/electronics/overview/2010-4020/ranking?tab=1,ajd:WP-60C90010M(티탄),청호나이스,청호나이스 세니타 정수기 8.17L (냉온정),WP-60C90010M(티탄),https://www.ajd.co.kr/electronics/overview/4020/detail/43069,https://image.ajd.kr/PRODUCT_CODE/b6e0f28c-df6f-4d2c-84c3-95a8340395f1,"[""냉수"",""온수"",""정수""]",4,,2,,82,"{""totalScore"":80.2,""reviewCount"":2,""textBadges"":[""위생기능 108위""],""specifications"":{""제품유형"":""-"",""정수타입"":""저수조형"",""필터종류"":""역삼투압(RO)필터"",""필터개수"":""3개"",""편의기능"":""8개"",""살균부위"":""-"",""저수조 재질"":""PP"",""분리세척"":""X"",""정량출수"":""O"",""온수온도조절"":""O""},""scoreBreakdown"":{""정수성능"":96.8,""위생관리"":62,""편의기능"":90,""렌탈료"":80},""detailSn"":43069,""lowerCategorySn"":4020,""detailAverageScore"":80.2,""recommendLabel"":null}"
ajd,2026-03-27T05:00:16.167Z,https://www.ajd.co.kr/electronics/overview/2010-4020/ranking?tab=1,ajd:EW-210,세스코,세스코 스마트핏 미니 정수기 (정수전용),EW-210,https://www.ajd.co.kr/electronics/overview/4020/detail/3237,https://image.ajd.kr/PRODUCT_CODE/29a5ed84-8fa7-4fca-8eac-8d8511533f06,"[""정수""]",4,,0,,83,"{""totalScore"":80.2,""reviewCount"":0,""textBadges"":[""위생기능 102위""],""specifications"":{""제품유형"":""데스크형"",""정수타입"":""직수형"",""필터종류"":""나노필터"",""필터개수"":""3개"",""편의기능"":""3개"",""살균부위"":""-"",""직수관 재질"":""-"",""분리세척"":""O"",""정량출수"":""X"",""온수온도조절"":""X""},""scoreBreakdown"":{""정수성능"":95.8,""위생관리"":60,""편의기능"":70,""렌탈료"":100},""detailSn"":3237,""lowerCategorySn"":4020,""detailAverageScore"":80.2,""recommendLabel"":null}"
ajd,2026-03-27T05:00:16.167Z,https://www.ajd.co.kr/electronics/overview/2010-4020/ranking?tab=1,ajd:WP-53C80020M,청호나이스,청호나이스 정수기 OMNI plus 7.6L (냉정),WP-53C80020M,https://www.ajd.co.kr/electronics/overview/4020/detail/3042,https://image.ajd.kr/PRODUCT_CODE/3146dfc2-6014-47af-9a54-d5126a0db3ca,"[""냉수"",""정수""]",1,,2,,84,"{""totalScore"":80,""reviewCount"":2,""textBadges"":[""위생기능 114위""],""specifications"":{""제품유형"":""데스크형"",""정수타입"":""저수조형"",""필터종류"":""역삼투압(RO)필터"",""필터개수"":""3개"",""편의기능"":""6개"",""살균부위"":""-"",""저수조 재질"":""PP"",""분리세척"":""X"",""정량출수"":""O"",""온수온도조절"":""X""},""scoreBreakdown"":{""정수성능"":96,""위생관리"":62,""편의기능"":90,""렌탈료"":80},""detailSn"":3042,""lowerCategorySn"":4020,""detailAverageScore"":82.1,""recommendLabel"":null}"
ajd,2026-03-27T05:00:16.167Z,https://www.ajd.co.kr/electronics/overview/2010-4020/ranking?tab=1,ajd:WP-46S90510M,청호나이스,청호나이스 메타 디지털 스탠드 정수기 22.5L (냉온정),WP-46S90510M,https://www.ajd.co.kr/electronics/overview/4020/detail/2677,https://image.ajd.kr/PRODUCT_CODE/2f211e0b-bfbb-4780-96a6-582d466fcbb8,"[""냉수"",""온수"",""정수""]",4,,3,,85,"{""totalScore"":80,""reviewCount"":3,""textBadges"":[""위생기능 115위""],""specifications"":{""제품유형"":""스탠드형"",""정수타입"":""저수조형"",""필터종류"":""역삼투압(RO)필터"",""필터개수"":""3개"",""편의기능"":""6개"",""살균부위"":""저수조"",""저수조 재질"":""PP"",""분리세척"":""X"",""정량출수"":""O"",""온수온도조절"":""X""},""scoreBreakdown"":{""정수성능"":96,""위생관리"":62,""편의기능"":90,""렌탈료"":80},""detailSn"":2677,""lowerCategorySn"":4020,""detailAverageScore"":80,""recommendLabel"":null}"
ajd,2026-03-27T05:00:16.167Z,https://www.ajd.co.kr/electronics/overview/2010-4020/ranking?tab=1,ajd:CP-AD011UGW,쿠쿠,쿠쿠 무전원 빌트인 언더싱크 정수기,CP-AD011UGW,https://www.ajd.co.kr/electronics/overview/4020/detail/2658,https://image.ajd.kr/PRODUCT_CODE/bf1db8bd-a005-42ac-80b0-20d957469030,"[""정수""]",2,,4,,86,"{""totalScore"":80,""reviewCount"":4,""textBadges"":[""위생기능 106위""],""specifications"":{""제품유형"":""언더싱크"",""정수타입"":""직수형"",""필터종류"":""나노필터"",""필터개수"":""3개"",""편의기능"":""3개"",""살균부위"":""-"",""직수관 재질"":""-"",""분리세척"":""X"",""정량출수"":""X"",""온수온도조절"":""X""},""scoreBreakdown"":{""정수성능"":95,""위생관리"":60,""편의기능"":70,""렌탈료"":100},""detailSn"":2658,""lowerCategorySn"":4020,""detailAverageScore"":80,""recommendLabel"":null}"
ajd,2026-03-27T05:00:16.167Z,https://www.ajd.co.kr/electronics/overview/2010-4020/ranking?tab=1,ajd:CP-WRP602SW,쿠쿠,쿠쿠 인스퓨어 지하수 냉온정수기 5.3L (스탠드형),CP-WRP602SW,https://www.ajd.co.kr/electronics/overview/4020/detail/2657,https://image.ajd.kr/PRODUCT_CODE/8b7c586e-0f18-4c2e-a606-f8fee68e1234,"[""정수"",""냉수"",""온수""]",2,,2,,87,"{""totalScore"":79.8,""reviewCount"":2,""textBadges"":[""위생기능 79위""],""specifications"":{""제품유형"":""스탠드형"",""정수타입"":""저수조형"",""필터종류"":""중공사막"",""필터개수"":""4개"",""편의기능"":""5개"",""살균부위"":""코크, 저수조"",""저수조 재질"":""스테인리스"",""분리세척"":""O"",""정량출수"":""X"",""온수온도조절"":""X""},""scoreBreakdown"":{""정수성능"":77,""위생관리"":82,""편의기능"":80,""렌탈료"":80},""detailSn"":2657,""lowerCategorySn"":4020,""detailAverageScore"":79.8,""recommendLabel"":null}"
ajd,2026-03-27T05:00:16.167Z,https://www.ajd.co.kr/electronics/overview/2010-4020/ranking?tab=1,ajd:WHCB-85SN,유버스,유버스 업소용 대용량 정수기 28.7L (스탠드형/냉온정),WHCB-85SN,https://www.ajd.co.kr/electronics/overview/4020/detail/43295,https://image.ajd.kr/PRODUCT_CODE/24da8d28-395f-430a-bf7a-586205757ab1,"[""냉수"",""온수"",""정수""]",4,,0,,88,"{""totalScore"":79.7,""reviewCount"":0,""textBadges"":[""위생기능 84위""],""specifications"":{""제품유형"":""스탠드형"",""정수타입"":""저수조형"",""필터종류"":""나노필터"",""필터개수"":""4개"",""편의기능"":""5개"",""살균부위"":""-"",""저수조 재질"":""스테인리스"",""분리세척"":""O"",""정량출수"":""O"",""온수온도조절"":""X""},""scoreBreakdown"":{""정수성능"":96.7,""위생관리"":65,""편의기능"":80,""렌탈료"":80},""detailSn"":43295,""lowerCategorySn"":4020,""detailAverageScore"":79.7,""recommendLabel"":null}"
ajd,2026-03-27T05:00:16.167Z,https://www.ajd.co.kr/electronics/overview/2010-4020/ranking?tab=1,ajd:MLP-300H,유버스,유버스 샤인 냉온 정수기 (하프형/냉온정),MLP-300H,https://www.ajd.co.kr/electronics/overview/4020/detail/2797,https://image.ajd.kr/PRODUCT_CODE/4d40468c-7c00-4d7f-ba13-af389cc1b4f3,"[""정수"",""냉수"",""온수""]",4,,0,,89,"{""totalScore"":79.7,""reviewCount"":0,""textBadges"":[""위생기능 85위""],""specifications"":{""제품유형"":""데스크형"",""정수타입"":""저수조형"",""필터종류"":""나노필터"",""필터개수"":""4개"",""편의기능"":""6개"",""살균부위"":""-"",""저수조 재질"":""스테인리스"",""분리세척"":""O"",""정량출수"":""O"",""온수온도조절"":""X""},""scoreBreakdown"":{""정수성능"":96.7,""위생관리"":65,""편의기능"":80,""렌탈료"":80},""detailSn"":2797,""lowerCategorySn"":4020,""detailAverageScore"":79.7,""recommendLabel"":null}"
ajd,2026-03-27T05:00:16.167Z,https://www.ajd.co.kr/electronics/overview/2010-4020/ranking?tab=1,ajd:WP-53C90020M,청호나이스,청호나이스 정수기 OMNI plus 8.17L (냉온정),WP-53C90020M,https://www.ajd.co.kr/electronics/overview/4020/detail/2663,https://image.ajd.kr/PRODUCT_CODE/98b2de9c-1be2-4f3e-b923-42a17bffae20,"[""냉수"",""온수"",""정수""]",1,,9,,90,"{""totalScore"":79.6,""reviewCount"":9,""textBadges"":[""위생기능 125위""],""specifications"":{""제품유형"":""데스크형"",""정수타입"":""저수조형"",""필터종류"":""역삼투압(RO)필터"",""필터개수"":""3개"",""편의기능"":""6개"",""살균부위"":""-"",""저수조 재질"":""PP"",""분리세척"":""X"",""정량출수"":""O"",""온수온도조절"":""X""},""scoreBreakdown"":{""정수성능"":97,""위생관리"":60,""편의기능"":90,""렌탈료"":80},""detailSn"":2663,""lowerCategorySn"":4020,""detailAverageScore"":81.7,""recommendLabel"":null}"
ajd,2026-03-27T05:00:16.167Z,https://www.ajd.co.kr/electronics/overview/2010-4020/ranking?tab=1,ajd:P-R40SS0H,현대큐밍,현대큐밍 더퓨어 프리미엄RO 지하수 냉온정수기 4.8L (스탠드),P-R40SS0H,https://www.ajd.co.kr/electronics/overview/4020/detail/2838,https://image.ajd.kr/PRODUCT_CODE/78073d77-6c52-4aa8-b5e6-ff5d2ab8684f,"[""냉수"",""온수"",""정수""]",3,,0,,91,"{""totalScore"":79.3,""reviewCount"":0,""textBadges"":[""위생기능 93위""],""specifications"":{""제품유형"":""스탠드형"",""정수타입"":""저수조형"",""필터종류"":""역삼투압(RO)필터, 나노필터"",""필터개수"":""4개"",""편의기능"":""5개"",""살균부위"":""-"",""저수조 재질"":""스테인리스"",""분리세척"":""O"",""정량출수"":""X"",""온수온도조절"":""X""},""scoreBreakdown"":{""정수성능"":94,""위생관리"":66,""편의기능"":80,""렌탈료"":80},""detailSn"":2838,""lowerCategorySn"":4020,""detailAverageScore"":79.3,""recommendLabel"":null}"
ajd,2026-03-27T05:00:16.167Z,https://www.ajd.co.kr/electronics/overview/2010-4020/ranking?tab=1,ajd:P-A52C,현대큐밍,현대큐밍 더퓨어 알파UV 냉온정수기 7.4L (카운터),P-A52C,https://www.ajd.co.kr/electronics/overview/4020/detail/2739,https://image.ajd.kr/PRODUCT_CODE/d0205caf-2ae7-45ab-955e-0a82db83d11b,"[""냉수"",""온수"",""정수""]",3,,1,,92,"{""totalScore"":79.3,""reviewCount"":1,""textBadges"":[""위생기능 95위""],""specifications"":{""제품유형"":""데스크형"",""정수타입"":""저수조형"",""필터종류"":""나노필터"",""필터개수"":""4개"",""편의기능"":""5개"",""살균부위"":""-"",""저수조 재질"":""스테인리스"",""분리세척"":""O"",""정량출수"":""X"",""온수온도조절"":""X""},""scoreBreakdown"":{""정수성능"":94,""위생관리"":66,""편의기능"":80,""렌탈료"":80},""detailSn"":2739,""lowerCategorySn"":4020,""detailAverageScore"":79.3,""recommendLabel"":null}"
ajd,2026-03-27T05:00:16.167Z,https://www.ajd.co.kr/electronics/overview/2010-4020/ranking?tab=1,ajd:P-A52S,현대큐밍,현대큐밍 더퓨어 알파UV 냉온정수기 8.7L (스탠드),P-A52S,https://www.ajd.co.kr/electronics/overview/4020/detail/2738,https://image.ajd.kr/PRODUCT_CODE/7c78b664-846c-47d9-8e4e-88395a78a695,"[""냉수"",""온수"",""정수""]",3,,0,,93,"{""totalScore"":79.3,""reviewCount"":0,""textBadges"":[""위생기능 96위""],""specifications"":{""제품유형"":""스탠드형"",""정수타입"":""저수조형"",""필터종류"":""나노필터"",""필터개수"":""4개"",""편의기능"":""5개"",""살균부위"":""-"",""저수조 재질"":""스테인리스"",""분리세척"":""O"",""정량출수"":""X"",""온수온도조절"":""X""},""scoreBreakdown"":{""정수성능"":94,""위생관리"":66,""편의기능"":80,""렌탈료"":80},""detailSn"":2738,""lowerCategorySn"":4020,""detailAverageScore"":79.3,""recommendLabel"":null}"
ajd,2026-03-27T05:00:16.167Z,https://www.ajd.co.kr/electronics/overview/2010-4020/ranking?tab=1,ajd:HQP-M50SW/HQP-M50SW0C,현대큐밍,현대큐밍 더퓨어 마크업 중용량 냉온정수기 11L (스탠드),HQP-M50SW/HQP-M50SW0C,https://www.ajd.co.kr/electronics/overview/4020/detail/2683,https://image.ajd.kr/PRODUCT_CODE/da83a52c-48fe-4742-9209-07027f79268a,"[""냉수"",""온수"",""정수""]",3,,0,,94,"{""totalScore"":79.3,""reviewCount"":0,""textBadges"":[""위생기능 97위""],""specifications"":{""제품유형"":""스탠드형"",""정수타입"":""저수조형"",""필터종류"":""나노필터"",""필터개수"":""4개"",""편의기능"":""5개"",""살균부위"":""저수조"",""저수조 재질"":""스테인리스"",""분리세척"":""O"",""정량출수"":""X"",""온수온도조절"":""X""},""scoreBreakdown"":{""정수성능"":94,""위생관리"":66,""편의기능"":80,""렌탈료"":80},""detailSn"":2683,""lowerCategorySn"":4020,""detailAverageScore"":79.3,""recommendLabel"":null}"
ajd,2026-03-27T05:00:16.167Z,https://www.ajd.co.kr/electronics/overview/2010-4020/ranking?tab=1,ajd:WP-40C60000M,청호나이스,청호나이스 일반 정수기S 3.2L (정수),WP-40C60000M,https://www.ajd.co.kr/electronics/overview/4020/detail/2831,https://image.ajd.kr/PRODUCT_CODE/554fff5c-b886-4741-bac2-f8b1d8a5450c,"[""정수""]",3,,2,,95,"{""totalScore"":79.2,""reviewCount"":2,""textBadges"":[""위생기능 89위""],""specifications"":{""제품유형"":""데스크형"",""정수타입"":""저수조형"",""필터종류"":""역삼투압(RO)필터"",""필터개수"":""3개"",""편의기능"":""2개"",""살균부위"":""-"",""저수조 재질"":""PP"",""분리세척"":""X"",""정량출수"":""X"",""온수온도조절"":""X""},""scoreBreakdown"":{""정수성능"":95,""위생관리"":62,""편의기능"":60,""렌탈료"":100},""detailSn"":2831,""lowerCategorySn"":4020,""detailAverageScore"":79.2,""recommendLabel"":null}"
ajd,2026-03-27T05:00:16.167Z,https://www.ajd.co.kr/electronics/overview/2010-4020/ranking?tab=1,ajd:WP-50S90010U,청호나이스,청호나이스 스탠드 정수기 TOTA S 11.2L (냉온정),WP-50S90010U,https://www.ajd.co.kr/electronics/overview/4020/detail/2661,https://image.ajd.kr/PRODUCT_CODE/3f03be0c-8edb-4253-a1ff-159cbecce22f,"[""정수"",""냉수"",""온수""]",6,,7,,96,"{""totalScore"":79.1,""reviewCount"":7,""textBadges"":[""위생기능 92위""],""specifications"":{""제품유형"":""스탠드형"",""정수타입"":""저수조형"",""필터종류"":""역삼투압(RO)필터"",""필터개수"":""3개"",""편의기능"":""2개"",""살균부위"":""-"",""저수조 재질"":""PP"",""분리세척"":""O"",""정량출수"":""X"",""온수온도조절"":""X""},""scoreBreakdown"":{""정수성능"":97,""위생관리"":60,""편의기능"":60,""렌탈료"":100},""detailSn"":2661,""lowerCategorySn"":4020,""detailAverageScore"":79.1,""recommendLabel"":null}"
ajd,2026-03-27T05:00:16.167Z,https://www.ajd.co.kr/electronics/overview/2010-4020/ranking?tab=1,ajd:P-R40CS0H,현대큐밍,현대큐밍 더퓨어 프리미엄RO 지하수 냉온정수기 4.4L (카운터),P-R40CS0H,https://www.ajd.co.kr/electronics/overview/4020/detail/2835,https://image.ajd.kr/PRODUCT_CODE/85e03bae-4793-4998-94a7-16ca37578590,"[""냉수"",""정수"",""온수""]",3,,1,,97,"{""totalScore"":79,""reviewCount"":1,""textBadges"":[""위생기능 103위""],""specifications"":{""제품유형"":""데스크형"",""정수타입"":""저수조형"",""필터종류"":""역삼투압(RO)필터, 나노필터"",""필터개수"":""4개"",""편의기능"":""5개"",""살균부위"":""-"",""저수조 재질"":""스테인리스"",""분리세척"":""O"",""정량출수"":""X"",""온수온도조절"":""X""},""scoreBreakdown"":{""정수성능"":93,""위생관리"":66,""편의기능"":80,""렌탈료"":80},""detailSn"":2835,""lowerCategorySn"":4020,""detailAverageScore"":79,""recommendLabel"":null}"
ajd,2026-03-27T05:00:16.167Z,https://www.ajd.co.kr/electronics/overview/2010-4020/ranking?tab=1,ajd:MLP-310S,유버스,유버스 샤인 냉온 정수기 (스탠드형/냉온정),MLP-310S,https://www.ajd.co.kr/electronics/overview/4020/detail/2793,https://image.ajd.kr/PRODUCT_CODE/1c860a80-0041-4cf8-bc30-a5c9775c5086,"[""냉수"",""정수"",""온수""]",4,,0,,98,"{""totalScore"":79,""reviewCount"":0,""textBadges"":[""위생기능 86위""],""specifications"":{""제품유형"":""스탠드형"",""정수타입"":""저수조형"",""필터종류"":""나노필터"",""필터개수"":""4개"",""편의기능"":""5개"",""살균부위"":""-"",""저수조 재질"":""스테인리스"",""분리세척"":""O"",""정량출수"":""X"",""온수온도조절"":""X""},""scoreBreakdown"":{""정수성능"":96.7,""위생관리"":65,""편의기능"":75,""렌탈료"":80},""detailSn"":2793,""lowerCategorySn"":4020,""detailAverageScore"":79,""recommendLabel"":null}"
ajd,2026-03-27T05:00:16.167Z,https://www.ajd.co.kr/electronics/overview/2010-4020/ranking?tab=1,ajd:CP-SS100H,쿠쿠,쿠쿠 인스퓨어 ZERO100S 얼음정수기 (얼음냉온정),CP-SS100H,https://www.ajd.co.kr/electronics/overview/4020/detail/42826,https://image.ajd.kr/PRODUCT_CODE/ddcbde0f-7cfa-4ff7-9836-cd7581806b0d,"[""냉수"",""온수"",""정수"",""얼음"",""살균수""]",6,,131,,99,"{""totalScore"":78.9,""reviewCount"":131,""textBadges"":[""위생기능 24위""],""specifications"":{""제품유형"":""데스크형"",""정수타입"":""직수형"",""필터종류"":""나노필터"",""필터개수"":""3개"",""편의기능"":""12개"",""살균부위"":""얼음저장고, 직수관, 코크, 냉수관"",""직수관 재질"":""PP"",""분리세척"":""X"",""정량출수"":""O"",""온수온도조절"":""O""},""scoreBreakdown"":{""정수성능"":81,""위생관리"":76,""편의기능"":80,""렌탈료"":80},""detailSn"":42826,""lowerCategorySn"":4020,""detailAverageScore"":78.9,""recommendLabel"":null}"
ajd,2026-03-27T05:00:16.167Z,https://www.ajd.co.kr/electronics/overview/2010-4020/ranking?tab=1,ajd:HQPM15C,현대큐밍,현대큐밍 딜라이트 아이 직수형 정수기,HQPM15C,https://www.ajd.co.kr/electronics/overview/4020/detail/43286,https://image.ajd.kr/PRODUCT_CODE/f8af3cde-8491-433e-ba31-0cb6c1a6fd19,[],6,,0,,100,"{""totalScore"":78.5,""reviewCount"":0,""textBadges"":[""위생기능 121위""],""specifications"":{""제품유형"":""데스크형"",""정수타입"":""직수형"",""필터종류"":""나노필터"",""필터개수"":""2개"",""편의기능"":""2개"",""살균부위"":""-"",""직수관 재질"":""-"",""분리세척"":""O"",""정량출수"":""X"",""온수온도조절"":""X""},""scoreBreakdown"":{""정수성능"":91.9,""위생관리"":62,""편의기능"":75,""렌탈료"":90},""detailSn"":43286,""lowerCategorySn"":4020,""detailAverageScore"":80.6,""recommendLabel"":null}"
ajd,2026-03-27T05:00:16.167Z,https://www.ajd.co.kr/electronics/overview/2010-4020/ranking?tab=1,ajd:WI-70S90010M,청호나이스,청호나이스 스탠드 얼음정수기 NEW700 12.3L (얼음냉온정),WI-70S90010M,https://www.ajd.co.kr/electronics/overview/4020/detail/43071,https://image.ajd.kr/PRODUCT_CODE/7562b1ac-d582-4dd3-b435-0963c387a409,"[""냉수"",""온수"",""정수"",""얼음""]",4,,2,,101,"{""totalScore"":78.5,""reviewCount"":2,""textBadges"":[""위생기능 123위""],""specifications"":{""제품유형"":""스탠드형"",""정수타입"":""저수조형"",""필터종류"":""역삼투압(RO)필터"",""필터개수"":""3개"",""편의기능"":""9개"",""살균부위"":""-"",""저수조 재질"":""PP"",""분리세척"":""O"",""정량출수"":""O"",""온수온도조절"":""O""},""scoreBreakdown"":{""정수성능"":97,""위생관리"":64,""편의기능"":100,""렌탈료"":60},""detailSn"":43071,""lowerCategorySn"":4020,""detailAverageScore"":80.6,""recommendLabel"":null}"
ajd,2026-03-27T05:00:16.167Z,https://www.ajd.co.kr/electronics/overview/2010-4020/ranking?tab=1,ajd:WI-55S90510M,청호나이스,청호나이스 스탠드 얼음정수기 550 9.7L (얼음냉온정),WI-55S90510M,https://www.ajd.co.kr/electronics/overview/4020/detail/3180,https://image.ajd.kr/PRODUCT_CODE/dcc7f8da-5f9e-48a1-af2a-6f4ae84e1d87,"[""정수"",""냉수"",""온수"",""얼음""]",4,,6,,102,"{""totalScore"":78.4,""reviewCount"":6,""textBadges"":[""위생기능 91위""],""specifications"":{""제품유형"":""스탠드형"",""정수타입"":""저수조형"",""필터종류"":""역삼투압(RO)필터"",""필터개수"":""3개"",""편의기능"":""8개"",""살균부위"":""코크"",""저수조 재질"":""PP"",""분리세척"":""X"",""정량출수"":""O"",""온수온도조절"":""O""},""scoreBreakdown"":{""정수성능"":97,""위생관리"":68,""편의기능"":90,""렌탈료"":60},""detailSn"":3180,""lowerCategorySn"":4020,""detailAverageScore"":78.4,""recommendLabel"":null}"
ajd,2026-03-27T05:00:16.167Z,https://www.ajd.co.kr/electronics/overview/2010-4020/ranking?tab=1,ajd:WP-45S9P010M,청호나이스,청호나이스 뉴디지털 스탠드 정수기 19L (냉온정),WP-45S9P010M,https://www.ajd.co.kr/electronics/overview/4020/detail/2842,https://image.ajd.kr/PRODUCT_CODE/e3be746a-7c1c-48e3-9b26-d9c7302905c8,"[""냉수"",""온수"",""정수""]",2,,0,,103,"{""totalScore"":78.4,""reviewCount"":0,""textBadges"":[""위생기능 119위""],""specifications"":{""제품유형"":""스탠드형"",""정수타입"":""저수조형"",""필터종류"":""역삼투압(RO)필터"",""필터개수"":""3개"",""편의기능"":""5개"",""살균부위"":""-"",""저수조 재질"":""PP"",""분리세척"":""O"",""정량출수"":""X"",""온수온도조절"":""X""},""scoreBreakdown"":{""정수성능"":95.2,""위생관리"":64,""편의기능"":90,""렌탈료"":70},""detailSn"":2842,""lowerCategorySn"":4020,""detailAverageScore"":78.4,""recommendLabel"":null}"
ajd,2026-03-27T05:00:16.167Z,https://www.ajd.co.kr/electronics/overview/2010-4020/ranking?tab=1,ajd:CP-QN3002S,쿠쿠,쿠쿠 인스퓨어 대용량 정수기 21L (냉온정/스탠드형),CP-QN3002S,https://www.ajd.co.kr/electronics/overview/4020/detail/2785,https://image.ajd.kr/PRODUCT_CODE/e0134301-381f-4e31-8002-fa70f4b2935b,"[""정수"",""냉수"",""온수""]",3,,8,,104,"{""totalScore"":78.4,""reviewCount"":8,""textBadges"":[""위생기능 135위""],""specifications"":{""제품유형"":""스탠드형"",""정수타입"":""저수조형"",""필터종류"":""나노필터"",""필터개수"":""4개"",""편의기능"":""5개"",""살균부위"":""-"",""저수조 재질"":""PP"",""분리세척"":""X"",""정량출수"":""X"",""온수온도조절"":""X""},""scoreBreakdown"":{""정수성능"":93,""위생관리"":60,""편의기능"":90,""렌탈료"":80},""detailSn"":2785,""lowerCategorySn"":4020,""detailAverageScore"":78.4,""recommendLabel"":null}"
ajd,2026-03-27T05:00:16.167Z,https://www.ajd.co.kr/electronics/overview/2010-4020/ranking?tab=1,ajd:WP-35C90010N,청호나이스,청호나이스 정수기 ANNIE PLUS 4.12L (냉온정),WP-35C90010N,https://www.ajd.co.kr/electronics/overview/4020/detail/2686,https://image.ajd.kr/PRODUCT_CODE/691cce5c-74e8-4551-9a19-db4182d399a0,"[""정수"",""냉수"",""온수""]",2,,1,,105,"{""totalScore"":78.4,""reviewCount"":1,""textBadges"":[""위생기능 83위""],""specifications"":{""제품유형"":""데스크형"",""정수타입"":""저수조형"",""필터종류"":""나노필터"",""필터개수"":""3개"",""편의기능"":""4개"",""살균부위"":""-"",""저수조 재질"":""스테인리스"",""분리세척"":""O"",""정량출수"":""X"",""온수온도조절"":""X""},""scoreBreakdown"":{""정수성능"":96,""위생관리"":66,""편의기능"":70,""렌탈료"":80},""detailSn"":2686,""lowerCategorySn"":4020,""detailAverageScore"":78.4,""recommendLabel"":null}"
ajd,2026-03-27T05:00:16.167Z,https://www.ajd.co.kr/electronics/overview/2010-4020/ranking?tab=1,ajd:EW-BS551,세스코,세스코 THE슬림 더블 냉온정수기 11L (스탠드),EW-BS551,https://www.ajd.co.kr/electronics/overview/4020/detail/2676,https://image.ajd.kr/PRODUCT_CODE/104bd866-6bc9-46c2-a87c-8c879fc4ab6e,"[""냉수"",""온수"",""정수""]",2,,0,,106,"{""totalScore"":78.3,""reviewCount"":0,""textBadges"":[""위생기능 118위""],""specifications"":{""제품유형"":""스탠드형"",""정수타입"":""저수조형"",""필터종류"":""나노필터"",""필터개수"":""4개"",""편의기능"":""4개"",""살균부위"":""-"",""저수조 재질"":""스테인리스"",""분리세척"":""O"",""정량출수"":""X"",""온수온도조절"":""X""},""scoreBreakdown"":{""정수성능"":93,""위생관리"":64,""편의기능"":80,""렌탈료"":80},""detailSn"":2676,""lowerCategorySn"":4020,""detailAverageScore"":78.3,""recommendLabel"":null}"
ajd,2026-03-27T05:00:16.167Z,https://www.ajd.co.kr/electronics/overview/2010-4020/ranking?tab=1,ajd:WI-60C80511M,청호나이스,청호나이스 얼음정수기 아이스트리 플리 3.8L (얼음냉정),WI-60C80511M,https://www.ajd.co.kr/electronics/overview/4020/detail/43068,https://image.ajd.kr/PRODUCT_CODE/598516e2-64ff-4b4b-b39b-fe1d315f6119,"[""냉수"",""정수"",""얼음""]",4,,5,,107,"{""totalScore"":78.2,""reviewCount"":5,""textBadges"":[""위생기능 128위""],""specifications"":{""제품유형"":""데스크형"",""정수타입"":""저수조형"",""필터종류"":""역삼투압(RO)필터"",""필터개수"":""3개"",""편의기능"":""10개"",""살균부위"":""냉수관"",""저수조 재질"":""PP"",""분리세척"":""O"",""정량출수"":""O"",""온수온도조절"":""O""},""scoreBreakdown"":{""정수성능"":96,""위생관리"":64,""편의기능"":100,""렌탈료"":60},""detailSn"":43068,""lowerCategorySn"":4020,""detailAverageScore"":78.2,""recommendLabel"":null}"
ajd,2026-03-27T05:00:16.167Z,https://www.ajd.co.kr/electronics/overview/2010-4020/ranking?tab=1,ajd:WP-43C60000M,청호나이스,청호나이스 일반 정수기 TIDY 4.6L (정수),WP-43C60000M,https://www.ajd.co.kr/electronics/overview/4020/detail/3252,https://image.ajd.kr/PRODUCT_CODE/0be3f09a-1333-4eb0-81a5-04be90c9f567,"[""정수""]",2,,1,,108,"{""totalScore"":78.2,""reviewCount"":1,""textBadges"":[""위생기능 120위""],""specifications"":{""제품유형"":""데스크형"",""정수타입"":""저수조형"",""필터종류"":""역삼투압(RO)필터"",""필터개수"":""3개"",""편의기능"":""5개"",""살균부위"":""-"",""저수조 재질"":""PP"",""분리세척"":""O"",""정량출수"":""O"",""온수온도조절"":""X""},""scoreBreakdown"":{""정수성능"":95,""위생관리"":62,""편의기능"":80,""렌탈료"":80},""detailSn"":3252,""lowerCategorySn"":4020,""detailAverageScore"":78.2,""recommendLabel"":null}"
ajd,2026-03-27T05:00:16.167Z,https://www.ajd.co.kr/electronics/overview/2010-4020/ranking?tab=1,ajd:WHP-3900,루헨스,루헨스 대용량 냉온정수기 21L (스탠드형),WHP-3900,https://www.ajd.co.kr/electronics/overview/4020/detail/2687,https://image.ajd.kr/PRODUCT_CODE/ec6f11ab-5fcb-4fe8-8b9c-8e2330f366a5,"[""온수"",""정수"",""냉수""]",4,,0,,109,"{""totalScore"":78.1,""reviewCount"":0,""textBadges"":[""위생기능 117위""],""specifications"":{""제품유형"":""스탠드형"",""정수타입"":""저수조형"",""필터종류"":""중공사막"",""필터개수"":""4개"",""편의기능"":""5개"",""살균부위"":""코크"",""저수조 재질"":""PP"",""분리세척"":""O"",""정량출수"":""O"",""온수온도조절"":""X""},""scoreBreakdown"":{""정수성능"":82.3,""위생관리"":72.5,""편의기능"":80,""렌탈료"":80},""detailSn"":2687,""lowerCategorySn"":4020,""detailAverageScore"":78.1,""recommendLabel"":null}"
ajd,2026-03-27T05:00:16.167Z,https://www.ajd.co.kr/electronics/overview/2010-4020/ranking?tab=1,ajd:MLP-850N,유버스,유버스 뉴 업소용 냉온 정수기 15.2L (스탠드형),MLP-850N,https://www.ajd.co.kr/electronics/overview/4020/detail/2765,https://image.ajd.kr/PRODUCT_CODE/4752b128-20a1-4ca7-b2ae-664bb07e3681,"[""냉수"",""온수"",""정수""]",4,,0,,110,"{""totalScore"":77.9,""reviewCount"":0,""textBadges"":[""저수조형 77위""],""specifications"":{""제품유형"":""스탠드형"",""정수타입"":""저수조형"",""필터종류"":""나노필터"",""필터개수"":""4개"",""편의기능"":""3개"",""살균부위"":""-"",""저수조 재질"":""스테인리스"",""분리세척"":""X"",""정량출수"":""X"",""온수온도조절"":""X""},""scoreBreakdown"":{""정수성능"":96.7,""위생관리"":62,""편의기능"":75,""렌탈료"":80},""detailSn"":2765,""lowerCategorySn"":4020,""detailAverageScore"":77.9,""recommendLabel"":null}"
ajd,2026-03-27T05:00:16.167Z,https://www.ajd.co.kr/electronics/overview/2010-4020/ranking?tab=1,ajd:WP-40C90010M,청호나이스,청호나이스 이과수 냉온정수기 450 5.97L (냉온정),WP-40C90010M,https://www.ajd.co.kr/electronics/overview/4020/detail/2836,https://image.ajd.kr/PRODUCT_CODE/e7f7903d-5909-412e-9c34-5dd303f9d9b4,"[""정수"",""냉수"",""온수""]",1,,0,,111,"{""totalScore"":77.8,""reviewCount"":0,""textBadges"":[""위생기능 129위""],""specifications"":{""제품유형"":""스탠드형"",""정수타입"":""저수조형"",""필터종류"":""역삼투압(RO)필터"",""필터개수"":""3개"",""편의기능"":""5개"",""살균부위"":""-"",""저수조 재질"":""PP"",""분리세척"":""X"",""정량출수"":""X"",""온수온도조절"":""X""},""scoreBreakdown"":{""정수성능"":96,""위생관리"":60,""편의기능"":80,""렌탈료"":80},""detailSn"":2836,""lowerCategorySn"":4020,""detailAverageScore"":77.8,""recommendLabel"":null}"
ajd,2026-03-27T05:00:16.167Z,https://www.ajd.co.kr/electronics/overview/2010-4020/ranking?tab=1,ajd:HQP-M50SW/HQP-M50SW1C,현대큐밍,현대큐밍 더퓨어 마크업 대용량 냉온정수기 18.9L (스탠드),HQP-M50SW/HQP-M50SW1C,https://www.ajd.co.kr/electronics/overview/4020/detail/2682,https://image.ajd.kr/PRODUCT_CODE/97fe6e30-9fd5-4675-a442-eea246bff078,"[""냉수"",""온수"",""정수""]",3,,2,,112,"{""totalScore"":77.8,""reviewCount"":2,""textBadges"":[""위생기능 98위""],""specifications"":{""제품유형"":""스탠드형"",""정수타입"":""저수조형"",""필터종류"":""나노필터"",""필터개수"":""4개"",""편의기능"":""4개"",""살균부위"":""저수조"",""저수조 재질"":""스테인리스"",""분리세척"":""O"",""정량출수"":""X"",""온수온도조절"":""X""},""scoreBreakdown"":{""정수성능"":94,""위생관리"":66,""편의기능"":70,""렌탈료"":80},""detailSn"":2682,""lowerCategorySn"":4020,""detailAverageScore"":77.8,""recommendLabel"":null}"
ajd,2026-03-27T05:00:16.167Z,https://www.ajd.co.kr/electronics/overview/2010-4020/ranking?tab=1,ajd:WP-46S9P510M,청호나이스,청호나이스 메타 디지털P 스탠드 정수기 22.5L (냉온정),WP-46S9P510M,https://www.ajd.co.kr/electronics/overview/4020/detail/2660,https://image.ajd.kr/PRODUCT_CODE/6569f874-2742-4c5c-8512-d34dc68f043d,"[""냉수"",""온수"",""정수""]",4,,0,,113,"{""totalScore"":77.8,""reviewCount"":0,""textBadges"":[""위생기능 131위""],""specifications"":{""제품유형"":""스탠드형"",""정수타입"":""저수조형"",""필터종류"":""역삼투압(RO)필터"",""필터개수"":""3개"",""편의기능"":""6개"",""살균부위"":""저수조"",""저수조 재질"":""PP"",""분리세척"":""X"",""정량출수"":""O"",""온수온도조절"":""X""},""scoreBreakdown"":{""정수성능"":96,""위생관리"":60,""편의기능"":80,""렌탈료"":80},""detailSn"":2660,""lowerCategorySn"":4020,""detailAverageScore"":77.8,""recommendLabel"":null}"
ajd,2026-03-27T05:00:16.167Z,https://www.ajd.co.kr/electronics/overview/2010-4020/ranking?tab=1,ajd:WI-80S9P510M,청호나이스,청호나이스 슈퍼 아이스트리 대용량 스탠드 얼음정수기 24.6L (얼음냉온정),WI-80S9P510M,https://www.ajd.co.kr/electronics/overview/4020/detail/3185,https://image.ajd.kr/PRODUCT_CODE/a1ad6a05-c81b-4737-97a2-1abdd35017b2,"[""정수"",""냉수"",""온수"",""얼음""]",4,,21,,114,"{""totalScore"":77.7,""reviewCount"":21,""textBadges"":[""위생기능 107위""],""specifications"":{""제품유형"":""스탠드형"",""정수타입"":""저수조형"",""필터종류"":""역삼투압(RO)필터"",""필터개수"":""3개"",""편의기능"":""8개"",""살균부위"":""저수조"",""저수조 재질"":""스테인리스"",""분리세척"":""X"",""정량출수"":""O"",""온수온도조절"":""O""},""scoreBreakdown"":{""정수성능"":97,""위생관리"":66,""편의기능"":90,""렌탈료"":60},""detailSn"":3185,""lowerCategorySn"":4020,""detailAverageScore"":77.7,""recommendLabel"":null}"
ajd,2026-03-27T05:00:16.167Z,https://www.ajd.co.kr/electronics/overview/2010-4020/ranking?tab=1,ajd:WP-30C9560BN,청호나이스,청호나이스 직수 정수기 (냉온정),WP-30C9560BN,https://www.ajd.co.kr/electronics/overview/4020/detail/2763,https://image.ajd.kr/PRODUCT_CODE/163c2778-a66e-4274-aab5-f641a4bf86f8,"[""정수"",""냉수"",""온수""]",4,,133,,115,"{""totalScore"":77.4,""reviewCount"":133,""textBadges"":[""위생기능 5위""],""specifications"":{""제품유형"":""데스크형"",""정수타입"":""직수형"",""필터종류"":""나노필터"",""필터개수"":""2개"",""편의기능"":""10개"",""살균부위"":""냉수관, 직수관, 코크"",""직수관 재질"":""PP"",""분리세척"":""O"",""정량출수"":""O"",""온수온도조절"":""O""},""scoreBreakdown"":{""정수성능"":83,""위생관리"":70,""편의기능"":80,""렌탈료"":80},""detailSn"":2763,""lowerCategorySn"":4020,""detailAverageScore"":79.5,""recommendLabel"":null}"
ajd,2026-03-27T05:00:16.167Z,https://www.ajd.co.kr/electronics/overview/2010-4020/ranking?tab=1,ajd:CP-DN2001,쿠쿠,쿠쿠 대용량 업소용 냉온정수기 16L (스탠드형),CP-DN2001,https://www.ajd.co.kr/electronics/overview/4020/detail/2787,https://image.ajd.kr/PRODUCT_CODE/8934a25e-45e8-4b69-b3b3-0c3271499fc5,"[""냉수"",""온수"",""정수""]",4,,4,,116,"{""totalScore"":77.1,""reviewCount"":4,""textBadges"":[""위생기능 110위""],""specifications"":{""제품유형"":""스탠드형"",""정수타입"":""저수조형"",""필터종류"":""나노필터"",""필터개수"":""4개"",""편의기능"":""4개"",""살균부위"":""-"",""저수조 재질"":""스테인리스"",""분리세척"":""X"",""정량출수"":""X"",""온수온도조절"":""X""},""scoreBreakdown"":{""정수성능"":94,""위생관리"":64,""편의기능"":70,""렌탈료"":80},""detailSn"":2787,""lowerCategorySn"":4020,""detailAverageScore"":77.1,""recommendLabel"":null}"
ajd,2026-03-27T05:00:16.167Z,https://www.ajd.co.kr/electronics/overview/2010-4020/ranking?tab=1,ajd:CP-QRP3002S,쿠쿠,쿠쿠 대용량 지하수 정수기 20L (냉온정/스탠드형),CP-QRP3002S,https://www.ajd.co.kr/electronics/overview/4020/detail/2782,https://image.ajd.kr/PRODUCT_CODE/bcba1981-49d3-48c3-b7b5-f7fe4ea6662d,"[""냉수"",""온수"",""정수""]",2,,0,,117,"{""totalScore"":77.1,""reviewCount"":0,""textBadges"":[""위생기능 111위""],""specifications"":{""제품유형"":""스탠드형"",""정수타입"":""저수조형"",""필터종류"":""역삼투압(RO)필터"",""필터개수"":""3개"",""편의기능"":""4개"",""살균부위"":""-"",""저수조 재질"":""스테인리스"",""분리세척"":""X"",""정량출수"":""X"",""온수온도조절"":""X""},""scoreBreakdown"":{""정수성능"":94,""위생관리"":64,""편의기능"":70,""렌탈료"":80},""detailSn"":2782,""lowerCategorySn"":4020,""detailAverageScore"":77.1,""recommendLabel"":null}"
ajd,2026-03-27T05:00:16.167Z,https://www.ajd.co.kr/electronics/overview/2010-4020/ranking?tab=1,ajd:HQPG30SW0E(스탠드),현대큐밍,현대큐밍 더퓨어 나노 S 냉온정수기 4.65L (스탠드),HQPG30SW0E(스탠드),https://www.ajd.co.kr/electronics/overview/4020/detail/45038,https://image.ajd.kr/PRODUCT_CODE/ebeb35bb-d61b-440f-a879-b5db87260180,"[""냉수"",""온수"",""정수""]",3,,0,,118,"{""totalScore"":77.1,""reviewCount"":0,""textBadges"":[""위생기능 112위""],""specifications"":{""제품유형"":""스탠드형"",""정수타입"":""저수조형"",""필터종류"":""나노필터"",""필터개수"":""4개"",""편의기능"":""4개"",""살균부위"":""-"",""저수조 재질"":""스테인리스"",""분리세척"":""O"",""정량출수"":""X"",""온수온도조절"":""X""},""scoreBreakdown"":{""정수성능"":94,""위생관리"":64,""편의기능"":70,""렌탈료"":80},""detailSn"":45038,""lowerCategorySn"":4020,""detailAverageScore"":79.2,""recommendLabel"":null}"
ajd,2026-03-27T05:00:16.167Z,https://www.ajd.co.kr/electronics/overview/2010-4020/ranking?tab=1,ajd:HQPG30CW0E(카운터),현대큐밍,현대큐밍 더퓨어 나노 S 냉온정수기 4.25L (카운터),HQPG30CW0E(카운터),https://www.ajd.co.kr/electronics/overview/4020/detail/44304,https://image.ajd.kr/PRODUCT_CODE/859efbd6-c269-4cff-b007-24966a38b786,"[""냉수"",""온수"",""정수""]",3,,0,,119,"{""totalScore"":77.1,""reviewCount"":0,""textBadges"":[""위생기능 113위""],""specifications"":{""제품유형"":""데스크형"",""정수타입"":""저수조형"",""필터종류"":""나노필터"",""필터개수"":""4개"",""편의기능"":""4개"",""살균부위"":""-"",""저수조 재질"":""스테인리스"",""분리세척"":""O"",""정량출수"":""X"",""온수온도조절"":""X""},""scoreBreakdown"":{""정수성능"":94,""위생관리"":64,""편의기능"":70,""렌탈료"":80},""detailSn"":44304,""lowerCategorySn"":4020,""detailAverageScore"":79.2,""recommendLabel"":null}"
ajd,2026-03-27T05:00:16.167Z,https://www.ajd.co.kr/electronics/overview/2010-4020/ranking?tab=1,ajd:WI-70S9P010M,청호나이스,청호나이스 스탠드 얼음정수기(펌프형) NEW700 12.3L (얼음냉온정),WI-70S9P010M,https://www.ajd.co.kr/electronics/overview/4020/detail/43072,https://image.ajd.kr/PRODUCT_CODE/7d84907f-0679-47e7-9702-2afe10cba2bd,"[""냉수"",""온수"",""정수"",""얼음""]",4,,0,,120,"{""totalScore"":77,""reviewCount"":0,""textBadges"":[""위생기능 122위""],""specifications"":{""제품유형"":""스탠드형"",""정수타입"":""저수조형"",""필터종류"":""역삼투압(RO)필터"",""필터개수"":""3개"",""편의기능"":""8개"",""살균부위"":""-"",""저수조 재질"":""PP"",""분리세척"":""O"",""정량출수"":""O"",""온수온도조절"":""O""},""scoreBreakdown"":{""정수성능"":97,""위생관리"":64,""편의기능"":90,""렌탈료"":60},""detailSn"":43072,""lowerCategorySn"":4020,""detailAverageScore"":77,""recommendLabel"":null}"
ajd,2026-03-27T05:00:16.167Z,https://www.ajd.co.kr/electronics/overview/2010-4020/ranking?tab=1,ajd:WI-53C9600M,청호나이스,청호나이스 얼음정수기 OMNI plus 4.37L (얼음냉온정),WI-53C9600M,https://www.ajd.co.kr/electronics/overview/4020/detail/3188,https://image.ajd.kr/PRODUCT_CODE/15c83f26-1dad-4cb5-afde-7a77acf07389,"[""정수"",""냉수"",""온수"",""얼음""]",1,,30,,121,"{""totalScore"":77,""reviewCount"":30,""textBadges"":[""위생기능 124위""],""specifications"":{""제품유형"":""데스크형"",""정수타입"":""저수조형"",""필터종류"":""역삼투압(RO)필터"",""필터개수"":""3개"",""편의기능"":""7개"",""살균부위"":""저수조"",""저수조 재질"":""PP"",""분리세척"":""O"",""정량출수"":""O"",""온수온도조절"":""O""},""scoreBreakdown"":{""정수성능"":97,""위생관리"":64,""편의기능"":90,""렌탈료"":60},""detailSn"":3188,""lowerCategorySn"":4020,""detailAverageScore"":77,""recommendLabel"":null}"
ajd,2026-03-27T05:00:16.167Z,https://www.ajd.co.kr/electronics/overview/2010-4020/ranking?tab=1,ajd:CP-WR602HW,쿠쿠,쿠쿠 인스퓨어 지하수 냉온정수기 4.2L (하프형),CP-WR602HW,https://www.ajd.co.kr/electronics/overview/4020/detail/2678,https://image.ajd.kr/PRODUCT_CODE/10779cbe-1b4f-42f4-908b-397962c88a01,"[""냉수"",""온수"",""정수""]",2,,2,,122,"{""totalScore"":76.9,""reviewCount"":2,""textBadges"":[""위생기능 137위""],""specifications"":{""제품유형"":""데스크형"",""정수타입"":""저수조형"",""필터종류"":""역삼투압(RO)필터"",""필터개수"":""4개"",""편의기능"":""5개"",""살균부위"":""-"",""저수조 재질"":""PP"",""분리세척"":""X"",""정량출수"":""X"",""온수온도조절"":""X""},""scoreBreakdown"":{""정수성능"":93,""위생관리"":60,""편의기능"":80,""렌탈료"":80},""detailSn"":2678,""lowerCategorySn"":4020,""detailAverageScore"":76.9,""recommendLabel"":null}"
ajd,2026-03-27T05:00:16.167Z,https://www.ajd.co.kr/electronics/overview/2010-4020/ranking?tab=1,ajd:CP-DN1201S,쿠쿠,쿠쿠 대용량 업소용 냉온정수기 12L (스탠드형),CP-DN1201S,https://www.ajd.co.kr/electronics/overview/4020/detail/2779,https://image.ajd.kr/PRODUCT_CODE/64e53724-4d49-4d75-8de3-0e7cd674b243,"[""냉수"",""온수"",""정수""]",4,,7,,123,"{""totalScore"":76.8,""reviewCount"":7,""textBadges"":[""위생기능 116위""],""specifications"":{""제품유형"":""스탠드형"",""정수타입"":""저수조형"",""필터종류"":""나노필터"",""필터개수"":""4개"",""편의기능"":""4개"",""살균부위"":""-"",""저수조 재질"":""스테인리스"",""분리세척"":""X"",""정량출수"":""X"",""온수온도조절"":""X""},""scoreBreakdown"":{""정수성능"":93,""위생관리"":64,""편의기능"":70,""렌탈료"":80},""detailSn"":2779,""lowerCategorySn"":4020,""detailAverageScore"":76.8,""recommendLabel"":null}"
ajd,2026-03-27T05:00:16.167Z,https://www.ajd.co.kr/electronics/overview/2010-4020/ranking?tab=1,ajd:CP-SS101HW,쿠쿠,쿠쿠 인앤아웃 ICE 10's 정수기 (얼음냉온정),CP-SS101HW,https://www.ajd.co.kr/electronics/overview/4020/detail/3217,https://image.ajd.kr/PRODUCT_CODE/d5bd0444-6a00-47ac-b3ef-2e7502f8d3d4,"[""정수"",""냉수"",""온수"",""얼음""]",4,,114,,124,"{""totalScore"":76.5,""reviewCount"":114,""textBadges"":[""위생기능 25위""],""specifications"":{""제품유형"":""데스크형"",""정수타입"":""저수조형"",""필터종류"":""나노필터"",""필터개수"":""2개"",""편의기능"":""6개"",""살균부위"":""직수관, 코크, 냉수관"",""저수조 재질"":""-"",""분리세척"":""X"",""정량출수"":""O"",""온수온도조절"":""O""},""scoreBreakdown"":{""정수성능"":80,""위생관리"":70,""편의기능"":80,""렌탈료"":80},""detailSn"":3217,""lowerCategorySn"":4020,""detailAverageScore"":78.6,""recommendLabel"":null}"
ajd,2026-03-27T05:00:16.167Z,https://www.ajd.co.kr/electronics/overview/2010-4020/ranking?tab=1,ajd:WI-55S9P510M,청호나이스,청호나이스 스탠드 얼음정수기 550P 9.7L (얼음냉온정),WI-55S9P510M,https://www.ajd.co.kr/electronics/overview/4020/detail/43293,https://image.ajd.kr/PRODUCT_CODE/63b879cf-ef09-49dd-bb80-a2e75d29f09c,"[""냉수"",""온수"",""정수"",""얼음""]",4,,5,,125,"{""totalScore"":76.4,""reviewCount"":5,""textBadges"":[""위생기능 141위""],""specifications"":{""제품유형"":""스탠드형"",""정수타입"":""저수조형"",""필터종류"":""역삼투압(RO)필터"",""필터개수"":""3개"",""편의기능"":""8개"",""살균부위"":""직수관"",""저수조 재질"":""-"",""분리세척"":""O"",""정량출수"":""O"",""온수온도조절"":""X""},""scoreBreakdown"":{""정수성능"":97,""위생관리"":58,""편의기능"":100,""렌탈료"":60},""detailSn"":43293,""lowerCategorySn"":4020,""detailAverageScore"":76.4,""recommendLabel"":null}"
ajd,2026-03-27T05:00:16.167Z,https://www.ajd.co.kr/electronics/overview/2010-4020/ranking?tab=1,ajd:WI-60C9600M(티탄),청호나이스,청호나이스 세니타 얼음정수기 4.37L (얼음냉온정),WI-60C9600M(티탄),https://www.ajd.co.kr/electronics/overview/4020/detail/3191,https://image.ajd.kr/PRODUCT_CODE/a1c6f77f-7b5a-4ded-89b6-5117ca7a0cb5,"[""정수"",""냉수"",""온수"",""얼음""]",4,,10,,126,"{""totalScore"":76.3,""reviewCount"":10,""textBadges"":[""위생기능 133위""],""specifications"":{""제품유형"":""데스크형"",""정수타입"":""저수조형"",""필터종류"":""역삼투압(RO)필터"",""필터개수"":""3개"",""편의기능"":""7개"",""살균부위"":""-"",""저수조 재질"":""PP"",""분리세척"":""O"",""정량출수"":""O"",""온수온도조절"":""O""},""scoreBreakdown"":{""정수성능"":97,""위생관리"":62,""편의기능"":90,""렌탈료"":60},""detailSn"":3191,""lowerCategorySn"":4020,""detailAverageScore"":76.3,""recommendLabel"":null}"
ajd,2026-03-27T05:00:16.167Z,https://www.ajd.co.kr/electronics/overview/2010-4020/ranking?tab=1,ajd:WP-50S90010M,청호나이스,청호나이스 스탠드 정수기 TOTA R 11.2L (냉온정),WP-50S90010M,https://www.ajd.co.kr/electronics/overview/4020/detail/2662,https://image.ajd.kr/PRODUCT_CODE/103ae87d-23b6-4e2a-bed4-3072ab119590,"[""정수"",""냉수"",""온수""]",6,,0,,127,"{""totalScore"":76.3,""reviewCount"":0,""textBadges"":[""위생기능 130위""],""specifications"":{""제품유형"":""스탠드형"",""정수타입"":""저수조형"",""필터종류"":""역삼투압(RO)필터"",""필터개수"":""3개"",""편의기능"":""2개"",""살균부위"":""-"",""저수조 재질"":""PP"",""분리세척"":""X"",""정량출수"":""X"",""온수온도조절"":""X""},""scoreBreakdown"":{""정수성능"":96,""위생관리"":60,""편의기능"":70,""렌탈료"":80},""detailSn"":2662,""lowerCategorySn"":4020,""detailAverageScore"":76.3,""recommendLabel"":null}"
ajd,2026-03-27T05:00:16.167Z,https://www.ajd.co.kr/electronics/overview/2010-4020/ranking?tab=1,ajd:WHCI-25HN,유버스,유버스 아이스가드 얼음정수기 (얼음냉온정),WHCI-25HN,https://www.ajd.co.kr/electronics/overview/4020/detail/52327,https://image.ajd.kr/PRODUCT_CODE/124a33ca-69ea-4ea4-b861-23833b3ac6bd,"[""냉수"",""온수"",""정수"",""얼음""]",3,,0,,128,"{""totalScore"":76.3,""reviewCount"":0,""textBadges"":[""위생기능 49위""],""specifications"":{""제품유형"":""데스크형"",""정수타입"":""직수형"",""필터종류"":""나노필터"",""필터개수"":""3개"",""편의기능"":""6개"",""살균부위"":""코크, 얼음저장고"",""직수관 재질"":""PP"",""분리세척"":""O"",""정량출수"":""O"",""온수온도조절"":""O""},""scoreBreakdown"":{""정수성능"":61,""위생관리"":70,""편의기능"":90,""렌탈료"":100},""detailSn"":52327,""lowerCategorySn"":4020,""detailAverageScore"":76.3,""recommendLabel"":null}"
ajd,2026-03-27T05:00:16.167Z,https://www.ajd.co.kr/electronics/overview/2010-4020/ranking?tab=1,ajd:WPUB600F,SK매직,SK매직 대용량 그랜드 스탠드 정수기 10L (냉온),WPUB600F,https://www.ajd.co.kr/electronics/overview/4020/detail/2780,https://image.ajd.kr/PRODUCT_CODE/da291e04-50cb-41d8-919b-fb3d6f5a389d,"[""냉수"",""온수"",""정수""]",3,,2,,129,"{""totalScore"":76,""reviewCount"":2,""textBadges"":[""위생기능 104위""],""specifications"":{""제품유형"":""스탠드형"",""정수타입"":""저수조형"",""필터종류"":""세디먼트필터, 나노테크필터, 카본필터, 나노필터"",""필터개수"":""4개"",""편의기능"":""5개"",""살균부위"":""-"",""저수조 재질"":""스테인리스"",""분리세척"":""X"",""정량출수"":""X"",""온수온도조절"":""X""},""scoreBreakdown"":{""정수성능"":93,""위생관리"":66,""편의기능"":60,""렌탈료"":80},""detailSn"":2780,""lowerCategorySn"":4020,""detailAverageScore"":76,""recommendLabel"":null}"
ajd,2026-03-27T05:00:16.167Z,https://www.ajd.co.kr/electronics/overview/2010-4020/ranking?tab=1,ajd:WI-60C9600M(베이지),청호나이스,청호나이스 세니타 얼음정수기 4.37L (얼음냉온정),WI-60C9600M(베이지),https://www.ajd.co.kr/electronics/overview/4020/detail/3190,https://image.ajd.kr/PRODUCT_CODE/4dee99cd-2caa-4440-9d82-dc2c5b90eda7,"[""정수"",""냉수"",""온수"",""얼음""]",4,,21,,130,"{""totalScore"":75.6,""reviewCount"":21,""textBadges"":[""위생기능 138위""],""specifications"":{""제품유형"":""데스크형"",""정수타입"":""저수조형"",""필터종류"":""역삼투압(RO)필터"",""필터개수"":""3개"",""편의기능"":""8개"",""살균부위"":""-"",""저수조 재질"":""PP"",""분리세척"":""X"",""정량출수"":""O"",""온수온도조절"":""O""},""scoreBreakdown"":{""정수성능"":97,""위생관리"":60,""편의기능"":90,""렌탈료"":60},""detailSn"":3190,""lowerCategorySn"":4020,""detailAverageScore"":77.7,""recommendLabel"":null}"
ajd,2026-03-27T05:00:16.167Z,https://www.ajd.co.kr/electronics/overview/2010-4020/ranking?tab=1,ajd:WP-80S9P510M,청호나이스,청호나이스 대용량 스탠드 정수기 슈퍼트리 35.8L (냉온정),WP-80S9P510M,https://www.ajd.co.kr/electronics/overview/4020/detail/2673,https://image.ajd.kr/PRODUCT_CODE/5a408591-8978-4bf2-b119-2939e0a417c3,"[""정수"",""냉수"",""온수""]",4,,1,,131,"{""totalScore"":75.6,""reviewCount"":1,""textBadges"":[""위생기능 139위""],""specifications"":{""제품유형"":""스탠드형"",""정수타입"":""저수조형"",""필터종류"":""역삼투압(RO)필터"",""필터개수"":""3개"",""편의기능"":""7개"",""살균부위"":""저수조"",""저수조 재질"":""PP"",""분리세척"":""X"",""정량출수"":""O"",""온수온도조절"":""X""},""scoreBreakdown"":{""정수성능"":97,""위생관리"":60,""편의기능"":90,""렌탈료"":60},""detailSn"":2673,""lowerCategorySn"":4020,""detailAverageScore"":75.6,""recommendLabel"":null}"
ajd,2026-03-27T05:00:16.167Z,https://www.ajd.co.kr/electronics/overview/2010-4020/ranking?tab=1,ajd:UBUS-P202HUF,유버스,유버스 냉온 정수기 (하프형/냉온정),UBUS-P202HUF,https://www.ajd.co.kr/electronics/overview/4020/detail/2775,https://image.ajd.kr/PRODUCT_CODE/f0e5f4ae-83b1-4b02-97c5-356e339ef98d,"[""냉수"",""온수"",""정수""]",4,,0,,132,"{""totalScore"":75.4,""reviewCount"":0,""textBadges"":[""위생기능 142위""],""specifications"":{""제품유형"":""데스크형"",""정수타입"":""저수조형"",""필터종류"":""중공사막"",""필터개수"":""4개"",""편의기능"":""5개"",""살균부위"":""-"",""저수조 재질"":""스테인리스"",""분리세척"":""O"",""정량출수"":""O"",""온수온도조절"":""X""},""scoreBreakdown"":{""정수성능"":82.3,""위생관리"":65,""편의기능"":80,""렌탈료"":80},""detailSn"":2775,""lowerCategorySn"":4020,""detailAverageScore"":75.4,""recommendLabel"":null}"
ajd,2026-03-27T05:00:16.167Z,https://www.ajd.co.kr/electronics/overview/2010-4020/ranking?tab=1,ajd:UBUS-P202SUF,유버스,유버스 냉온정수기 (스탠드형/냉온정),UBUS-P202SUF,https://www.ajd.co.kr/electronics/overview/4020/detail/2770,https://image.ajd.kr/PRODUCT_CODE/aced6b85-aba0-4fb5-8919-5cfddcafb1bb,"[""냉수"",""정수"",""온수""]",4,,0,,133,"{""totalScore"":75.4,""reviewCount"":0,""textBadges"":[""위생기능 143위""],""specifications"":{""제품유형"":""스탠드형"",""정수타입"":""저수조형"",""필터종류"":""중공사막"",""필터개수"":""4개"",""편의기능"":""5개"",""살균부위"":""-"",""저수조 재질"":""스테인리스"",""분리세척"":""O"",""정량출수"":""O"",""온수온도조절"":""X""},""scoreBreakdown"":{""정수성능"":82.3,""위생관리"":65,""편의기능"":80,""렌탈료"":80},""detailSn"":2770,""lowerCategorySn"":4020,""detailAverageScore"":75.4,""recommendLabel"":null}"
ajd,2026-03-27T05:00:16.167Z,https://www.ajd.co.kr/electronics/overview/2010-4020/ranking?tab=1,ajd:WD722R,LG전자,LG 퓨리케어 오브제컬렉션 얼음정수기,WD722R,https://www.ajd.co.kr/electronics/overview/4020/detail/52619,https://image.ajd.kr/PRODUCT_CODE/5d548ab6-129d-441a-848f-77152f29c467,"[""냉수"",""정수"",""온수"",""얼음""]",6,,16,,134,"{""totalScore"":75.2,""reviewCount"":16,""textBadges"":[""얼음전용 6위""],""specifications"":{""제품유형"":""데스크형"",""정수타입"":""직수형"",""필터종류"":""중공사막"",""필터개수"":""2개"",""편의기능"":""11개"",""살균부위"":""얼음저장고, 직수관, 코크"",""직수관 재질"":""스테인리스"",""분리세척"":""O"",""정량출수"":""O"",""온수온도조절"":""O""},""scoreBreakdown"":{""정수성능"":84,""위생관리"":100,""편의기능"":100,""렌탈료"":0},""detailSn"":52619,""lowerCategorySn"":4020,""detailAverageScore"":78.4,""recommendLabel"":null}"
ajd,2026-03-27T05:00:16.167Z,https://www.ajd.co.kr/electronics/overview/2010-4020/ranking?tab=1,ajd:PM40SW/HQP-M40S,현대큐밍,현대큐밍 더퓨어 마크업RO 냉온정수기 17.8L (스탠드),PM40SW/HQP-M40S,https://www.ajd.co.kr/electronics/overview/4020/detail/2684,https://image.ajd.kr/PRODUCT_CODE/98d19370-0dff-4687-a0b0-d0d237c7ecf3,"[""냉수"",""온수"",""정수""]",3,,1,,135,"{""totalScore"":75.1,""reviewCount"":1,""textBadges"":[""위생기능 127위""],""specifications"":{""제품유형"":""스탠드형"",""정수타입"":""저수조형"",""필터종류"":""역삼투압(RO)필터"",""필터개수"":""4개"",""편의기능"":""3개"",""살균부위"":""저수조"",""저수조 재질"":""스테인리스"",""분리세척"":""O"",""정량출수"":""X"",""온수온도조절"":""X""},""scoreBreakdown"":{""정수성능"":94,""위생관리"":64,""편의기능"":70,""렌탈료"":70},""detailSn"":2684,""lowerCategorySn"":4020,""detailAverageScore"":75.1,""recommendLabel"":null}"
ajd,2026-03-27T05:00:16.167Z,https://www.ajd.co.kr/electronics/overview/2010-4020/ranking?tab=1,ajd:CP-AF1601SW/CP-AF1601SW(S),쿠쿠,쿠쿠 인스퓨어 대용량 냉온정수기 16L (스탠드형),CP-AF1601SW/CP-AF1601SW(S),https://www.ajd.co.kr/electronics/overview/4020/detail/46140,https://image.ajd.kr/PRODUCT_CODE/8a3f1a91-ed95-4298-ba7f-d3877e89203a,"[""냉수"",""온수"",""정수""]",6,,3,,136,"{""totalScore"":75.1,""reviewCount"":3,""textBadges"":[""위생기능 126위""],""specifications"":{""제품유형"":""스탠드형"",""정수타입"":""저수조형"",""필터종류"":""나노필터"",""필터개수"":""3개"",""편의기능"":""2개"",""살균부위"":""-"",""저수조 재질"":""PP"",""분리세척"":""X"",""정량출수"":""X"",""온수온도조절"":""X""},""scoreBreakdown"":{""정수성능"":97,""위생관리"":60,""편의기능"":60,""렌탈료"":80},""detailSn"":46140,""lowerCategorySn"":4020,""detailAverageScore"":77.2,""recommendLabel"":null}"
ajd,2026-03-27T05:00:16.167Z,https://www.ajd.co.kr/electronics/overview/2010-4020/ranking?tab=1,ajd:WHCB-80SN,유버스,유버스 업소용 준용량 정수기 14.5L (스탠드형/냉온정),WHCB-80SN,https://www.ajd.co.kr/electronics/overview/4020/detail/43294,https://image.ajd.kr/PRODUCT_CODE/3b1b454a-bbe9-4e5b-a335-af80a6adef85,"[""냉수"",""온수"",""정수""]",4,,1,,137,"{""totalScore"":74.6,""reviewCount"":1,""textBadges"":[""위생기능 132위""],""specifications"":{""제품유형"":""스탠드형"",""정수타입"":""저수조형"",""필터종류"":""나노필터"",""필터개수"":""4개"",""편의기능"":""4개"",""살균부위"":""-"",""저수조 재질"":""PP"",""분리세척"":""O"",""정량출수"":""O"",""온수온도조절"":""X""},""scoreBreakdown"":{""정수성능"":93,""위생관리"":62,""편의기능"":60,""렌탈료"":80},""detailSn"":43294,""lowerCategorySn"":4020,""detailAverageScore"":76.7,""recommendLabel"":null}"
ajd,2026-03-27T05:00:16.167Z,https://www.ajd.co.kr/electronics/overview/2010-4020/ranking?tab=1,ajd:WM371,교원웰스,웰스 RO 중대형 스탠드 정수기 20L (냉온정),WM371,https://www.ajd.co.kr/electronics/overview/4020/detail/2755,https://image.ajd.kr/PRODUCT_CODE/fbcead01-c2f4-4f1d-954e-81ecbcef989e,"[""정수"",""온수"",""냉수""]",1,,0,,138,"{""totalScore"":74.6,""reviewCount"":0,""textBadges"":[""위생기능 134위""],""specifications"":{""제품유형"":""스탠드형"",""정수타입"":""저수조형"",""필터종류"":""역삼투압(RO)필터"",""필터개수"":""4개"",""편의기능"":""5개"",""살균부위"":""-"",""저수조 재질"":""스테인리스"",""분리세척"":""X"",""정량출수"":""X"",""온수온도조절"":""X""},""scoreBreakdown"":{""정수성능"":94,""위생관리"":64,""편의기능"":80,""렌탈료"":60},""detailSn"":2755,""lowerCategorySn"":4020,""detailAverageScore"":74.6,""recommendLabel"":null}"
ajd,2026-03-27T05:00:16.167Z,https://www.ajd.co.kr/electronics/overview/2010-4020/ranking?tab=1,ajd:WD523V,LG전자,LG 퓨리케어 2025 오브제컬렉션 맞춤출수 정수기 (냉온정),WD523V,https://www.ajd.co.kr/electronics/overview/4020/detail/51432,https://image.ajd.kr/PRODUCT_CODE/229ff54f-4322-4afe-9868-bf9ef421987c,"[""냉수"",""온수"",""정수""]",6,,28,,139,"{""totalScore"":74.5,""reviewCount"":28,""textBadges"":[""위생기능 57위""],""specifications"":{""제품유형"":""데스크형"",""정수타입"":""직수형"",""필터종류"":""중공사막"",""필터개수"":""2개"",""편의기능"":""12개"",""살균부위"":""직수관, 코크"",""직수관 재질"":""스테인리스"",""분리세척"":""O"",""정량출수"":""O"",""온수온도조절"":""O""},""scoreBreakdown"":{""정수성능"":84,""위생관리"":98,""편의기능"":100,""렌탈료"":0},""detailSn"":51432,""lowerCategorySn"":4020,""detailAverageScore"":74.5,""recommendLabel"":null}"
ajd,2026-03-27T05:00:16.167Z,https://www.ajd.co.kr/electronics/overview/2010-4020/ranking?tab=1,ajd:WHP-3200,루헨스,루헨스 무전원 정수기 슬림+,WHP-3200,https://www.ajd.co.kr/electronics/overview/4020/detail/3244,https://image.ajd.kr/PRODUCT_CODE/bfaf9c9e-8fb5-4fb6-a936-ad3c1fc990a8,"[""정수""]",3,,0,,140,"{""totalScore"":74.3,""reviewCount"":0,""textBadges"":[""위생기능 148위""],""specifications"":{""제품유형"":""데스크형"",""정수타입"":""직수형"",""필터종류"":""중공사막"",""필터개수"":""2개"",""편의기능"":""5개"",""살균부위"":""-"",""직수관 재질"":""-"",""분리세척"":""O"",""정량출수"":""O"",""온수온도조절"":""X""},""scoreBreakdown"":{""정수성능"":77.8,""위생관리"":62,""편의기능"":75,""렌탈료"":90},""detailSn"":3244,""lowerCategorySn"":4020,""detailAverageScore"":74.3,""recommendLabel"":null}"
ajd,2026-03-27T05:00:16.167Z,https://www.ajd.co.kr/electronics/overview/2010-4020/ranking?tab=1,ajd:CP-AJS801SW/CP-AJS801SW(S),쿠쿠,쿠쿠 대용량 얼음 냉온정수기 6L (스탠드형),CP-AJS801SW/CP-AJS801SW(S),https://www.ajd.co.kr/electronics/overview/4020/detail/46134,https://image.ajd.kr/PRODUCT_CODE/8e03cb2c-240b-4f12-ada2-0840fb95204f,"[""냉수"",""온수"",""얼음"",""정수""]",6,,10,,141,"{""totalScore"":74.2,""reviewCount"":10,""textBadges"":[""위생기능 61위""],""specifications"":{""제품유형"":""스탠드형"",""정수타입"":""저수조형"",""필터종류"":""나노필터"",""필터개수"":""3개"",""편의기능"":""9개"",""살균부위"":""냉수관, 직수관, 저수조"",""저수조 재질"":""-"",""분리세척"":""O"",""정량출수"":""O"",""온수온도조절"":""O""},""scoreBreakdown"":{""정수성능"":97,""위생관리"":86,""편의기능"":100,""렌탈료"":0},""detailSn"":46134,""lowerCategorySn"":4020,""detailAverageScore"":76.3,""recommendLabel"":null}"
ajd,2026-03-27T05:00:16.167Z,https://www.ajd.co.kr/electronics/overview/2010-4020/ranking?tab=1,ajd:WHP-2200,루헨스,루헨스 대용량 냉온정수기 스탠드형 13.2L,WHP-2200,https://www.ajd.co.kr/electronics/overview/4020/detail/2807,https://image.ajd.kr/PRODUCT_CODE/ed165e85-54fe-4cb4-9e22-17d27bb17697,"[""정수"",""냉수"",""온수""]",4,,0,,142,"{""totalScore"":73.5,""reviewCount"":0,""textBadges"":[""위생기능 149위""],""specifications"":{""제품유형"":""스탠드형"",""정수타입"":""저수조형"",""필터종류"":""중공사막"",""필터개수"":""4개"",""편의기능"":""5개"",""살균부위"":""-"",""저수조 재질"":""스테인리스"",""분리세척"":""X"",""정량출수"":""X"",""온수온도조절"":""X""},""scoreBreakdown"":{""정수성능"":77,""위생관리"":64,""편의기능"":80,""렌탈료"":80},""detailSn"":2807,""lowerCategorySn"":4020,""detailAverageScore"":73.5,""recommendLabel"":null}"
ajd,2026-03-27T05:00:16.167Z,https://www.ajd.co.kr/electronics/overview/2010-4020/ranking?tab=1,ajd:WI-53C8600M,청호나이스,청호나이스 얼음 정수기 OMNI plus 3.8L (얼음냉정),WI-53C8600M,https://www.ajd.co.kr/electronics/overview/4020/detail/3166,https://image.ajd.kr/PRODUCT_CODE/7f1f0bec-e0a3-472a-aa27-b9f23b88db04,"[""냉수"",""정수"",""얼음""]",1,,22,,143,"{""totalScore"":73.2,""reviewCount"":22,""textBadges"":[""위생기능 147위""],""specifications"":{""제품유형"":""데스크형"",""정수타입"":""-"",""필터종류"":""역삼투압(RO)필터"",""필터개수"":""3개"",""편의기능"":""7개"",""살균부위"":""-"",""분리세척"":""X"",""정량출수"":""O"",""온수온도조절"":""X""},""scoreBreakdown"":{""정수성능"":96,""위생관리"":54,""편의기능"":90,""렌탈료"":60},""detailSn"":3166,""lowerCategorySn"":4020,""detailAverageScore"":77.4,""recommendLabel"":null}"
ajd,2026-03-27T05:00:16.167Z,https://www.ajd.co.kr/electronics/overview/2010-4020/ranking?tab=1,ajd:WP-30C8560N,청호나이스,청호나이스 직수 정수기 (냉정),WP-30C8560N,https://www.ajd.co.kr/electronics/overview/4020/detail/3077,https://image.ajd.kr/PRODUCT_CODE/14b8af30-745f-4190-9f93-29b623c47865,"[""정수"",""냉수""]",4,,55,,144,"{""totalScore"":73.2,""reviewCount"":55,""textBadges"":[""위생기능 9위""],""specifications"":{""제품유형"":""데스크형"",""정수타입"":""직수형"",""필터종류"":""나노필터"",""필터개수"":""2개"",""편의기능"":""8개"",""살균부위"":""코크, 직수관, 냉수관"",""직수관 재질"":""PP"",""분리세척"":""O"",""정량출수"":""O"",""온수온도조절"":""X""},""scoreBreakdown"":{""정수성능"":79,""위생관리"":70,""편의기능"":60,""렌탈료"":80},""detailSn"":3077,""lowerCategorySn"":4020,""detailAverageScore"":75.3,""recommendLabel"":null}"
ajd,2026-03-27T05:00:16.167Z,https://www.ajd.co.kr/electronics/overview/2010-4020/ranking?tab=1,ajd:WP270UWA,교원웰스,웰스 정수기 미네랄 중형 스탠드 PLUS (냉온정),WP270UWA,https://www.ajd.co.kr/electronics/overview/4020/detail/2714,https://image.ajd.kr/PRODUCT_CODE/0d0335dc-83ac-4bbe-ac9a-724c0a80a3d2,"[""냉수"",""온수"",""정수""]",6,,0,,145,"{""totalScore"":73.2,""reviewCount"":0,""textBadges"":[""위생기능 144위""],""specifications"":{""제품유형"":""스탠드형"",""정수타입"":""저수조형"",""필터종류"":""중공사막"",""필터개수"":""3개"",""편의기능"":""3개"",""살균부위"":""-"",""저수조 재질"":""스테인리스"",""분리세척"":""X"",""정량출수"":""X"",""온수온도조절"":""X""},""scoreBreakdown"":{""정수성능"":81,""위생관리"":64,""편의기능"":70,""렌탈료"":80},""detailSn"":2714,""lowerCategorySn"":4020,""detailAverageScore"":75.3,""recommendLabel"":null}"
ajd,2026-03-27T05:00:16.167Z,https://www.ajd.co.kr/electronics/overview/2010-4020/ranking?tab=1,ajd:HP-815/M15CB,현대큐밍,현대큐밍 더슬림 미니 정수기 (정수전용),HP-815/M15CB,https://www.ajd.co.kr/electronics/overview/4020/detail/3250,https://image.ajd.kr/PRODUCT_CODE/188766cd-2d74-44b1-b7e1-b18299abc232,"[""정수""]",4,,0,,146,"{""totalScore"":72.6,""reviewCount"":0,""textBadges"":[""위생기능 157위""],""specifications"":{""제품유형"":""데스크형"",""정수타입"":""직수형"",""필터종류"":""-"",""필터개수"":""3개"",""편의기능"":""4개"",""살균부위"":""-"",""직수관 재질"":""-"",""분리세척"":""O"",""정량출수"":""X"",""온수온도조절"":""X""},""scoreBreakdown"":{""정수성능"":63,""위생관리"":62,""편의기능"":80,""렌탈료"":100},""detailSn"":3250,""lowerCategorySn"":4020,""detailAverageScore"":72.6,""recommendLabel"":null}"
ajd,2026-03-27T05:00:16.167Z,https://www.ajd.co.kr/electronics/overview/2010-4020/ranking?tab=1,ajd:WHP-4200S,루헨스,루헨스 냉온정수기 데스크형 3.1L,WHP-4200S,https://www.ajd.co.kr/electronics/overview/4020/detail/43439,https://image.ajd.kr/PRODUCT_CODE/623b075c-fa4b-4d26-a61e-9c366feef416,"[""냉수"",""온수"",""정수""]",3,,0,,147,"{""totalScore"":72,""reviewCount"":0,""textBadges"":[""위생기능 72위""],""specifications"":{""제품유형"":""데스크형"",""정수타입"":""저수조형"",""필터종류"":""나노필터"",""필터개수"":""4개"",""편의기능"":""5개"",""살균부위"":""-"",""저수조 재질"":""스테인리스"",""분리세척"":""O"",""정량출수"":""X"",""온수온도조절"":""X""},""scoreBreakdown"":{""정수성능"":77,""위생관리"":64,""편의기능"":70,""렌탈료"":80},""detailSn"":43439,""lowerCategorySn"":4020,""detailAverageScore"":72,""recommendLabel"":null}"
ajd,2026-03-27T05:00:16.167Z,https://www.ajd.co.kr/electronics/overview/2010-4020/ranking?tab=1,ajd:PWD-100NW/SB,풀무원,풀무원 투오 미니 워터 디스펜서 (화이트/블랙),PWD-100NW/SB,https://www.ajd.co.kr/electronics/overview/4020/detail/45264,https://image.ajd.kr/PRODUCT_CODE/c2044839-8888-45d2-bf25-c4854274561d,"[""냉수"",""온수"",""정수""]",1,,0,,148,"{""totalScore"":71.6,""reviewCount"":0,""textBadges"":[""위생기능 159위""],""specifications"":{""제품유형"":""데스크형"",""정수타입"":""저수조형"",""필터종류"":""-"",""필터개수"":""-"",""편의기능"":""4개"",""살균부위"":""-"",""저수조 재질"":""-"",""분리세척"":""X"",""정량출수"":""O"",""온수온도조절"":""X""},""scoreBreakdown"":{""정수성능"":62,""위생관리"":60,""편의기능"":80,""렌탈료"":100},""detailSn"":45264,""lowerCategorySn"":4020,""detailAverageScore"":73.7,""recommendLabel"":null}"
ajd,2026-03-27T05:00:16.167Z,https://www.ajd.co.kr/electronics/overview/2010-4020/ranking?tab=1,ajd:WQ171UWA,교원웰스,웰스 미네랄 정수기 (냉온정),WQ171UWA,https://www.ajd.co.kr/electronics/overview/4020/detail/2675,https://image.ajd.kr/PRODUCT_CODE/ded4f8ed-d2d8-45d5-8b45-87a8866baf53,"[""냉수"",""온수"",""정수""]",2,,1,,149,"{""totalScore"":71.4,""reviewCount"":1,""textBadges"":[""위생기능 145위""],""specifications"":{""제품유형"":""데스크형"",""정수타입"":""저수조형"",""필터종류"":""중공사막"",""필터개수"":""3개"",""편의기능"":""2개"",""살균부위"":""-"",""저수조 재질"":""스테인리스"",""분리세척"":""X"",""정량출수"":""X"",""온수온도조절"":""X""},""scoreBreakdown"":{""정수성능"":80,""위생관리"":64,""편의기능"":60,""렌탈료"":80},""detailSn"":2675,""lowerCategorySn"":4020,""detailAverageScore"":71.4,""recommendLabel"":null}"
ajd,2026-03-27T05:00:16.167Z,https://www.ajd.co.kr/electronics/overview/2010-4020/ranking?tab=1,ajd:WQ271UWA,교원웰스,웰스 미네랄 정수기 스탠드 (냉온정),WQ271UWA,https://www.ajd.co.kr/electronics/overview/4020/detail/2674,https://image.ajd.kr/PRODUCT_CODE/73f91958-07a8-45d0-bb0f-0aee7f5bba8d,"[""냉수"",""온수"",""정수""]",2,,2,,150,"{""totalScore"":71.4,""reviewCount"":2,""textBadges"":[""위생기능 146위""],""specifications"":{""제품유형"":""스탠드형"",""정수타입"":""저수조형"",""필터종류"":""중공사막"",""필터개수"":""3개"",""편의기능"":""3개"",""살균부위"":""-"",""저수조 재질"":""스테인리스"",""분리세척"":""X"",""정량출수"":""X"",""온수온도조절"":""X""},""scoreBreakdown"":{""정수성능"":80,""위생관리"":64,""편의기능"":60,""렌탈료"":80},""detailSn"":2674,""lowerCategorySn"":4020,""detailAverageScore"":71.4,""recommendLabel"":null}"
ajd,2026-03-27T05:00:16.167Z,https://www.ajd.co.kr/electronics/overview/2010-4020/ranking?tab=1,ajd:WM071RWA,교원웰스,웰스 지하수 카운터 정수기 RO (냉온정),WM071RWA,https://www.ajd.co.kr/electronics/overview/4020/detail/2760,https://image.ajd.kr/PRODUCT_CODE/865b9de7-dc06-4a15-bb78-d108a270cdf1,"[""정수"",""냉수"",""온수""]",1,,1,,151,"{""totalScore"":71.3,""reviewCount"":1,""textBadges"":[""위생기능 136위""],""specifications"":{""제품유형"":""데스크형"",""정수타입"":""저수조형"",""필터종류"":""역삼투압(RO)필터"",""필터개수"":""4개"",""편의기능"":""2개"",""살균부위"":""-"",""저수조 재질"":""스테인리스"",""분리세척"":""X"",""정량출수"":""O"",""온수온도조절"":""X""},""scoreBreakdown"":{""정수성능"":93,""위생관리"":64,""편의기능"":60,""렌탈료"":60},""detailSn"":2760,""lowerCategorySn"":4020,""detailAverageScore"":71.3,""recommendLabel"":null}"
ajd,2026-03-27T05:00:16.167Z,https://www.ajd.co.kr/electronics/overview/2010-4020/ranking?tab=1,ajd:WHC-50SU,유버스,유버스 프라임 냉온정수기 (스탠드형/냉온정),WHC-50SU,https://www.ajd.co.kr/electronics/overview/4020/detail/2696,https://image.ajd.kr/PRODUCT_CODE/58a31d08-65c8-4e23-82a8-b3fcf87bcb8c,"[""정수"",""냉수"",""온수""]",4,,0,,152,"{""totalScore"":69.8,""reviewCount"":0,""textBadges"":[""위생기능 155위""],""specifications"":{""제품유형"":""스탠드형"",""정수타입"":""저수조형"",""필터종류"":""-"",""필터개수"":""3개"",""편의기능"":""4개"",""살균부위"":""-"",""저수조 재질"":""PP"",""분리세척"":""O"",""정량출수"":""O"",""온수온도조절"":""X""},""scoreBreakdown"":{""정수성능"":68.8,""위생관리"":62.5,""편의기능"":75,""렌탈료"":80},""detailSn"":2696,""lowerCategorySn"":4020,""detailAverageScore"":69.8,""recommendLabel"":null}"
ajd,2026-03-27T05:00:16.167Z,https://www.ajd.co.kr/electronics/overview/2010-4020/ranking?tab=1,ajd:WHC-50HU,유버스,유버스 프라임 냉온정수기 (하프형/냉온정),WHC-50HU,https://www.ajd.co.kr/electronics/overview/4020/detail/2695,https://image.ajd.kr/PRODUCT_CODE/3b3f450f-4e2b-461f-a508-2965081f9834,"[""냉수"",""온수"",""정수""]",4,,0,,153,"{""totalScore"":69.8,""reviewCount"":0,""textBadges"":[""위생기능 156위""],""specifications"":{""제품유형"":""데스크형"",""정수타입"":""저수조형"",""필터종류"":""-"",""필터개수"":""3개"",""편의기능"":""4개"",""살균부위"":""-"",""저수조 재질"":""PP"",""분리세척"":""O"",""정량출수"":""O"",""온수온도조절"":""X""},""scoreBreakdown"":{""정수성능"":68.8,""위생관리"":62.5,""편의기능"":75,""렌탈료"":80},""detailSn"":2695,""lowerCategorySn"":4020,""detailAverageScore"":69.8,""recommendLabel"":null}"
ajd,2026-03-27T05:00:16.167Z,https://www.ajd.co.kr/electronics/overview/2010-4020/ranking?tab=1,ajd:WP-30B90620N,청호나이스,청호나이스 빌트인 정수기 블리스 (냉온정),WP-30B90620N,https://www.ajd.co.kr/electronics/overview/4020/detail/51414,https://image.ajd.kr/PRODUCT_CODE/c4fc3e67-45ff-4e49-8a8e-7adbc60ea835,"[""냉수"",""온수"",""정수""]",6,,1,,154,"{""totalScore"":69.3,""reviewCount"":1,""textBadges"":[""위생기능 90위""],""specifications"":{""제품유형"":""데스크형"",""정수타입"":""직수형"",""필터종류"":""나노필터"",""필터개수"":""2개"",""편의기능"":""5개"",""살균부위"":""직수관"",""직수관 재질"":""PP"",""분리세척"":""O"",""정량출수"":""O"",""온수온도조절"":""X""},""scoreBreakdown"":{""정수성능"":100,""위생관리"":78,""편의기능"":80,""렌탈료"":0},""detailSn"":51414,""lowerCategorySn"":4020,""detailAverageScore"":69.3,""recommendLabel"":null}"
ajd,2026-03-27T05:00:16.167Z,https://www.ajd.co.kr/electronics/overview/2010-4020/ranking?tab=1,ajd:WP270UWA(업소용),교원웰스,웰스 정수기 미네랄 중형 스탠드 PLUS (냉온정),WP270UWA(업소용),https://www.ajd.co.kr/electronics/overview/4020/detail/2713,https://image.ajd.kr/PRODUCT_CODE/14f9c461-b64b-410d-be0c-da1b2875a7c1,"[""냉수"",""온수"",""정수""]",2,,1,,155,"{""totalScore"":69.2,""reviewCount"":1,""textBadges"":[""위생기능 150위""],""specifications"":{""제품유형"":""스탠드형"",""정수타입"":""저수조형"",""필터종류"":""중공사막"",""필터개수"":""3개"",""편의기능"":""3개"",""살균부위"":""-"",""저수조 재질"":""스테인리스"",""분리세척"":""X"",""정량출수"":""X"",""온수온도조절"":""X""},""scoreBreakdown"":{""정수성능"":81,""위생관리"":64,""편의기능"":70,""렌탈료"":60},""detailSn"":2713,""lowerCategorySn"":4020,""detailAverageScore"":69.2,""recommendLabel"":null}"
ajd,2026-03-27T05:00:16.167Z,https://www.ajd.co.kr/electronics/overview/2010-4020/ranking?tab=1,ajd:EWED351,세스코,세스코 더슬림 냉온정수기 UF 4.1L (카운터),EWED351,https://www.ajd.co.kr/electronics/overview/4020/detail/51823,https://image.ajd.kr/PRODUCT_CODE/079b3e2e-dd7c-4d63-986a-267a8bf3d4a8,"[""냉수"",""온수"",""정수""]",2,,0,,156,"{""totalScore"":68.6,""reviewCount"":0,""textBadges"":[""위생기능 158위""],""specifications"":{""제품유형"":""데스크형"",""정수타입"":""저수조형"",""필터종류"":""중공사막"",""필터개수"":""4개"",""편의기능"":""3개"",""살균부위"":""-"",""저수조 재질"":""스테인리스"",""분리세척"":""O"",""정량출수"":""X"",""온수온도조절"":""X""},""scoreBreakdown"":{""정수성능"":62,""위생관리"":60,""편의기능"":60,""렌탈료"":100},""detailSn"":51823,""lowerCategorySn"":4020,""detailAverageScore"":70.7,""recommendLabel"":null}"
ajd,2026-03-27T05:00:16.167Z,https://www.ajd.co.kr/electronics/overview/2010-4020/ranking?tab=1,ajd:WK370UWA,교원웰스,웰스 미네랄 중대형 스탠드 정수기 20L (냉온정),WK370UWA,https://www.ajd.co.kr/electronics/overview/4020/detail/2758,https://image.ajd.kr/PRODUCT_CODE/2a0d3c5c-c1b9-48d8-801f-7bd8c983314c,"[""정수"",""냉수"",""온수""]",1,,1,,157,"{""totalScore"":68.3,""reviewCount"":1,""textBadges"":[""위생기능 152위""],""specifications"":{""제품유형"":""스탠드형"",""정수타입"":""저수조형"",""필터종류"":""중공사막"",""필터개수"":""4개"",""편의기능"":""2개"",""살균부위"":""-"",""저수조 재질"":""스테인리스"",""분리세척"":""X"",""정량출수"":""X"",""온수온도조절"":""X""},""scoreBreakdown"":{""정수성능"":78,""위생관리"":64,""편의기능"":70,""렌탈료"":60},""detailSn"":2758,""lowerCategorySn"":4020,""detailAverageScore"":68.3,""recommendLabel"":null}"
ajd,2026-03-27T05:00:16.167Z,https://www.ajd.co.kr/electronics/overview/2010-4020/ranking?tab=1,ajd:WK470UWA,교원웰스,웰스 미네랄 대형 스탠드 정수기 32.5L (냉온정),WK470UWA,https://www.ajd.co.kr/electronics/overview/4020/detail/2759,https://image.ajd.kr/PRODUCT_CODE/af6010dd-fac3-4f6a-b701-d1163a4cd171,"[""온수"",""냉수"",""정수""]",1,,0,,158,"{""totalScore"":68.3,""reviewCount"":0,""textBadges"":[""위생기능 153위""],""specifications"":{""제품유형"":""스탠드형"",""정수타입"":""저수조형"",""필터종류"":""중공사막"",""필터개수"":""4개"",""편의기능"":""2개"",""살균부위"":""-"",""저수조 재질"":""스테인리스"",""분리세척"":""X"",""정량출수"":""X"",""온수온도조절"":""X""},""scoreBreakdown"":{""정수성능"":78,""위생관리"":64,""편의기능"":70,""렌탈료"":60},""detailSn"":2759,""lowerCategorySn"":4020,""detailAverageScore"":68.3,""recommendLabel"":null}"
ajd,2026-03-27T05:00:16.167Z,https://www.ajd.co.kr/electronics/overview/2010-4020/ranking?tab=1,ajd:WM960ZSA,교원웰스,웰스 듀얼 살균수기,WM960ZSA,https://www.ajd.co.kr/electronics/overview/4020/detail/3274,https://image.ajd.kr/PRODUCT_CODE/f2280d36-6fa1-47e4-8ecb-b2e31b8a8ac4,"[""정수""]",1,,0,,159,"{""totalScore"":68,""reviewCount"":0,""textBadges"":[""위생기능 160위""],""specifications"":{""제품유형"":""언더싱크"",""정수타입"":""직수형"",""필터종류"":""-"",""필터개수"":""-"",""편의기능"":""-"",""살균부위"":""-"",""직수관 재질"":""-"",""분리세척"":""X"",""정량출수"":""X"",""온수온도조절"":""X""},""scoreBreakdown"":{""정수성능"":60,""위생관리"":60,""편의기능"":60,""렌탈료"":100},""detailSn"":3274,""lowerCategorySn"":4020,""detailAverageScore"":68,""recommendLabel"":null}"
ajd,2026-03-27T05:00:16.167Z,https://www.ajd.co.kr/electronics/overview/2010-4020/ranking?tab=1,ajd:MLP-300H+BL-15DE,유버스,유버스 결합패키지2 샤인 냉온 정수기 (하프형/냉온정) + 라이트비데,MLP-300H+BL-15DE,https://www.ajd.co.kr/electronics/overview/4020/detail/52894,https://image.ajd.kr/PRODUCT_CODE/8d35b976-50c5-467f-b5b2-ab8dfe5158b2,"[""정수"",""온수"",""냉수""]",1,,0,,160,"{""totalScore"":63.9,""reviewCount"":0,""textBadges"":[""제품유형""],""specifications"":{""제품유형"":""데스크형"",""정수타입"":""저수조형"",""필터종류"":""나노필터"",""필터개수"":""4개"",""편의기능"":""6개"",""살균부위"":""-"",""저수조 재질"":""스테인리스"",""분리세척"":""O"",""정량출수"":""O"",""온수온도조절"":""X""},""scoreBreakdown"":{""정수성능"":97.1,""위생관리"":65,""편의기능"":80,""렌탈료"":0},""detailSn"":52894,""lowerCategorySn"":4020,""detailAverageScore"":66,""recommendLabel"":null}"
ajd,2026-03-27T05:00:16.167Z,https://www.ajd.co.kr/electronics/overview/2010-4020/ranking?tab=1,ajd:CP-AK011,쿠쿠,쿠쿠 직수 정수기,CP-AK011,https://www.ajd.co.kr/electronics/overview/4020/detail/51530,https://image.ajd.kr/PRODUCT_CODE/c529e8cf-414d-4a54-9ccd-94371a51629f,"[""정수""]",6,,0,,161,"{""totalScore"":63.2,""reviewCount"":0,""textBadges"":[""위생기능 151위""],""specifications"":{""제품유형"":""데스크형"",""정수타입"":""직수형"",""필터종류"":""나노필터"",""필터개수"":""3개"",""편의기능"":""7개"",""살균부위"":""-"",""직수관 재질"":""PP"",""분리세척"":""O"",""정량출수"":""O"",""온수온도조절"":""X""},""scoreBreakdown"":{""정수성능"":96,""위생관리"":64,""편의기능"":80,""렌탈료"":0},""detailSn"":51530,""lowerCategorySn"":4020,""detailAverageScore"":65.3,""recommendLabel"":null}"
ajd,2026-03-27T05:00:16.167Z,https://www.ajd.co.kr/electronics/overview/2010-4020/ranking?tab=1,ajd:MLP-310S+BL-15DE,유버스,유버스 결합패키지3 샤인 스탠드 정수기 4.5L (스탠드형/냉온정)+ 라이트비데,MLP-310S+BL-15DE,https://www.ajd.co.kr/electronics/overview/4020/detail/52895,https://image.ajd.kr/PRODUCT_CODE/8ee558ce-0e52-4c99-9505-93519b9a8e4b,"[""정수"",""온수"",""냉수""]",1,,0,,162,"{""totalScore"":63,""reviewCount"":0,""textBadges"":[""제품유형""],""specifications"":{""제품유형"":""스탠드형"",""정수타입"":""저수조형"",""필터종류"":""나노필터"",""필터개수"":""4개"",""편의기능"":""5개"",""살균부위"":""-"",""저수조 재질"":""스테인리스"",""분리세척"":""O"",""정량출수"":""X"",""온수온도조절"":""X""},""scoreBreakdown"":{""정수성능"":96.7,""위생관리"":65,""편의기능"":75,""렌탈료"":0},""detailSn"":52895,""lowerCategorySn"":4020,""detailAverageScore"":63,""recommendLabel"":null}"
ajd,2026-03-27T05:00:16.167Z,https://www.ajd.co.kr/electronics/overview/2010-4020/ranking?tab=1,ajd:WS511SH,LG전자,LG 퓨리케어 오브제컬렉션 슬림스탠드 정수기 (냉온정),WS511SH,https://www.ajd.co.kr/electronics/overview/4020/detail/52470,https://image.ajd.kr/PRODUCT_CODE/1097bdc3-651f-4843-b2db-a2462f5bddfd,"[""냉수"",""온수"",""정수""]",6,,0,,163,"{""totalScore"":61.3,""reviewCount"":0,""textBadges"":[""위생기능 168위""],""specifications"":{""제품유형"":""스탠드형"",""정수타입"":""저수조형"",""필터종류"":""중공사막"",""필터개수"":""3개"",""편의기능"":""1개"",""살균부위"":""코크, 직수관"",""저수조 재질"":""스테인리스"",""분리세척"":""X"",""정량출수"":""X"",""온수온도조절"":""X""},""scoreBreakdown"":{""정수성능"":81,""위생관리"":80,""편의기능"":60,""렌탈료"":0},""detailSn"":52470,""lowerCategorySn"":4020,""detailAverageScore"":63.4,""recommendLabel"":null}"
ajd,2026-03-27T05:00:16.167Z,https://www.ajd.co.kr/electronics/overview/2010-4020/ranking?tab=1,ajd:WS513SH,LG전자,LG 퓨리케어 오브제컬렉션 스탠드 정수기 11.2L (냉온정),WS513SH,https://www.ajd.co.kr/electronics/overview/4020/detail/52469,https://image.ajd.kr/PRODUCT_CODE/7fea5e35-2bd2-46ab-a27b-4d5564a770eb,"[""냉수"",""온수"",""정수""]",6,,0,,164,"{""totalScore"":61.3,""reviewCount"":0,""textBadges"":[""위생기능 169위""],""specifications"":{""제품유형"":""스탠드형"",""정수타입"":""저수조형"",""필터종류"":""중공사막"",""필터개수"":""3개"",""편의기능"":""1개"",""살균부위"":""코크, 직수관"",""저수조 재질"":""스테인리스"",""분리세척"":""X"",""정량출수"":""X"",""온수온도조절"":""X""},""scoreBreakdown"":{""정수성능"":81,""위생관리"":80,""편의기능"":60,""렌탈료"":0},""detailSn"":52469,""lowerCategorySn"":4020,""detailAverageScore"":63.4,""recommendLabel"":null}"
ajd,2026-03-27T05:00:16.167Z,https://www.ajd.co.kr/electronics/overview/2010-4020/ranking?tab=1,ajd:CP-AKS011,쿠쿠,쿠쿠 직수 정수기,CP-AKS011,https://www.ajd.co.kr/electronics/overview/4020/detail/48020,https://image.ajd.kr/PRODUCT_CODE/ef6ec3b8-9050-49fd-82c6-2d4b6d1573bf,"[""정수""]",6,,2,,165,"{""totalScore"":58.8,""reviewCount"":2,""textBadges"":[""위생기능 154위""],""specifications"":{""제품유형"":""데스크형"",""정수타입"":""직수형"",""필터종류"":""나노필터"",""필터개수"":""3개"",""편의기능"":""4개"",""살균부위"":""직수관"",""직수관 재질"":""PP"",""분리세척"":""O"",""정량출수"":""O"",""온수온도조절"":""X""},""scoreBreakdown"":{""정수성능"":96,""위생관리"":60,""편의기능"":60,""렌탈료"":0},""detailSn"":48020,""lowerCategorySn"":4020,""detailAverageScore"":58.8,""recommendLabel"":null}"
ajd,2026-03-27T05:00:16.167Z,https://www.ajd.co.kr/electronics/overview/2010-4020/ranking?tab=1,ajd:WHC-54HU,유버스,유버스 프라임UV 정수기 6.3L (하프형/냉온정),WHC-54HU,https://www.ajd.co.kr/electronics/overview/4020/detail/52877,https://image.ajd.kr/PRODUCT_CODE/db73b842-57f3-4b07-a68c-f6d1eae40bfe,"[""냉수"",""온수"",""정수""]",4,,0,,166,"{""totalScore"":53.8,""reviewCount"":0,""textBadges"":[""위생기능 161위""],""specifications"":{""제품유형"":""데스크형"",""정수타입"":""저수조형"",""필터종류"":""중공사막"",""필터개수"":""4개"",""편의기능"":""2개"",""살균부위"":""코크"",""저수조 재질"":""스테인리스"",""분리세척"":""O"",""정량출수"":""X"",""온수온도조절"":""X""},""scoreBreakdown"":{""정수성능"":77,""위생관리"":62,""편의기능"":60,""렌탈료"":0},""detailSn"":52877,""lowerCategorySn"":4020,""detailAverageScore"":53.8,""recommendLabel"":null}"
ajd,2026-03-27T05:00:16.167Z,https://www.ajd.co.kr/electronics/overview/2010-4020/ranking?tab=1,ajd:WHC-54SU,유버스,유버스 프라임UV 정수기 6.3L (스탠드형/냉온정),WHC-54SU,https://www.ajd.co.kr/electronics/overview/4020/detail/52871,https://image.ajd.kr/PRODUCT_CODE/367129af-1c3e-4e79-8cfe-3994f3f9cd6d,"[""냉수"",""온수"",""정수""]",4,,0,,167,"{""totalScore"":53.8,""reviewCount"":0,""textBadges"":[""위생기능 162위""],""specifications"":{""제품유형"":""스탠드형"",""정수타입"":""저수조형"",""필터종류"":""중공사막"",""필터개수"":""4개"",""편의기능"":""2개"",""살균부위"":""코크"",""저수조 재질"":""스테인리스"",""분리세척"":""O"",""정량출수"":""X"",""온수온도조절"":""X""},""scoreBreakdown"":{""정수성능"":77,""위생관리"":62,""편의기능"":60,""렌탈료"":0},""detailSn"":52871,""lowerCategorySn"":4020,""detailAverageScore"":53.8,""recommendLabel"":null}"
ajd,2026-03-27T05:00:16.167Z,https://www.ajd.co.kr/electronics/overview/2010-4020/ranking?tab=1,ajd:EWES752,세스코,세스코 더맥스 냉온정수기 RO (스탠드),EWES752,https://www.ajd.co.kr/electronics/overview/4020/detail/52966,https://image.ajd.kr/PRODUCT_CODE/c2bb99dc-b538-4e4d-82ff-bd09016f0ad4,"[""냉수"",""온수"",""정수""]",4,,0,,168,"{""totalScore"":49,""reviewCount"":0,""textBadges"":[""위생기능 164위""],""specifications"":{""제품유형"":""스탠드형"",""정수타입"":""저수조형"",""필터종류"":""역삼투압(RO)필터"",""필터개수"":""4개"",""편의기능"":""2개"",""살균부위"":""저수조"",""저수조 재질"":""스테인리스"",""분리세척"":""X"",""정량출수"":""X"",""온수온도조절"":""X""},""scoreBreakdown"":{""정수성능"":77,""위생관리"":44,""편의기능"":70,""렌탈료"":0},""detailSn"":52966,""lowerCategorySn"":4020,""detailAverageScore"":50.4,""recommendLabel"":null}"
ajd,2026-03-27T05:00:16.167Z,https://www.ajd.co.kr/electronics/overview/2010-4020/ranking?tab=1,ajd:EWES552,세스코,세스코 더슬림 냉온정수기 더블 RO (스탠드),EWES552,https://www.ajd.co.kr/electronics/overview/4020/detail/52965,https://image.ajd.kr/PRODUCT_CODE/17b722ad-68bf-4202-861c-c85adef96920,"[""냉수"",""온수"",""정수""]",4,,0,,169,"{""totalScore"":49,""reviewCount"":0,""textBadges"":[""위생기능 165위""],""specifications"":{""제품유형"":""스탠드형"",""정수타입"":""저수조형"",""필터종류"":""역삼투압(RO)필터"",""필터개수"":""4개"",""편의기능"":""3개"",""살균부위"":""-"",""저수조 재질"":""스테인리스"",""분리세척"":""O"",""정량출수"":""X"",""온수온도조절"":""X""},""scoreBreakdown"":{""정수성능"":77,""위생관리"":44,""편의기능"":70,""렌탈료"":0},""detailSn"":52965,""lowerCategorySn"":4020,""detailAverageScore"":50.4,""recommendLabel"":null}"
ajd,2026-03-27T05:00:16.167Z,https://www.ajd.co.kr/electronics/overview/2010-4020/ranking?tab=1,ajd:WHCB-85RO,유버스,유버스 대용량 정수기 28.7L (스탠드형/냉온정),WHCB-85RO,https://www.ajd.co.kr/electronics/overview/4020/detail/52878,https://image.ajd.kr/PRODUCT_CODE/7ee21a54-1c34-40d7-afed-8688655798e9,"[""냉수"",""온수"",""정수""]",4,,0,,170,"{""totalScore"":49,""reviewCount"":0,""textBadges"":[""위생기능 163위""],""specifications"":{""제품유형"":""스탠드형"",""정수타입"":""저수조형"",""필터종류"":""역삼투압(RO)필터"",""필터개수"":""4개"",""편의기능"":""2개"",""살균부위"":""-"",""저수조 재질"":""스테인리스"",""분리세척"":""X"",""정량출수"":""X"",""온수온도조절"":""X""},""scoreBreakdown"":{""정수성능"":61,""위생관리"":62,""편의기능"":60,""렌탈료"":0},""detailSn"":52878,""lowerCategorySn"":4020,""detailAverageScore"":49,""recommendLabel"":null}"
ajd,2026-03-27T05:00:16.167Z,https://www.ajd.co.kr/electronics/overview/2010-4020/ranking?tab=1,ajd:EWES751,세스코,세스코 더맥스 냉온정수기 UF 21L (스탠드),EWES751,https://www.ajd.co.kr/electronics/overview/4020/detail/52967,https://image.ajd.kr/PRODUCT_CODE/bd095415-fab4-491c-99b0-daeec2f3a749,"[""냉수"",""온수"",""정수""]",4,,0,,171,"{""totalScore"":45.1,""reviewCount"":0,""textBadges"":[""위생기능 166위""],""specifications"":{""제품유형"":""-"",""정수타입"":""저수조형"",""필터종류"":""중공사막"",""필터개수"":""4개"",""편의기능"":""2개"",""살균부위"":""-"",""저수조 재질"":""스테인리스"",""분리세척"":""X"",""정량출수"":""X"",""온수온도조절"":""O""},""scoreBreakdown"":{""정수성능"":69,""위생관리"":44,""편의기능"":60,""렌탈료"":0},""detailSn"":52967,""lowerCategorySn"":4020,""detailAverageScore"":46.5,""recommendLabel"":null}"
ajd,2026-03-27T05:00:16.167Z,https://www.ajd.co.kr/electronics/overview/2010-4020/ranking?tab=1,ajd:WPD24HU,유버스,유버스 무전원 직수정수기 (정수전용),WPD24HU,https://www.ajd.co.kr/electronics/overview/4020/detail/51821,https://image.ajd.kr/PRODUCT_CODE/b4a310d1-808d-44b4-bb39-8ada9cd50033,"[""정수""]",4,,0,,172,"{""totalScore"":38.4,""reviewCount"":0,""textBadges"":[""위생기능 167위""],""specifications"":{""제품유형"":""데스크형"",""정수타입"":""직수형"",""필터종류"":""중공사막"",""필터개수"":""2개"",""편의기능"":""4개"",""살균부위"":""-"",""직수관 재질"":""PP"",""분리세척"":""O"",""정량출수"":""X"",""온수온도조절"":""X""},""scoreBreakdown"":{""정수성능"":79,""위생관리"":12,""편의기능"":70,""렌탈료"":0},""detailSn"":51821,""lowerCategorySn"":4020,""detailAverageScore"":38.4,""recommendLabel"":null}"
ajd,2026-03-27T05:00:16.167Z,https://www.ajd.co.kr/electronics/overview/2010-4020/ranking?tab=1,ajd:PD24HU+BL-15DE,유버스,유버스 결합패키지4 싱글 무전원 직수정수기 (정수전용) + 라이트비데,PD24HU+BL-15DE,https://www.ajd.co.kr/electronics/overview/4020/detail/52896,https://image.ajd.kr/PRODUCT_CODE/e681b725-6b96-4771-ae25-cbf08f8470c7,"[""정수""]",1,,0,,173,"{""totalScore"":36.3,""reviewCount"":0,""textBadges"":[""제품유형""],""specifications"":{""제품유형"":""데스크형"",""정수타입"":""직수형"",""필터종류"":""중공사막"",""필터개수"":""2개"",""편의기능"":""4개"",""살균부위"":""-"",""직수관 재질"":""PP"",""분리세척"":""O"",""정량출수"":""X"",""온수온도조절"":""X""},""scoreBreakdown"":{""정수성능"":79,""위생관리"":6,""편의기능"":70,""렌탈료"":0},""detailSn"":52896,""lowerCategorySn"":4020,""detailAverageScore"":36.3,""recommendLabel"":null}"
ajd,2026-03-27T05:00:16.167Z,https://www.ajd.co.kr/electronics/overview/2010-4020/ranking?tab=1,ajd:EWES551,세스코,세스코 더슬림 냉온정수기 더블 UF 11L (스탠드),EWES551,https://www.ajd.co.kr/electronics/overview/4020/detail/51825,https://image.ajd.kr/PRODUCT_CODE/cfe830d2-5068-4bd0-87df-7237e62a0936,"[""냉수"",""온수"",""정수""]",2,,0,,174,"{""totalScore"":null,""reviewCount"":0,""textBadges"":[""위생기능 171위""],""specifications"":{""제품유형"":""스탠드형"",""정수타입"":""저수조형"",""필터종류"":""중공사막"",""필터개수"":""4개"",""편의기능"":""4개"",""살균부위"":""-"",""저수조 재질"":""스테인리스"",""분리세척"":""O"",""정량출수"":""X"",""온수온도조절"":""X""},""scoreBreakdown"":{""정수성능"":0,""위생관리"":0,""편의기능"":0,""렌탈료"":0},""detailSn"":51825,""lowerCategorySn"":4020,""detailAverageScore"":0,""recommendLabel"":null}"
ajd,2026-03-27T05:00:16.167Z,https://www.ajd.co.kr/electronics/overview/2010-4020/ranking?tab=1,ajd:EWES351,세스코,세스코 더슬림 냉온정수기 UF 4.5L (스탠드),EWES351,https://www.ajd.co.kr/electronics/overview/4020/detail/51824,https://image.ajd.kr/PRODUCT_CODE/c9428568-d9bd-4669-91b6-f276cd097b48,"[""냉수"",""온수"",""정수""]",2,,0,,175,"{""totalScore"":null,""reviewCount"":0,""textBadges"":[""위생기능 172위""],""specifications"":{""제품유형"":""스탠드형"",""정수타입"":""저수조형"",""필터종류"":""중공사막"",""필터개수"":""4개"",""편의기능"":""4개"",""살균부위"":""-"",""저수조 재질"":""스테인리스"",""분리세척"":""O"",""정량출수"":""X"",""온수온도조절"":""X""},""scoreBreakdown"":{""정수성능"":0,""위생관리"":0,""편의기능"":0,""렌탈료"":0},""detailSn"":51824,""lowerCategorySn"":4020,""detailAverageScore"":0,""recommendLabel"":null}"
miso,2026-03-27T05:00:16.530Z,https://miso.kr/booking/rental/water_purifier,miso:2937,SK매직,초소형 직수,WPUJAC104S,https://miso.kr/booking/rental/water_purifier/WPUJAC104S,https://miso-customer-public.s3.ap-northeast-2.amazonaws.com/rental_img/20240322_purifier/SK/SKP14/SKP14_MAIN_0.png,"[""냉수"",""온수"",""정수""]",32,,,,11,"{""popularity"":1,""listingRank"":11,""listingTag"":""반값할인"",""listingDescription"":""초소형 공간 최적화"",""formFactor"":""데스크형"",""purificationType"":""직수형"",""purifierFunctionsRaw"":""냉온정"",""filterMethod"":null,""colorNames"":[""네추럴 화이트"",""파스텔 블루"",""소프트 핑크"",""다크 그레이""]}"
miso,2026-03-27T05:00:16.530Z,https://miso.kr/booking/rental/water_purifier,miso:2939,코웨이,아이스 스탠드 자이언트,CHPI-5830L,https://miso.kr/booking/rental/water_purifier/CHPI-5830L,https://miso-customer-public.s3.ap-northeast-2.amazonaws.com/rental_img/20240322_purifier/COWAY/COWAYP28/COWAYP28_MAIN_1.png,"[""얼음"",""냉수"",""온수"",""정수""]",12,,,,,"{""popularity"":5,""listingRank"":null,""listingTag"":null,""listingDescription"":null,""formFactor"":""스탠드형"",""purificationType"":""직수형"",""purifierFunctionsRaw"":""얼음냉온정"",""filterMethod"":null,""colorNames"":[""포슬린 화이트"",""페블 그레이""]}"
miso,2026-03-27T05:00:16.530Z,https://miso.kr/booking/rental/water_purifier,miso:2959,SK매직,초소형 라이트 직수,WPUJAC125,https://miso.kr/booking/rental/water_purifier/WPUJAC125,https://miso-customer-public.s3.ap-northeast-2.amazonaws.com/rental_img/20240322_purifier/SK/SKP17/SKP17_MAIN_1.png,"[""냉수"",""온수"",""정수""]",24,,,,3,"{""popularity"":2,""listingRank"":3,""listingTag"":""반값할인"",""listingDescription"":""작지만 알찬 초소형"",""formFactor"":""데스크형"",""purificationType"":""직수형"",""purifierFunctionsRaw"":""냉온정"",""filterMethod"":null,""colorNames"":[""네추럴 화이트"",""바닐라 배이지"",""소프트 핑크""]}"
miso,2026-03-27T05:00:16.530Z,https://miso.kr/booking/rental/water_purifier,miso:3062,청호,옴니 플러스 아이스 (OATMEAL BEIGE),WI-53C9600M,https://miso.kr/booking/rental/water_purifier/WI-53C9600M,https://miso-customer-public.s3.ap-northeast-2.amazonaws.com/rental_img/20240322_purifier/CHUNGHO/CHUNGHOP28/CHUNGHOP28_MAIN_0.png,"[""얼음"",""냉수"",""온수"",""정수""]",1,,,,12,"{""popularity"":4,""listingRank"":12,""listingTag"":""가성비"",""listingDescription"":""얼음 최저가 31900원"",""formFactor"":""데스크형"",""purificationType"":""탱크형"",""purifierFunctionsRaw"":""얼음냉온정"",""filterMethod"":""지하수용"",""colorNames"":[""오트밀 베이지""]}"
miso,2026-03-27T05:00:16.530Z,https://miso.kr/booking/rental/water_purifier,miso:3071,SK매직,초소형 직수,WPUJCC104S,https://miso.kr/booking/rental/water_purifier/WPUJCC104S,https://miso-customer-public.s3.ap-northeast-2.amazonaws.com/rental_img/20240322_purifier/SK/SKP14/SKP14_MAIN_1.png,"[""냉수"",""정수""]",8,,,,,"{""popularity"":1,""listingRank"":null,""listingTag"":null,""listingDescription"":null,""formFactor"":""데스크형"",""purificationType"":""직수형"",""purifierFunctionsRaw"":""냉정"",""filterMethod"":null,""colorNames"":[""네추럴 화이트""]}"
miso,2026-03-27T05:00:16.530Z,https://miso.kr/booking/rental/water_purifier,miso:3110,LG,오브제컬렉션(맞춤출수/냉온정),WD523A,https://miso.kr/booking/rental/water_purifier/WD523A,https://miso-customer-public.s3.ap-northeast-2.amazonaws.com/rental_img/20240322_purifier/LG/LGP3/LGP3_MAIN_1.png,"[""냉수"",""온수"",""정수""]",4,,,,13,"{""popularity"":2,""listingRank"":13,""listingTag"":""공간활용"",""listingDescription"":""가로 세로 맞춤 설치"",""formFactor"":""데스크형"",""purificationType"":""직수형"",""purifierFunctionsRaw"":""냉온정"",""filterMethod"":null,""colorNames"":[""카밍 베이지""]}"
miso,2026-03-27T05:00:16.530Z,https://miso.kr/booking/rental/water_purifier,miso:3134,교원웰스,미미 정수기,WP610NWA,https://miso.kr/booking/rental/water_purifier/WP610NWA,https://miso-customer-public.s3.ap-northeast-2.amazonaws.com/rental_img/20240322_purifier/KYOWON/KYOWONP2/KYOWONP2_MAIN_0.png,"[""정수""]",6,,,,15,"{""popularity"":2,""listingRank"":15,""listingTag"":""정수만"",""listingDescription"":""월 1만원으로 생수 고민 No"",""formFactor"":""데스크형"",""purificationType"":""직수형"",""purifierFunctionsRaw"":""정수"",""filterMethod"":null,""colorNames"":[""화이트""]}"
miso,2026-03-27T05:00:16.530Z,https://miso.kr/booking/rental/water_purifier,miso:3156,SK매직,FS직수,WPUIC110FRSL,https://miso.kr/booking/rental/water_purifier/WPUIC110FRSL,https://miso-customer-public.s3.ap-northeast-2.amazonaws.com/rental_img/20240322_purifier/SK/SKP15/SKP15_MAIN_1.jpg,"[""얼음"",""냉수"",""온수"",""정수""]",2,,,,,"{""popularity"":9,""listingRank"":null,""listingTag"":null,""listingDescription"":null,""formFactor"":""스탠드형"",""purificationType"":""직수형"",""purifierFunctionsRaw"":""얼음냉온정"",""filterMethod"":null,""colorNames"":[""실버""]}"
miso,2026-03-27T05:00:16.530Z,https://miso.kr/booking/rental/water_purifier,miso:3181,코웨이,스탠드 정수기,CHP-700L,https://miso.kr/booking/rental/water_purifier/CHP-700L,https://miso-customer-public.s3.ap-northeast-2.amazonaws.com/rental_img/20240322_purifier/COWAY/COWAYP6/COWAYP6_MAIN_1.png,"[""냉수"",""온수"",""정수""]",1,,,,,"{""popularity"":6,""listingRank"":null,""listingTag"":null,""listingDescription"":null,""formFactor"":""스탠드형"",""purificationType"":""탱크형"",""purifierFunctionsRaw"":""냉온정"",""filterMethod"":""지하수용"",""colorNames"":[""화이트""]}"
miso,2026-03-27T05:00:16.530Z,https://miso.kr/booking/rental/water_purifier,miso:3230,LG,오브제컬렉션 얼음정수기 2025,WD722R,https://miso.kr/booking/rental/water_purifier/WD722R,https://miso-customer-public.s3.ap-northeast-2.amazonaws.com/rental_img/20240322_purifier/LG/LGP23/LGP23_MAIN_1.png,"[""얼음"",""냉수"",""온수"",""정수""]",12,,,,,"{""popularity"":2,""listingRank"":null,""listingTag"":null,""listingDescription"":null,""formFactor"":""데스크형"",""purificationType"":""직수형"",""purifierFunctionsRaw"":""얼음냉온정"",""filterMethod"":null,""colorNames"":[""에센스 화이트"",""블랙"",""카밍 베이지""]}"
miso,2026-03-27T05:00:16.530Z,https://miso.kr/booking/rental/water_purifier,miso:3301,코웨이,아이콘3,CHP-7220N,https://miso.kr/booking/rental/water_purifier/CHP-7220N,https://miso-customer-public.s3.ap-northeast-2.amazonaws.com/rental_img/20240322_purifier/COWAY/COWAYP29/COWAYP29_MAIN_1.png,"[""냉수"",""온수"",""정수""]",48,,,,1,"{""popularity"":1,""listingRank"":1,""listingTag"":""NEW"",""listingDescription"":""스마트 무빙 파우셋 탑재"",""formFactor"":""데스크형"",""purificationType"":""직수형"",""purifierFunctionsRaw"":""냉온정"",""filterMethod"":null,""colorNames"":[""퓨어 화이트"",""페블 그레이"",""씨엘 블루"",""플래티넘 실버"",""블룸 핑크"",""크림 베이지""]}"
miso,2026-03-27T05:00:16.530Z,https://miso.kr/booking/rental/water_purifier,miso:3360,코웨이,아이콘3,CP-7220N,https://miso.kr/booking/rental/water_purifier/CP-7220N,https://miso-customer-public.s3.ap-northeast-2.amazonaws.com/rental_img/20240322_purifier/COWAY/COWAYP30/COWAYP30_MAIN_1.png,"[""냉수"",""정수""]",48,,,,1,"{""popularity"":1,""listingRank"":1,""listingTag"":""NEW"",""listingDescription"":""스마트 무빙 파우셋 탑재"",""formFactor"":""데스크형"",""purificationType"":""직수형"",""purifierFunctionsRaw"":""냉정"",""filterMethod"":null,""colorNames"":[""퓨어 화이트"",""페블 그레이"",""씨엘 블루"",""플래티넘 실버"",""블룸 핑크"",""크림 베이지""]}"
miso,2026-03-27T05:00:16.530Z,https://miso.kr/booking/rental/water_purifier,miso:3418,코웨이,아이스 스탠드 3.0,CHPI-5820L,https://miso.kr/booking/rental/water_purifier/CHPI-5820L,https://miso-customer-public.s3.ap-northeast-2.amazonaws.com/rental_img/20240322_purifier/COWAY/COWAYP31/COWAYP31_MAIN_1.gif,"[""얼음"",""냉수"",""온수""]",12,,,,,"{""popularity"":3,""listingRank"":null,""listingTag"":null,""listingDescription"":null,""formFactor"":""스텐드형"",""purificationType"":""탱크형"",""purifierFunctionsRaw"":""얼음냉온"",""filterMethod"":null,""colorNames"":[""포슬린 화이트"",""페블 그레이""]}"
miso,2026-03-27T05:00:16.530Z,https://miso.kr/booking/rental/water_purifier,miso:3435,코웨이,코웨이 빌트인 스위치 정수기,P-2210N,https://miso.kr/booking/rental/water_purifier/P-2210N,https://miso-customer-public.s3.ap-northeast-2.amazonaws.com/rental_img/20240322_purifier/COWAY/COWAYP32/COWAYP32_MAIN_1.png,"[""정수""]",8,,,,,"{""popularity"":3,""listingRank"":null,""listingTag"":null,""listingDescription"":null,""formFactor"":""언더싱크"",""purificationType"":""직수형"",""purifierFunctionsRaw"":""정수"",""filterMethod"":null,""colorNames"":[""트러플 실버""]}"
miso,2026-03-27T05:00:16.530Z,https://miso.kr/booking/rental/water_purifier,miso:3447,SK매직,언더싱크 정수기,WPU9100CREWH,https://miso.kr/booking/rental/water_purifier/WPU9100CREWH,https://miso-customer-public.s3.ap-northeast-2.amazonaws.com/rental_img/20240322_purifier/SK/SKP18/SKP18_MAIN_1.png,"[""정수""]",1,,,,,"{""popularity"":3,""listingRank"":null,""listingTag"":null,""listingDescription"":null,""formFactor"":""언더싱크"",""purificationType"":""직수형"",""purifierFunctionsRaw"":""정수"",""filterMethod"":null,""colorNames"":[""화이트""]}"
miso,2026-03-27T05:00:16.530Z,https://miso.kr/booking/rental/water_purifier,miso:3453,쿠쿠,인스퓨어 코크살균 하프형 냉온정수기,CP-WS601HW,https://miso.kr/booking/rental/water_purifier/CP-WS601HW,https://miso-customer-public.s3.ap-northeast-2.amazonaws.com/rental_img/20240322_purifier/CUCKOO/CUCKOOP26/CUCKOOP26_MAIN_1.png,"[""냉수"",""온수"",""정수""]",3,,,,,"{""popularity"":3,""listingRank"":null,""listingTag"":null,""listingDescription"":null,""formFactor"":""데스크형"",""purificationType"":""탱크형"",""purifierFunctionsRaw"":""냉온정"",""filterMethod"":null,""colorNames"":[""화이트""]}"
miso,2026-03-27T05:00:16.530Z,https://miso.kr/booking/rental/water_purifier,miso:3460,쿠쿠,인스퓨어 코크살균 스텐드형 냉온정수기,CP-WS601SW,https://miso.kr/booking/rental/water_purifier/CP-WS601SW,https://miso-customer-public.s3.ap-northeast-2.amazonaws.com/rental_img/20240322_purifier/CUCKOO/CUCKOOP27/CUCKOOP27/CUCKOOP27_MAIN_1.png,"[""냉수"",""온수"",""정수""]",3,,,,,"{""popularity"":3,""listingRank"":null,""listingTag"":null,""listingDescription"":null,""formFactor"":""스텐드형"",""purificationType"":""탱크형"",""purifierFunctionsRaw"":""냉온정"",""filterMethod"":null,""colorNames"":[""화이트""]}"
miso,2026-03-27T05:00:16.530Z,https://miso.kr/booking/rental/water_purifier,miso:3467,쿠쿠,인스퓨어 냉온 정수기,CP-AF1601SW,https://miso.kr/booking/rental/water_purifier/CP-AF1601SW,https://miso-customer-public.s3.ap-northeast-2.amazonaws.com/rental_img/20240322_purifier/CUCKOO/CUCKOOP28/CUCKOOP28_MAIN_1.png,"[""냉수"",""온수"",""정수""]",6,,,,,"{""popularity"":3,""listingRank"":null,""listingTag"":null,""listingDescription"":null,""formFactor"":""스텐드형"",""purificationType"":""탱크형"",""purifierFunctionsRaw"":""냉온정"",""filterMethod"":null,""colorNames"":[""화이트""]}"
miso,2026-03-27T05:00:16.530Z,https://miso.kr/booking/rental/water_purifier,miso:3479,쿠쿠,인스퓨어 무전원 빌트인 언더싱크 직수정수기,CP-AD011UGW,https://miso.kr/booking/rental/water_purifier/CP-AD011UGW,https://miso-customer-public.s3.ap-northeast-2.amazonaws.com/rental_img/20240322_purifier/CUCKOO/CUCKOOP29/CUCKOOP29_MAIN_1.jpg,"[""정수""]",2,,,,,"{""popularity"":3,""listingRank"":null,""listingTag"":null,""listingDescription"":null,""formFactor"":""언더싱크형"",""purificationType"":""직수형"",""purifierFunctionsRaw"":""정수"",""filterMethod"":null,""colorNames"":[""화이트""]}"
miso,2026-03-27T05:00:16.530Z,https://miso.kr/booking/rental/water_purifier,miso:3485,LG,오브제컬렉션 음성인식 맞춤출수,WD524VS,https://miso.kr/booking/rental/water_purifier/WD524VS,https://miso-customer-public.s3.ap-northeast-2.amazonaws.com/rental_img/20240322_purifier/LG/LGP24/LGP24_MAIN_1.png,"[""냉수"",""온수"",""정수""]",18,,,,,"{""popularity"":3,""listingRank"":null,""listingTag"":null,""listingDescription"":null,""formFactor"":""데스크형"",""purificationType"":""직수형"",""purifierFunctionsRaw"":""냉온정"",""filterMethod"":null,""colorNames"":[""카밍 크림 그레이"",""카밍 베이지"",""카밍 에센스 화이트""]}"
miso,2026-03-27T05:00:16.530Z,https://miso.kr/booking/rental/water_purifier,miso:3508,청호,아이스트리 큐브 3 제빙기,WI-15C7500,https://miso.kr/booking/rental/water_purifier/WI-15C7500,https://miso-customer-public.s3.ap-northeast-2.amazonaws.com/rental_img/20240322_purifier/CHUNGHO/CHUNGHOP30/CHUNGHOP30_MAIN_1.png,"[""얼음"",""온수"",""정수""]",2,,,,,"{""popularity"":3,""listingRank"":null,""listingTag"":null,""listingDescription"":null,""formFactor"":""데스크형"",""purificationType"":""직수형"",""purifierFunctionsRaw"":""얼음온정"",""filterMethod"":null,""colorNames"":[""블랙 펄""]}"
miso,2026-03-27T05:00:16.530Z,https://miso.kr/booking/rental/water_purifier,miso:1,코웨이,아이콘 얼음 미니,CHPI-7430N,https://miso.kr/booking/rental/water_purifier/CHPI-7430N,https://miso-customer-public.s3.ap-northeast-2.amazonaws.com/rental_img/20240322_purifier/COWAY/COWAYP26/COWAYP26_MAIN_1.png,"[""얼음"",""냉수"",""온수"",""정수""]",40,,,,2,"{""popularity"":2,""listingRank"":2,""listingTag"":""3월 인기"",""listingDescription"":""가로 20cm 슬림 얼음"",""formFactor"":""데스크형"",""purificationType"":""직수형"",""purifierFunctionsRaw"":""얼음냉온정"",""filterMethod"":null,""colorNames"":[""아이스 화이트"",""아이스 그레이"",""아이스 핑크"",""아이스 블루"",""아이스 베이지""]}"
miso,2026-03-27T05:00:16.530Z,https://miso.kr/booking/rental/water_purifier,miso:8,교원웰스,슈퍼쿨링,WQ672NWR,https://miso.kr/booking/rental/water_purifier/WQ672NWR,https://miso-customer-public.s3.ap-northeast-2.amazonaws.com/rental_img/20240322_purifier/KYOWON/KYOWONP11/KYOWONP11_MAIN_0.png,"[""냉수"",""온수"",""정수""]",6,,,,,"{""popularity"":5,""listingRank"":null,""listingTag"":null,""listingDescription"":null,""formFactor"":""데스크형"",""purificationType"":""직수형"",""purifierFunctionsRaw"":""냉온정"",""filterMethod"":null,""colorNames"":[""화이트""]}"
miso,2026-03-27T05:00:16.530Z,https://miso.kr/booking/rental/water_purifier,miso:29,교원웰스,슈퍼쿨링,WQ652NWR,https://miso.kr/booking/rental/water_purifier/WQ652NWR,https://miso-customer-public.s3.ap-northeast-2.amazonaws.com/rental_img/20240322_purifier/KYOWON/KYOWONP11/KYOWONP11_MAIN_1.png,"[""냉수"",""정수""]",6,,,,,"{""popularity"":5,""listingRank"":null,""listingTag"":null,""listingDescription"":null,""formFactor"":""데스크형"",""purificationType"":""직수형"",""purifierFunctionsRaw"":""냉정"",""filterMethod"":null,""colorNames"":[""화이트""]}"
miso,2026-03-27T05:00:16.530Z,https://miso.kr/booking/rental/water_purifier,miso:49,교원웰스,슬림원,WS672M,https://miso.kr/booking/rental/water_purifier/WS672M,https://miso-customer-public.s3.ap-northeast-2.amazonaws.com/rental_img/20240322_purifier/KYOWON/KYOWONP13/KYOWONP13_MAIN_0.png,"[""냉수"",""온수"",""정수""]",12,,,,15,"{""popularity"":3,""listingRank"":15,""listingTag"":""반값할인"",""listingDescription"":""국내최초 미네랄 케어"",""formFactor"":""데스크형"",""purificationType"":""직수형"",""purifierFunctionsRaw"":""냉온정"",""filterMethod"":null,""colorNames"":[""마블 화이트""]}"
miso,2026-03-27T05:00:16.530Z,https://miso.kr/booking/rental/water_purifier,miso:66,교원웰스,슬림원 살균+,WS674M,https://miso.kr/booking/rental/water_purifier/WS674M,https://miso-customer-public.s3.ap-northeast-2.amazonaws.com/rental_img/20240322_purifier/KYOWON/KYOWONP13/KYOWONP13_MAIN_0.png,"[""냉수"",""온수"",""정수""]",24,,,,,"{""popularity"":6,""listingRank"":null,""listingTag"":null,""listingDescription"":null,""formFactor"":""데스크형"",""purificationType"":""직수형"",""purifierFunctionsRaw"":""냉온정"",""filterMethod"":null,""colorNames"":[""마블 웜그레이"",""마블 화이트""]}"
miso,2026-03-27T05:00:16.530Z,https://miso.kr/booking/rental/water_purifier,miso:97,교원웰스,아이스원 얼음정수기,WR872MWA,https://miso.kr/booking/rental/water_purifier/WR872MWA,https://miso-customer-public.s3.ap-northeast-2.amazonaws.com/rental_img/20240322_purifier/KYOWON/KYOWONP10/KYOWONP10_MAIN_1.png,"[""얼음"",""냉수"",""온수"",""정수""]",6,,,,,"{""popularity"":3,""listingRank"":null,""listingTag"":null,""listingDescription"":null,""formFactor"":""데스크형"",""purificationType"":""직수형"",""purifierFunctionsRaw"":""얼음냉온정"",""filterMethod"":null,""colorNames"":[""화이트""]}"
miso,2026-03-27T05:00:16.530Z,https://miso.kr/booking/rental/water_purifier,miso:104,교원웰스,웰스 대용량 정수기,WK470UWA,https://miso.kr/booking/rental/water_purifier/WK470UWA,https://miso-customer-public.s3.ap-northeast-2.amazonaws.com/rental_img/20240322_purifier/KYOWON/KYOWONP3/KYOWONP3_MAIN_1.jpg,"[""냉수"",""온수"",""정수""]",1,,,,,"{""popularity"":9,""listingRank"":null,""listingTag"":null,""listingDescription"":null,""formFactor"":""스탠드형"",""purificationType"":""탱크형"",""purifierFunctionsRaw"":""냉온정"",""filterMethod"":null,""colorNames"":[""화이트""]}"
miso,2026-03-27T05:00:16.530Z,https://miso.kr/booking/rental/water_purifier,miso:111,교원웰스,웰스 미네랄 중용량,WP270UWA,https://miso.kr/booking/rental/water_purifier/WP270UWA,https://miso-customer-public.s3.ap-northeast-2.amazonaws.com/rental_img/20240322_purifier/KYOWON/KYOWONP4/KYOWONP4_MAIN_1.jpg,"[""냉수"",""온수"",""정수""]",6,,,,,"{""popularity"":9,""listingRank"":null,""listingTag"":null,""listingDescription"":null,""formFactor"":""스탠드형"",""purificationType"":""탱크형"",""purifierFunctionsRaw"":""냉온정"",""filterMethod"":null,""colorNames"":[""화이트""]}"
miso,2026-03-27T05:00:16.530Z,https://miso.kr/booking/rental/water_purifier,miso:126,교원웰스,웰스 정수기 RO,WM071,https://miso.kr/booking/rental/water_purifier/WM071,https://miso-customer-public.s3.ap-northeast-2.amazonaws.com/rental_img/20240322_purifier/KYOWON/KYOWONP1/KYOWONP1_MAIN_1.png,"[""냉수"",""온수"",""정수""]",1,,,,,"{""popularity"":12,""listingRank"":null,""listingTag"":null,""listingDescription"":null,""formFactor"":""데스크형"",""purificationType"":""탱크형"",""purifierFunctionsRaw"":""냉온정"",""filterMethod"":""지하수용"",""colorNames"":[""화이트""]}"
miso,2026-03-27T05:00:16.530Z,https://miso.kr/booking/rental/water_purifier,miso:132,교원웰스,RO 중대형 스탠드,WM371,https://miso.kr/booking/rental/water_purifier/WM371,https://miso-customer-public.s3.ap-northeast-2.amazonaws.com/rental_img/20240322_purifier/KYOWON/KYOWONP6/KYOWONP6_MAIN_1.png,"[""냉수"",""온수"",""정수""]",1,,,,,"{""popularity"":12,""listingRank"":null,""listingTag"":null,""listingDescription"":null,""formFactor"":""스탠드형"",""purificationType"":""탱크형"",""purifierFunctionsRaw"":""냉온정"",""filterMethod"":""지하수용"",""colorNames"":[""화이트""]}"
miso,2026-03-27T05:00:16.530Z,https://miso.kr/booking/rental/water_purifier,miso:138,교원웰스,RO 중대형 스탠드 업소용,WM371_C,https://miso.kr/booking/rental/water_purifier/WM371_C,https://miso-customer-public.s3.ap-northeast-2.amazonaws.com/rental_img/20240322_purifier/KYOWON/KYOWONP6/KYOWONP6_MAIN_1.png,"[""냉수"",""온수"",""정수""]",1,,,,,"{""popularity"":12,""listingRank"":null,""listingTag"":null,""listingDescription"":null,""formFactor"":""스탠드형"",""purificationType"":""탱크형"",""purifierFunctionsRaw"":""냉온정"",""filterMethod"":""지하수용"",""colorNames"":[""화이트""]}"
miso,2026-03-27T05:00:16.530Z,https://miso.kr/booking/rental/water_purifier,miso:144,세스코,살균ON 얼음정수기,EWDD951,https://miso.kr/booking/rental/water_purifier/EWDD951,https://miso-customer-public.s3.ap-northeast-2.amazonaws.com/rental_img/20240322_purifier/CESCO/CESCOP2/CESCOP2_MAIN_0.png,"[""얼음"",""냉수"",""온수"",""정수""]",2,,,,,"{""popularity"":5,""listingRank"":null,""listingTag"":null,""listingDescription"":null,""formFactor"":""데스크형"",""purificationType"":""직수형"",""purifierFunctionsRaw"":""얼음냉온정"",""filterMethod"":null,""colorNames"":[""화이트""]}"
miso,2026-03-27T05:00:16.530Z,https://miso.kr/booking/rental/water_purifier,miso:146,청호,얼음냉온정수기 550,WI-55S90510M,https://miso.kr/booking/rental/water_purifier/WI-55S90510M,https://miso-customer-public.s3.ap-northeast-2.amazonaws.com/rental_img/20240322_purifier/CHUNGHO/CHUNGHOP3/CHUNGHOP3_MAIN.png,"[""얼음"",""냉수"",""온수"",""정수""]",8,,,,,"{""popularity"":6,""listingRank"":null,""listingTag"":null,""listingDescription"":null,""formFactor"":""스탠드형"",""purificationType"":""탱크형"",""purifierFunctionsRaw"":""얼음냉온정"",""filterMethod"":""지하수용"",""colorNames"":[""블루블랙"",""오트밀 베이지""]}"
miso,2026-03-27T05:00:16.530Z,https://miso.kr/booking/rental/water_purifier,miso:148,세스코,살균ON 직수,EWBD151,https://miso.kr/booking/rental/water_purifier/EWBD151,https://miso-customer-public.s3.ap-northeast-2.amazonaws.com/rental_img/20240322_purifier/CESCO/CESCOP1/CESCOP1_MAIN.jpg,"[""냉수"",""온수"",""정수""]",8,,,,,"{""popularity"":5,""listingRank"":null,""listingTag"":null,""listingDescription"":null,""formFactor"":""데스크형"",""purificationType"":""직수형"",""purifierFunctionsRaw"":""냉온정"",""filterMethod"":null,""colorNames"":[""화이트"",""그린""]}"
miso,2026-03-27T05:00:16.530Z,https://miso.kr/booking/rental/water_purifier,miso:182,세스코,The슬림,EWBD351,https://miso.kr/booking/rental/water_purifier/EWBD351,https://miso-customer-public.s3.ap-northeast-2.amazonaws.com/rental_img/20240322_purifier/CESCO/CESCOP3/CESCOP3_MAIN_1.png,"[""냉수"",""온수"",""정수""]",2,,,,,"{""popularity"":4,""listingRank"":null,""listingTag"":null,""listingDescription"":null,""formFactor"":""데스크형"",""purificationType"":""탱크형"",""purifierFunctionsRaw"":""냉온정"",""filterMethod"":null,""colorNames"":[""화이트""]}"
miso,2026-03-27T05:00:16.530Z,https://miso.kr/booking/rental/water_purifier,miso:188,세스코,The슬림,EWBS351,https://miso.kr/booking/rental/water_purifier/EWBS351,https://miso-customer-public.s3.ap-northeast-2.amazonaws.com/rental_img/20240322_purifier/CESCO/CESCOP4/CESCOP4_MAIN_1.jpg,"[""냉수"",""온수"",""정수""]",2,,,,,"{""popularity"":4,""listingRank"":null,""listingTag"":null,""listingDescription"":null,""formFactor"":""스탠드형"",""purificationType"":""탱크형"",""purifierFunctionsRaw"":""냉온정"",""filterMethod"":null,""colorNames"":[""화이트""]}"
miso,2026-03-27T05:00:16.530Z,https://miso.kr/booking/rental/water_purifier,miso:194,청호,뉴 러블리트리,WP-50C90621N,https://miso.kr/booking/rental/water_purifier/WP-50C90621N,https://miso-customer-public.s3.ap-northeast-2.amazonaws.com/rental_img/20240322_purifier/CHUNGHO/CHUNGHOP10/CHUNGHOP10_MAIN_0.gif,"[""냉수"",""온수"",""정수""]",18,,,,,"{""popularity"":4,""listingRank"":null,""listingTag"":null,""listingDescription"":null,""formFactor"":""데스크형"",""purificationType"":""직수형"",""purifierFunctionsRaw"":""냉온정"",""filterMethod"":null,""colorNames"":[""오트밀 베이지"",""라벤더"",""피치""]}"
miso,2026-03-27T05:00:16.530Z,https://miso.kr/booking/rental/water_purifier,miso:237,청호,뉴 아이스트리,WI-36C90620N,https://miso.kr/booking/rental/water_purifier/WI-36C90620N,https://miso-customer-public.s3.ap-northeast-2.amazonaws.com/rental_img/20240322_purifier/CHUNGHO/CHUNGHOP2/CHUNGHOP2_MAIN_0.png,"[""얼음"",""냉수"",""온수"",""정수""]",18,,,,,"{""popularity"":3,""listingRank"":null,""listingTag"":null,""listingDescription"":null,""formFactor"":""데스크형"",""purificationType"":""직수형"",""purifierFunctionsRaw"":""얼음냉온정"",""filterMethod"":null,""colorNames"":[""라벤더"",""오트밀 베이지"",""피치""]}"
miso,2026-03-27T05:00:16.530Z,https://miso.kr/booking/rental/water_purifier,miso:245,청호,얼음냉온정수기 550 P,WI-55S9P510M,https://miso.kr/booking/rental/water_purifier/WI-55S9P510M,https://miso-customer-public.s3.ap-northeast-2.amazonaws.com/rental_img/20240322_purifier/CHUNGHO/CHUNGHOP3/CHUNGHOP3_MAIN.png,"[""얼음"",""냉수"",""온수"",""정수""]",8,,,,,"{""popularity"":6,""listingRank"":null,""listingTag"":null,""listingDescription"":null,""formFactor"":""스탠드형"",""purificationType"":""탱크형"",""purifierFunctionsRaw"":""얼음냉온정"",""filterMethod"":""지하수용"",""colorNames"":[""블루블랙"",""오트밀 베이지""]}"
miso,2026-03-27T05:00:16.530Z,https://miso.kr/booking/rental/water_purifier,miso:269,쿠쿠,인스퓨어 대용량 얼음,CP-AJS801SW,https://miso.kr/booking/rental/water_purifier/CP-AJS801SW,https://miso-customer-public.s3.ap-northeast-2.amazonaws.com/rental_img/20240322_purifier/CUCKOO/CUCKOOP14/CUCKOOP14_MAIN_1.png,"[""얼음"",""냉수"",""온수"",""정수""]",6,,,,,"{""popularity"":3,""listingRank"":null,""listingTag"":null,""listingDescription"":null,""formFactor"":""스탠드형"",""purificationType"":""탱크형"",""purifierFunctionsRaw"":""얼음냉온정"",""filterMethod"":null,""colorNames"":[""노블 화이트""]}"
miso,2026-03-27T05:00:16.530Z,https://miso.kr/booking/rental/water_purifier,miso:3515,청호,옴니 플러스 아이스  (WHITE),WI-53C8600M,https://miso.kr/booking/rental/water_purifier/WI-53C8600M,https://miso-customer-public.s3.ap-northeast-2.amazonaws.com/rental_img/20240322_purifier/CHUNGHO/CHUNGHOP31/CHUNGHOP31_MAIN_1.jpg,"[""얼음"",""냉수"",""정수""]",1,,,,,"{""popularity"":3,""listingRank"":null,""listingTag"":null,""listingDescription"":null,""formFactor"":""데스크형"",""purificationType"":""탱크형"",""purifierFunctionsRaw"":""얼음냉정"",""filterMethod"":null,""colorNames"":[""화이트""]}"
miso,2026-03-27T05:00:16.530Z,https://miso.kr/booking/rental/water_purifier,miso:3522,청호,옴니 플러스 아이스  (WHITE),WI-53C9600M,https://miso.kr/booking/rental/water_purifier/WI-53C9600M,,"[""얼음"",""냉수"",""온수"",""정수""]",1,,,,12,"{""popularity"":3,""listingRank"":12,""listingTag"":""가성비"",""listingDescription"":""얼음 정수기 최저가: 29,900원"",""formFactor"":""데스크형"",""purificationType"":""탱크형"",""purifierFunctionsRaw"":""얼음냉온정"",""filterMethod"":null,""colorNames"":[""화이트""]}"
miso,2026-03-27T05:00:16.530Z,https://miso.kr/booking/rental/water_purifier,miso:276,코웨이,얼음정수기 RO (지하수용),CHPI-7521L,https://miso.kr/booking/rental/water_purifier/CHPI-7521L,https://miso-customer-public.s3.ap-northeast-2.amazonaws.com/rental_img/20240322_purifier/COWAY/COWAYP15/COWAYP15_MAIN_0.png,"[""얼음"",""냉수"",""온수"",""정수""]",16,,,,,"{""popularity"":7,""listingRank"":null,""listingTag"":null,""listingDescription"":null,""formFactor"":""데스크형"",""purificationType"":""탱크형"",""purifierFunctionsRaw"":""얼음냉온정"",""filterMethod"":""지하수용"",""colorNames"":[""아이스 화이트"",""아이스 그레이""]}"
miso,2026-03-27T05:00:16.530Z,https://miso.kr/booking/rental/water_purifier,miso:279,청호,메타 디지털,WP-46S90510M,https://miso.kr/booking/rental/water_purifier/WP-46S90510M,https://miso-customer-public.s3.ap-northeast-2.amazonaws.com/rental_img/20240322_purifier/CHUNGHO/CHUNGHOP4/CHUNGHOP4_MAIN.jpg,"[""냉수"",""온수"",""정수""]",12,,,,,"{""popularity"":5,""listingRank"":null,""listingTag"":null,""listingDescription"":null,""formFactor"":""스탠드형"",""purificationType"":""탱크형"",""purifierFunctionsRaw"":""냉온정"",""filterMethod"":""지하수용"",""colorNames"":[""라벤더"",""오트밀 베이지"",""피치""]}"
miso,2026-03-27T05:00:16.530Z,https://miso.kr/booking/rental/water_purifier,miso:299,청호,메타 디지털,WP-46S80510M,https://miso.kr/booking/rental/water_purifier/WP-46S80510M,https://miso-customer-public.s3.ap-northeast-2.amazonaws.com/rental_img/20240322_purifier/CHUNGHO/CHUNGHOP4/CHUNGHOP4_MAIN.jpg,"[""냉수"",""정수""]",12,,,,,"{""popularity"":5,""listingRank"":null,""listingTag"":null,""listingDescription"":null,""formFactor"":""스탠드형"",""purificationType"":""탱크형"",""purifierFunctionsRaw"":""냉정"",""filterMethod"":""지하수용"",""colorNames"":[""라벤더"",""오트밀 베이지"",""피치""]}"
miso,2026-03-27T05:00:16.530Z,https://miso.kr/booking/rental/water_purifier,miso:319,청호,메타 디지털 P,WP-46S9P510M,https://miso.kr/booking/rental/water_purifier/WP-46S9P510M,https://miso-customer-public.s3.ap-northeast-2.amazonaws.com/rental_img/20240322_purifier/CHUNGHO/CHUNGHOP5/CHUNGHOP5_MAIN.jpg,"[""냉수"",""온수"",""정수""]",4,,,,,"{""popularity"":8,""listingRank"":null,""listingTag"":null,""listingDescription"":null,""formFactor"":""스탠드형"",""purificationType"":""탱크형"",""purifierFunctionsRaw"":""냉온정"",""filterMethod"":""지하수용"",""colorNames"":[""오트밀 베이지""]}"
miso,2026-03-27T05:00:16.530Z,https://miso.kr/booking/rental/water_purifier,miso:331,청호,블리스,WP-30B90620N,https://miso.kr/booking/rental/water_purifier/WP-30B90620N,https://miso-customer-public.s3.ap-northeast-2.amazonaws.com/rental_img/20240322_purifier/CHUNGHO/CHUNGHOP1/CHUNGHOP1_MAIN_0.gif,"[""냉수"",""온수"",""정수""]",12,,,,,"{""popularity"":5,""listingRank"":null,""listingTag"":null,""listingDescription"":null,""formFactor"":""언더싱크"",""purificationType"":""직수형"",""purifierFunctionsRaw"":""냉온정"",""filterMethod"":null,""colorNames"":[""화이트"",""블랙""]}"
miso,2026-03-27T05:00:16.530Z,https://miso.kr/booking/rental/water_purifier,miso:350,청호,세니타,WP-60C90010M,https://miso.kr/booking/rental/water_purifier/WP-60C90010M,https://miso-customer-public.s3.ap-northeast-2.amazonaws.com/rental_img/20240322_purifier/CHUNGHO/CHUNGHOP6/CHUNGHOP6_MAIN.jpg,"[""냉수"",""온수"",""정수""]",8,,,,,"{""popularity"":7,""listingRank"":null,""listingTag"":null,""listingDescription"":null,""formFactor"":""데스크형"",""purificationType"":""탱크형"",""purifierFunctionsRaw"":""냉온정"",""filterMethod"":""지하수용"",""colorNames"":[""오트밀 베이지"",""티탄""]}"
miso,2026-03-27T05:00:16.530Z,https://miso.kr/booking/rental/water_purifier,miso:370,청호,셀프 직수정수기,WP-30C8460N,https://miso.kr/booking/rental/water_purifier/WP-30C8460N,https://miso-customer-public.s3.ap-northeast-2.amazonaws.com/rental_img/20240322_purifier/CHUNGHO/CHUNGHOP16/CHUNGHOP16_MAIN_1.png,"[""냉수"",""정수""]",2,,,,,"{""popularity"":3,""listingRank"":null,""listingTag"":null,""listingDescription"":null,""formFactor"":""데스크형"",""purificationType"":""직수형"",""purifierFunctionsRaw"":""냉정"",""filterMethod"":null,""colorNames"":[""오트밀 베이지""]}"
miso,2026-03-27T05:00:16.530Z,https://miso.kr/booking/rental/water_purifier,miso:378,청호,셀프 직수정수기2,WP-30C9560N,https://miso.kr/booking/rental/water_purifier/WP-30C9560N,https://miso-customer-public.s3.ap-northeast-2.amazonaws.com/rental_img/20240322_purifier/CHUNGHO/CHUNGHOP9/CHUNGHOP9_MAIN.png,"[""냉수"",""온수"",""정수""]",8,,,,,"{""popularity"":4,""listingRank"":null,""listingTag"":null,""listingDescription"":null,""formFactor"":""데스크형"",""purificationType"":""직수형"",""purifierFunctionsRaw"":""냉온정"",""filterMethod"":null,""colorNames"":[""화이트"",""실버""]}"
miso,2026-03-27T05:00:16.530Z,https://miso.kr/booking/rental/water_purifier,miso:397,청호,슈퍼 아이스트리,WI-80S9P510M,https://miso.kr/booking/rental/water_purifier/WI-80S9P510M,https://miso-customer-public.s3.ap-northeast-2.amazonaws.com/rental_img/20240322_purifier/CHUNGHO/CHUNGHOP11/CHUNGHOP11_MAIN.jpg,"[""얼음"",""냉수"",""온수"",""정수""]",8,,,,,"{""popularity"":6,""listingRank"":null,""listingTag"":null,""listingDescription"":null,""formFactor"":""스탠드형"",""purificationType"":""탱크형"",""purifierFunctionsRaw"":""얼음냉온정"",""filterMethod"":""지하수용"",""colorNames"":[""블랙"",""오트밀 베이지""]}"
miso,2026-03-27T05:00:16.530Z,https://miso.kr/booking/rental/water_purifier,miso:436,청호,슈퍼트리,WP-80S9P510M,https://miso.kr/booking/rental/water_purifier/WP-80S9P510M,https://miso-customer-public.s3.ap-northeast-2.amazonaws.com/rental_img/20240322_purifier/CHUNGHO/CHUNGHOP12/CHUNGHOP12_MAIN.png,"[""냉수"",""온수"",""정수""]",4,,,,,"{""popularity"":6,""listingRank"":null,""listingTag"":null,""listingDescription"":null,""formFactor"":""스탠드형"",""purificationType"":""탱크형"",""purifierFunctionsRaw"":""냉온정"",""filterMethod"":""지하수용"",""colorNames"":[""오트밀 베이지""]}"
miso,2026-03-27T05:00:16.530Z,https://miso.kr/booking/rental/water_purifier,miso:451,청호,아이스트리 플리,WI-60C90511M,https://miso.kr/booking/rental/water_purifier/WI-60C90511M,https://miso-customer-public.s3.ap-northeast-2.amazonaws.com/rental_img/20240322_purifier/CHUNGHO/CHUNGHOP8/CHUNGHOP8_MAIN_0.png,"[""얼음"",""냉수"",""온수"",""정수""]",8,,,,,"{""popularity"":3,""listingRank"":null,""listingTag"":null,""listingDescription"":null,""formFactor"":""데스크형"",""purificationType"":""탱크형"",""purifierFunctionsRaw"":""얼음냉온정"",""filterMethod"":""지하수용"",""colorNames"":[""다크 그레이"",""오트밀 베이지""]}"
miso,2026-03-27T05:00:16.530Z,https://miso.kr/booking/rental/water_purifier,miso:454,코웨이,AIS 얼음정수기,CHPI-7511L,https://miso.kr/booking/rental/water_purifier/CHPI-7511L,https://miso-customer-public.s3.ap-northeast-2.amazonaws.com/rental_img/20240322_purifier/COWAY/COWAYP20/COWAYP20_MAIN_1.jpg,"[""얼음"",""냉수"",""온수"",""정수""]",8,,,,,"{""popularity"":4,""listingRank"":null,""listingTag"":null,""listingDescription"":null,""formFactor"":""데스크형"",""purificationType"":""탱크형"",""purifierFunctionsRaw"":""얼음냉온정"",""filterMethod"":""지하수용"",""colorNames"":[""미스티 그레이""]}"
miso,2026-03-27T05:00:16.530Z,https://miso.kr/booking/rental/water_purifier,miso:456,쿠쿠,ZERO 100S 끓인물 얼음정수기,CP-SS100,https://miso.kr/booking/rental/water_purifier/CP-SS100,https://miso-customer-public.s3.ap-northeast-2.amazonaws.com/rental_img/20240322_purifier/CUCKOO/CUCKOOP20/CUCKOOP20_MAIN_1.jpg,"[""얼음"",""냉수"",""온수"",""정수""]",30,,,,,"{""popularity"":4,""listingRank"":null,""listingTag"":null,""listingDescription"":null,""formFactor"":""데스크형"",""purificationType"":""직수형 "",""purifierFunctionsRaw"":""얼음냉온정"",""filterMethod"":null,""colorNames"":[""화이트"",""그레이스 블루"",""그레이스 핑크"",""그레이스 화이트"",""그레이스 민트""]}"
miso,2026-03-27T05:00:16.530Z,https://miso.kr/booking/rental/water_purifier,miso:472,청호,아이스트리 플리,WI-60C80511M,https://miso.kr/booking/rental/water_purifier/WI-60C80511M,https://miso-customer-public.s3.ap-northeast-2.amazonaws.com/rental_img/20240322_purifier/CHUNGHO/CHUNGHOP8/CHUNGHOP8_MAIN_0.png,"[""얼음"",""냉수"",""정수""]",8,,,,,"{""popularity"":3,""listingRank"":null,""listingTag"":null,""listingDescription"":null,""formFactor"":""데스크형"",""purificationType"":""탱크형"",""purifierFunctionsRaw"":""얼음냉정"",""filterMethod"":""지하수용"",""colorNames"":[""다크 그레이"",""오트밀 베이지""]}"
miso,2026-03-27T05:00:16.530Z,https://miso.kr/booking/rental/water_purifier,miso:518,청호,옴니 플러스 아이스 (OATMEAL BEIGE),WI-53C8600M,https://miso.kr/booking/rental/water_purifier/WI-53C8600M,https://miso-customer-public.s3.ap-northeast-2.amazonaws.com/rental_img/20240322_purifier/CHUNGHO/CHUNGHOP28/CHUNGHOP28_MAIN_2.png,"[""얼음"",""냉수"",""정수""]",1,,,,,"{""popularity"":4,""listingRank"":null,""listingTag"":null,""listingDescription"":null,""formFactor"":""데스크형"",""purificationType"":""탱크형"",""purifierFunctionsRaw"":""얼음냉정"",""filterMethod"":""지하수용"",""colorNames"":[""오트밀 베이지""]}"
miso,2026-03-27T05:00:16.530Z,https://miso.kr/booking/rental/water_purifier,miso:525,청호,이과수 일반정수기,CHP-1290D,https://miso.kr/booking/rental/water_purifier/CHP-1290D,https://miso-customer-public.s3.ap-northeast-2.amazonaws.com/rental_img/20240322_purifier/CHUNGHO/CHUNGHOP20/CHUNGHOP20_MAIN.jpg,"[""정수""]",3,,,,,"{""popularity"":5,""listingRank"":null,""listingTag"":null,""listingDescription"":null,""formFactor"":""데스크형"",""purificationType"":""직수형"",""purifierFunctionsRaw"":""정수"",""filterMethod"":null,""colorNames"":[""화이트""]}"
miso,2026-03-27T05:00:16.530Z,https://miso.kr/booking/rental/water_purifier,miso:536,청호,플리 냉온정,WP-60C90511M,https://miso.kr/booking/rental/water_purifier/WP-60C90511M,https://miso-customer-public.s3.ap-northeast-2.amazonaws.com/rental_img/20240322_purifier/CHUNGHO/CHUNGHOP27/CHUNGHOP27_MAIN_0.png,"[""냉수"",""온수"",""정수""]",8,,,,,"{""popularity"":3,""listingRank"":null,""listingTag"":null,""listingDescription"":null,""formFactor"":""데스크형"",""purificationType"":""탱크형"",""purifierFunctionsRaw"":""냉온정"",""filterMethod"":""지하수용"",""colorNames"":[""다크 그레이"",""오트밀 베이지""]}"
miso,2026-03-27T05:00:16.530Z,https://miso.kr/booking/rental/water_purifier,miso:553,청호,플리 냉정,WP-60C80511M,https://miso.kr/booking/rental/water_purifier/WP-60C80511M,https://miso-customer-public.s3.ap-northeast-2.amazonaws.com/rental_img/20240322_purifier/CHUNGHO/CHUNGHOP27/CHUNGHOP27_MAIN_1.png,"[""냉수"",""정수""]",8,,,,,"{""popularity"":3,""listingRank"":null,""listingTag"":null,""listingDescription"":null,""formFactor"":""데스크형"",""purificationType"":""탱크형"",""purifierFunctionsRaw"":""냉정"",""filterMethod"":""지하수용"",""colorNames"":[""다크 그레이"",""오트밀 베이지""]}"
miso,2026-03-27T05:00:16.530Z,https://miso.kr/booking/rental/water_purifier,miso:569,청호,ANNIE PLUS(애니 플러스),WP-35C90010N,https://miso.kr/booking/rental/water_purifier/WP-35C90010N,https://miso-customer-public.s3.ap-northeast-2.amazonaws.com/rental_img/20240322_purifier/CHUNGHO/CHUNGHOP14/CHUNGHOP14_MAIN_1.png,"[""냉수"",""온수"",""정수""]",2,,,,,"{""popularity"":6,""listingRank"":null,""listingTag"":null,""listingDescription"":null,""formFactor"":""데스크형"",""purificationType"":""탱크형"",""purifierFunctionsRaw"":""냉온정"",""filterMethod"":null,""colorNames"":[""화이트""]}"
miso,2026-03-27T05:00:16.530Z,https://miso.kr/booking/rental/water_purifier,miso:576,청호,NEW 700,WI-70S90010M,https://miso.kr/booking/rental/water_purifier/WI-70S90010M,https://miso-customer-public.s3.ap-northeast-2.amazonaws.com/rental_img/20240322_purifier/CHUNGHO/CHUNGHOP21/CHUNGHOP21_MAIN.jpeg,"[""얼음"",""냉수"",""온수"",""정수""]",8,,,,,"{""popularity"":7,""listingRank"":null,""listingTag"":null,""listingDescription"":null,""formFactor"":""스탠드형"",""purificationType"":""탱크형"",""purifierFunctionsRaw"":""얼음냉온정"",""filterMethod"":""지하수용"",""colorNames"":[""블루블랙"",""오트밀 베이지""]}"
miso,2026-03-27T05:00:16.530Z,https://miso.kr/booking/rental/water_purifier,miso:585,청호,NEW 700 P,WI-70S9P010M,https://miso.kr/booking/rental/water_purifier/WI-70S9P010M,https://miso-customer-public.s3.ap-northeast-2.amazonaws.com/rental_img/20240322_purifier/CHUNGHO/CHUNGHOP21/CHUNGHOP21_MAIN.jpeg,"[""얼음"",""냉수"",""온수"",""정수""]",8,,,,,"{""popularity"":7,""listingRank"":null,""listingTag"":null,""listingDescription"":null,""formFactor"":""스탠드형"",""purificationType"":""탱크형"",""purifierFunctionsRaw"":""얼음냉온정"",""filterMethod"":""지하수용"",""colorNames"":[""블루블랙"",""오트밀 베이지""]}"
miso,2026-03-27T05:00:16.530Z,https://miso.kr/booking/rental/water_purifier,miso:612,청호,NEW 디지털,WP-45S9P010M,https://miso.kr/booking/rental/water_purifier/WP-45S9P010M,https://miso-customer-public.s3.ap-northeast-2.amazonaws.com/rental_img/20240322_purifier/CHUNGHO/CHUNGHOP22/CHUNGHOP22_MAIN_1.jpg,"[""냉수"",""온수"",""정수""]",2,,,,,"{""popularity"":7,""listingRank"":null,""listingTag"":null,""listingDescription"":null,""formFactor"":""스탠드형"",""purificationType"":""탱크형"",""purifierFunctionsRaw"":""냉온정"",""filterMethod"":""지하수용"",""colorNames"":[""화이트""]}"
miso,2026-03-27T05:00:16.530Z,https://miso.kr/booking/rental/water_purifier,miso:622,청호,TOTA R 정수기,WP-50S90010M,https://miso.kr/booking/rental/water_purifier/WP-50S90010M,https://miso-customer-public.s3.ap-northeast-2.amazonaws.com/rental_img/20240322_purifier/CHUNGHO/CHUNGHOP26/CHUNGHOP26_MAIN.png,"[""냉수"",""온수"",""정수""]",6,,,,,"{""popularity"":7,""listingRank"":null,""listingTag"":null,""listingDescription"":null,""formFactor"":""스탠드형"",""purificationType"":""탱크형"",""purifierFunctionsRaw"":""냉온정"",""filterMethod"":""지하수용"",""colorNames"":[""오트밀 베이지""]}"
miso,2026-03-27T05:00:16.530Z,https://miso.kr/booking/rental/water_purifier,miso:639,청호,TOTA S 정수기,WP-50S90010U,https://miso.kr/booking/rental/water_purifier/WP-50S90010U,https://miso-customer-public.s3.ap-northeast-2.amazonaws.com/rental_img/20240322_purifier/CHUNGHO/CHUNGHOP26/CHUNGHOP26_MAIN.png,"[""냉수"",""온수"",""정수""]",6,,,,,"{""popularity"":7,""listingRank"":null,""listingTag"":null,""listingDescription"":null,""formFactor"":""스탠드형"",""purificationType"":""탱크형"",""purifierFunctionsRaw"":""냉온정"",""filterMethod"":""지하수용"",""colorNames"":[""오트밀 베이지""]}"
miso,2026-03-27T05:00:16.530Z,https://miso.kr/booking/rental/water_purifier,miso:656,코웨이,나노 직수 미니,P-350N,https://miso.kr/booking/rental/water_purifier/P-350N,https://miso-customer-public.s3.ap-northeast-2.amazonaws.com/rental_img/20240322_purifier/COWAY/COWAYP1/COWAYP1_MAIN_0.png,"[""정수""]",24,,,,,"{""popularity"":3,""listingRank"":null,""listingTag"":null,""listingDescription"":null,""formFactor"":""데스크형"",""purificationType"":""직수형"",""purifierFunctionsRaw"":""정수"",""filterMethod"":null,""colorNames"":[""도브 화이트"",""오트밀 베이지"",""실버""]}"
miso,2026-03-27T05:00:16.530Z,https://miso.kr/booking/rental/water_purifier,miso:697,코웨이,노블 가로,CHP-8210N,https://miso.kr/booking/rental/water_purifier/CHP-8210N,https://miso-customer-public.s3.ap-northeast-2.amazonaws.com/rental_img/20240322_purifier/COWAY/COWAYP5/COWAYP5_MAIN_0.png,"[""냉수"",""온수"",""정수""]",32,,,,,"{""popularity"":7,""listingRank"":null,""listingTag"":null,""listingDescription"":null,""formFactor"":""데스크형"",""purificationType"":""직수형"",""purifierFunctionsRaw"":""냉온정"",""filterMethod"":null,""colorNames"":[""포슬린 화이트"",""플래티넘 실버"",""브론즈 베이지"",""페블 그레이""]}"
miso,2026-03-27T05:00:16.530Z,https://miso.kr/booking/rental/water_purifier,miso:739,코웨이,노블 빌트인,CHP-3140N,https://miso.kr/booking/rental/water_purifier/CHP-3140N,https://miso-customer-public.s3.ap-northeast-2.amazonaws.com/rental_img/20240322_purifier/COWAY/COWAYP3/COWAYP3_MAIN_1.png,"[""냉수"",""온수"",""정수""]",30,,,,,"{""popularity"":3,""listingRank"":null,""listingTag"":null,""listingDescription"":null,""formFactor"":""언더싱크"",""purificationType"":""직수형"",""purifierFunctionsRaw"":""냉온정"",""filterMethod"":null,""colorNames"":[""포슬린 화이트"",""플래티넘 실버"",""페블 그레이"",""마호가니 브라운"",""브론즈 베이지""]}"
miso,2026-03-27T05:00:16.530Z,https://miso.kr/booking/rental/water_purifier,miso:787,코웨이,노블 빌트인,CP-3140N,https://miso.kr/booking/rental/water_purifier/CP-3140N,https://miso-customer-public.s3.ap-northeast-2.amazonaws.com/rental_img/20240322_purifier/COWAY/COWAYP3/COWAYP3_MAIN_1.png,"[""냉수"",""정수""]",24,,,,,"{""popularity"":3,""listingRank"":null,""listingTag"":null,""listingDescription"":null,""formFactor"":""언더싱크"",""purificationType"":""직수형"",""purifierFunctionsRaw"":""냉정"",""filterMethod"":null,""colorNames"":[""포슬린 화이트"",""플래티넘 실버"",""페블 그레이"",""브론즈 베이지""]}"
miso,2026-03-27T05:00:16.530Z,https://miso.kr/booking/rental/water_purifier,miso:829,코웨이,스위치 정수기,P-2200N,https://miso.kr/booking/rental/water_purifier/P-2200N,https://miso-customer-public.s3.ap-northeast-2.amazonaws.com/rental_img/20240322_purifier/COWAY/COWAYP13/COWAYP13_MAIN_0.png,"[""정수""]",32,,,,15,"{""popularity"":2,""listingRank"":15,""listingTag"":""1인 가구"",""listingDescription"":""1만원대 컴팩트 정수기"",""formFactor"":""데스크형"",""purificationType"":""직수형"",""purifierFunctionsRaw"":""정수"",""filterMethod"":null,""colorNames"":[""포슬린 화이트"",""트러플 실버"",""다크 그레이"",""크림 베이지""]}"
miso,2026-03-27T05:00:16.530Z,https://miso.kr/booking/rental/water_purifier,miso:869,코웨이,아이스 스탠드,CHPI-5801L,https://miso.kr/booking/rental/water_purifier/CHPI-5801L,https://miso-customer-public.s3.ap-northeast-2.amazonaws.com/rental_img/20240322_purifier/COWAY/COWAYP7/COWAYP7_MAIN_1.png,"[""얼음"",""냉수"",""온수"",""정수""]",4,,,,,"{""popularity"":5,""listingRank"":null,""listingTag"":null,""listingDescription"":null,""formFactor"":""스탠드형"",""purificationType"":""탱크형"",""purifierFunctionsRaw"":""얼음냉온정"",""filterMethod"":""지하수용"",""colorNames"":[""화이트"",""블랙""]}"
miso,2026-03-27T05:00:16.530Z,https://miso.kr/booking/rental/water_purifier,miso:878,코웨이,워터스탠드 정수기2,CHP-5711L,https://miso.kr/booking/rental/water_purifier/CHP-5711L,https://miso-customer-public.s3.ap-northeast-2.amazonaws.com/rental_img/20240322_purifier/COWAY/COWAYP23/COWAYP23_MAIN.jpg,"[""냉수"",""온수"",""정수""]",12,,,,,"{""popularity"":5,""listingRank"":null,""listingTag"":null,""listingDescription"":null,""formFactor"":""스탠드형"",""purificationType"":""탱크형"",""purifierFunctionsRaw"":""냉온정"",""filterMethod"":""지하수용"",""colorNames"":[""화이트""]}"
miso,2026-03-27T05:00:16.530Z,https://miso.kr/booking/rental/water_purifier,miso:880,코웨이,워터스탠드 플러스,CHP-5730L,https://miso.kr/booking/rental/water_purifier/CHP-5730L,https://miso-customer-public.s3.ap-northeast-2.amazonaws.com/rental_img/20240322_purifier/COWAY/COWAYP27/COWAYP27_MAIN_1.png,"[""냉수"",""온수"",""정수""]",6,,,,,"{""popularity"":7,""listingRank"":null,""listingTag"":null,""listingDescription"":null,""formFactor"":""스탠드형"",""purificationType"":""탱크형"",""purifierFunctionsRaw"":""냉온정"",""filterMethod"":""지하수용"",""colorNames"":[""화이트""]}"
miso,2026-03-27T05:00:16.530Z,https://miso.kr/booking/rental/water_purifier,miso:882,코웨이,아이콘 얼음 맥스,CHPI-7420N,https://miso.kr/booking/rental/water_purifier/CHPI-7420N,https://miso-customer-public.s3.ap-northeast-2.amazonaws.com/rental_img/20240322_purifier/COWAY/COWAYP2/COWAYP2_MAIN_1.JPEG,"[""얼음"",""냉수"",""온수"",""정수""]",24,,,,,"{""popularity"":3,""listingRank"":null,""listingTag"":null,""listingDescription"":null,""formFactor"":""데스크형"",""purificationType"":""직수형"",""purifierFunctionsRaw"":""얼음냉온정"",""filterMethod"":null,""colorNames"":[""아이스 화이트"",""아이스 그레이"",""아이스 블루""]}"
miso,2026-03-27T05:00:16.530Z,https://miso.kr/booking/rental/water_purifier,miso:947,SK매직,초소형 플러스 직수,WPUJAC115S,https://miso.kr/booking/rental/water_purifier/WPUJAC115S,https://miso-customer-public.s3.ap-northeast-2.amazonaws.com/rental_img/20240322_purifier/SK/SKP5/SKP5_MAIN_0.png,"[""냉수"",""온수"",""정수""]",16,,,,,"{""popularity"":2,""listingRank"":null,""listingTag"":null,""listingDescription"":null,""formFactor"":""데스크형"",""purificationType"":""직수형"",""purifierFunctionsRaw"":""냉온정"",""filterMethod"":null,""colorNames"":[""네추럴 화이트"",""네추럴 실버""]}"
miso,2026-03-27T05:00:16.530Z,https://miso.kr/booking/rental/water_purifier,miso:986,코웨이,아이콘 얼음 스탠다드,CHPI-7410N,https://miso.kr/booking/rental/water_purifier/CHPI-7410N,https://miso-customer-public.s3.ap-northeast-2.amazonaws.com/rental_img/20240322_purifier/COWAY/COWAYP25/COWAYP25_MAIN_1.gif,"[""얼음"",""냉수"",""온수"",""정수""]",32,,,,,"{""popularity"":2,""listingRank"":null,""listingTag"":null,""listingDescription"":null,""formFactor"":""데스크형"",""purificationType"":""직수형"",""purifierFunctionsRaw"":""얼음냉온정"",""filterMethod"":null,""colorNames"":[""아이스 화이트"",""아이스 그레이"",""아이스 블루"",""아이스 핑크""]}"
miso,2026-03-27T05:00:16.530Z,https://miso.kr/booking/rental/water_purifier,miso:1000,SK매직,원코크 얼음물 V2,WPUIAC414S,https://miso.kr/booking/rental/water_purifier/WPUIAC414S,https://miso-customer-public.s3.ap-northeast-2.amazonaws.com/rental_img/20240322_purifier/SK/SKP16/SKP16_MAIN_0.png,"[""얼음"",""냉수"",""온수"",""정수""]",36,,,,4,"{""popularity"":2,""listingRank"":4,""listingTag"":""반값할인"",""listingDescription"":""아이스룸 무상 교체"",""formFactor"":""데스크형"",""purificationType"":""직수형"",""purifierFunctionsRaw"":""얼음냉온정"",""filterMethod"":null,""colorNames"":[""옵틱 화이트"",""파스텔 블루"",""소프트 핑크"",""파스텔 세이지 그린""]}"
miso,2026-03-27T05:00:16.530Z,https://miso.kr/booking/rental/water_purifier,miso:1003,쿠쿠,제로 100 슬림 얼음 바리스타,CP-AHSC100,https://miso.kr/booking/rental/water_purifier/CP-AHSC100,https://miso-customer-public.s3.ap-northeast-2.amazonaws.com/rental_img/20240322_purifier/CUCKOO/CUCKOOP8/CUCKOOP8_MAIN_1.png,"[""얼음"",""냉수"",""온수"",""정수""]",12,,,,,"{""popularity"":6,""listingRank"":null,""listingTag"":null,""listingDescription"":null,""formFactor"":""데스크형"",""purificationType"":""직수형"",""purifierFunctionsRaw"":""얼음냉온정"",""filterMethod"":null,""colorNames"":[""어스 화이트"",""어스 브라운""]}"
miso,2026-03-27T05:00:16.530Z,https://miso.kr/booking/rental/water_purifier,miso:1038,코웨이,아이콘 얼음 스탠다드,CPI-7410N,https://miso.kr/booking/rental/water_purifier/CPI-7410N,https://miso-customer-public.s3.ap-northeast-2.amazonaws.com/rental_img/20240322_purifier/COWAY/COWAYP25/COWAYP25_MAIN_1.gif,"[""얼음"",""냉수"",""정수""]",32,,,,,"{""popularity"":2,""listingRank"":null,""listingTag"":null,""listingDescription"":null,""formFactor"":""데스크형"",""purificationType"":""직수형"",""purifierFunctionsRaw"":""얼음냉정"",""filterMethod"":null,""colorNames"":[""아이스 화이트"",""아이스 그레이"",""아이스 블루"",""아이스 핑크""]}"
miso,2026-03-27T05:00:16.530Z,https://miso.kr/booking/rental/water_purifier,miso:1134,코웨이,아이콘 얼음 오리지널,CPI-7400N,https://miso.kr/booking/rental/water_purifier/CPI-7400N,https://miso-customer-public.s3.ap-northeast-2.amazonaws.com/rental_img/20240322_purifier/COWAY/COWAYP24/COWAYP24_MAIN_0.png,"[""얼음"",""냉수"",""정수""]",32,,,,,"{""popularity"":1,""listingRank"":null,""listingTag"":null,""listingDescription"":null,""formFactor"":""데스크형"",""purificationType"":""직수형"",""purifierFunctionsRaw"":""얼음냉정"",""filterMethod"":null,""colorNames"":[""아이스 블루"",""아이스 그레이"",""아이스 핑크"",""아이스 화이트""]}"
miso,2026-03-27T05:00:16.530Z,https://miso.kr/booking/rental/water_purifier,miso:1192,코웨이,아이콘 얼음 오리지널,CHPI-7400N,https://miso.kr/booking/rental/water_purifier/CHPI-7400N,https://miso-customer-public.s3.ap-northeast-2.amazonaws.com/rental_img/20240322_purifier/COWAY/COWAYP24/COWAYP24_MAIN_0.png,"[""얼음"",""냉수"",""온수"",""정수""]",32,,,,5,"{""popularity"":1,""listingRank"":5,""listingTag"":""반값할인"",""listingDescription"":""미소 인기 얼음정수기"",""formFactor"":""데스크형"",""purificationType"":""직수형"",""purifierFunctionsRaw"":""얼음냉온정"",""filterMethod"":null,""colorNames"":[""아이스 블루"",""아이스 그레이"",""아이스 핑크"",""아이스 화이트""]}"
miso,2026-03-27T05:00:16.530Z,https://miso.kr/booking/rental/water_purifier,miso:1250,쿠쿠,제로 100 슬림 얼음,CP-AHS100H,https://miso.kr/booking/rental/water_purifier/CP-AHS100H,https://miso-customer-public.s3.ap-northeast-2.amazonaws.com/rental_img/20240322_purifier/CUCKOO/CUCKOOP21/CUCKOOP21_MAIN_0.png,"[""얼음"",""냉수"",""온수"",""정수""]",24,,,,6,"{""popularity"":1,""listingRank"":6,""listingTag"":""반값할인"",""listingDescription"":""슬림 얼음정수기"",""formFactor"":""데스크형"",""purificationType"":""직수형"",""purifierFunctionsRaw"":""얼음냉온정"",""filterMethod"":null,""colorNames"":[""어스 그레이"",""어스 베이지"",""어스 브라운"",""어스 화이트""]}"
miso,2026-03-27T05:00:16.530Z,https://miso.kr/booking/rental/water_purifier,miso:1280,SK매직,원코크 플러스 얼음물,WPUIAC425S,https://miso.kr/booking/rental/water_purifier/WPUIAC425S,https://miso-customer-public.s3.ap-northeast-2.amazonaws.com/rental_img/20240322_purifier/SK/SKP1/SKP1_MAIN_0.png,"[""얼음"",""냉수"",""온수"",""정수""]",12,,,,7,"{""popularity"":2,""listingRank"":7,""listingTag"":""얼음특화"",""listingDescription"":""강도 or 크기 맞춤선택"",""formFactor"":""데스크형"",""purificationType"":""직수형"",""purifierFunctionsRaw"":""얼음냉온정"",""filterMethod"":null,""colorNames"":[""네추럴 화이트"",""뉴트럴 실버""]}"
miso,2026-03-27T05:00:16.530Z,https://miso.kr/booking/rental/water_purifier,miso:1317,코웨이,아이콘 프로,CHP-7212N,https://miso.kr/booking/rental/water_purifier/CHP-7212N,https://miso-customer-public.s3.ap-northeast-2.amazonaws.com/rental_img/20240322_purifier/COWAY/COWAYP4/COWAYP4_MAIN_0.png,"[""냉수"",""온수"",""정수""]",40,,,,8,"{""popularity"":2,""listingRank"":8,""listingTag"":""TV CF"",""listingDescription"":""풀터치 스크린 조작"",""formFactor"":""데스크형"",""purificationType"":""직수형"",""purifierFunctionsRaw"":""냉온정"",""filterMethod"":null,""colorNames"":[""포슬린 화이트"",""페블 블랙"",""아이언 실버"",""브론즈 베이지"",""아이시 블루""]}"
miso,2026-03-27T05:00:16.530Z,https://miso.kr/booking/rental/water_purifier,miso:1343,코웨이,아이콘2,CP-7211N,https://miso.kr/booking/rental/water_purifier/CP-7211N,https://miso-customer-public.s3.ap-northeast-2.amazonaws.com/rental_img/20240322_purifier/COWAY/COWAYP11/COWAYP11_MAIN_1.jpg,"[""냉수"",""정수""]",48,,,,,"{""popularity"":1,""listingRank"":null,""listingTag"":null,""listingDescription"":null,""formFactor"":""데스크형"",""purificationType"":""직수형"",""purifierFunctionsRaw"":""냉정"",""filterMethod"":null,""colorNames"":[""스노우 화이트"",""미네랄 블루"",""민트 그린"",""블러썸 핑크"",""트러플 실버"",""페블 그레이""]}"
miso,2026-03-27T05:00:16.530Z,https://miso.kr/booking/rental/water_purifier,miso:1456,코웨이,엘리트 빌트인 정수기,CHP-1111N,https://miso.kr/booking/rental/water_purifier/CHP-1111N,https://miso-customer-public.s3.ap-northeast-2.amazonaws.com/rental_img/20240322_purifier/COWAY/COWAYP10/COWAYP10_MAIN_0.gif,"[""냉수"",""온수"",""정수""]",32,,,,,"{""popularity"":7,""listingRank"":null,""listingTag"":null,""listingDescription"":null,""formFactor"":""언더싱크"",""purificationType"":""직수형"",""purifierFunctionsRaw"":""냉온정"",""filterMethod"":null,""colorNames"":[""페블 그레이"",""쿼츠 브라운"",""아이시 블루"",""아이언 실버""]}"
miso,2026-03-27T05:00:16.530Z,https://miso.kr/booking/rental/water_purifier,miso:1498,코웨이,엘리트 정수기(지하수),CHP-6340L,https://miso.kr/booking/rental/water_purifier/CHP-6340L,https://miso-customer-public.s3.ap-northeast-2.amazonaws.com/rental_img/20240322_purifier/COWAY/COWAYP12/COWAYP12_MAIN_1.jpg,"[""냉수"",""온수"",""정수""]",4,,,,,"{""popularity"":4,""listingRank"":null,""listingTag"":null,""listingDescription"":null,""formFactor"":""데스크형"",""purificationType"":""탱크형"",""purifierFunctionsRaw"":""냉온정"",""filterMethod"":""지하수용"",""colorNames"":[""포슬린 화이트""]}"
miso,2026-03-27T05:00:16.530Z,https://miso.kr/booking/rental/water_purifier,miso:1514,코웨이,엘리트 정수기(지하수),CP-6340L,https://miso.kr/booking/rental/water_purifier/CP-6340L,https://miso-customer-public.s3.ap-northeast-2.amazonaws.com/rental_img/20240322_purifier/COWAY/COWAYP12/COWAYP12_MAIN_1.jpg,"[""냉수"",""정수""]",4,,,,,"{""popularity"":4,""listingRank"":null,""listingTag"":null,""listingDescription"":null,""formFactor"":""데스크형"",""purificationType"":""탱크형"",""purifierFunctionsRaw"":""냉정"",""filterMethod"":""지하수용"",""colorNames"":[""포슬린 화이트""]}"
miso,2026-03-27T05:00:16.530Z,https://miso.kr/booking/rental/water_purifier,miso:1545,코웨이,프라임 스탠드,CHP-5720L,https://miso.kr/booking/rental/water_purifier/CHP-5720L,https://miso-customer-public.s3.ap-northeast-2.amazonaws.com/rental_img/20240322_purifier/COWAY/COWAYP17/COWAYP17_MAIN_1.png,"[""냉수"",""온수"",""정수""]",6,,,,,"{""popularity"":7,""listingRank"":null,""listingTag"":null,""listingDescription"":null,""formFactor"":""스탠드형"",""purificationType"":""탱크형"",""purifierFunctionsRaw"":""냉온정"",""filterMethod"":""지하수용"",""colorNames"":[""오트밀 베이지""]}"
miso,2026-03-27T05:00:16.530Z,https://miso.kr/booking/rental/water_purifier,miso:1550,코웨이,아이스 스탠드 슬림,CHPI-620L,https://miso.kr/booking/rental/water_purifier/CHPI-620L,https://miso-customer-public.s3.ap-northeast-2.amazonaws.com/rental_img/20240322_purifier/COWAY/COWAYP8/COWAYP8_MAIN_1.png,"[""얼음"",""냉수"",""온수"",""정수""]",6,,,,,"{""popularity"":5,""listingRank"":null,""listingTag"":null,""listingDescription"":null,""formFactor"":""스탠드형"",""purificationType"":""탱크형"",""purifierFunctionsRaw"":""얼음냉온정"",""filterMethod"":""지하수용"",""colorNames"":[""화이트"",""블랙""]}"
miso,2026-03-27T05:00:16.530Z,https://miso.kr/booking/rental/water_purifier,miso:1554,코웨이,조리수기(P-150N),P-150N,https://miso.kr/booking/rental/water_purifier/P-150N,https://miso-customer-public.s3.ap-northeast-2.amazonaws.com/rental_img/20240322_purifier/COWAY/COWAYP14/COWAYP14_MAIN_1.jpeg,"[""정수""]",1,,,,,"{""popularity"":10,""listingRank"":null,""listingTag"":null,""listingDescription"":null,""formFactor"":""언더싱크"",""purificationType"":""직수형"",""purifierFunctionsRaw"":""정수"",""filterMethod"":null,""colorNames"":[""실버""]}"
miso,2026-03-27T05:00:16.530Z,https://miso.kr/booking/rental/water_purifier,miso:1560,코웨이,프라임 베이직,P-6320L,https://miso.kr/booking/rental/water_purifier/P-6320L,https://miso-customer-public.s3.ap-northeast-2.amazonaws.com/rental_img/20240322_purifier/COWAY/COWAYP19/COWAYP19_MAIN_1.jpg,"[""정수""]",4,,,,,"{""popularity"":4,""listingRank"":null,""listingTag"":null,""listingDescription"":null,""formFactor"":""데스크형"",""purificationType"":""탱크형"",""purifierFunctionsRaw"":""정수"",""filterMethod"":""지하수용"",""colorNames"":[""오트밀 베이지""]}"
miso,2026-03-27T05:00:16.530Z,https://miso.kr/booking/rental/water_purifier,miso:1585,코웨이,RO직수 스탠드,CHP-5700R,https://miso.kr/booking/rental/water_purifier/CHP-5700R,https://miso-customer-public.s3.ap-northeast-2.amazonaws.com/rental_img/20240322_purifier/COWAY/COWAYP22/COWAYP22_MAIN_1.png,"[""냉수"",""온수"",""정수""]",1,,,,,"{""popularity"":9,""listingRank"":null,""listingTag"":null,""listingDescription"":null,""formFactor"":""스탠드형"",""purificationType"":""탱크형"",""purifierFunctionsRaw"":""냉온정"",""filterMethod"":""지하수용"",""colorNames"":[""화이트""]}"
miso,2026-03-27T05:00:16.530Z,https://miso.kr/booking/rental/water_purifier,miso:1591,코웨이,프라임 아이스 맥스 스탠드,CHPI-5810L,https://miso.kr/booking/rental/water_purifier/CHPI-5810L,https://miso-customer-public.s3.ap-northeast-2.amazonaws.com/rental_img/20240322_purifier/COWAY/COWAYP18/COWAYP18_MAIN_1.jpg,"[""얼음"",""냉수"",""온수"",""정수""]",6,,,,,"{""popularity"":5,""listingRank"":null,""listingTag"":null,""listingDescription"":null,""formFactor"":""스탠드형"",""purificationType"":""탱크형"",""purifierFunctionsRaw"":""얼음냉온정"",""filterMethod"":""지하수용"",""colorNames"":[""미스티 그레이""]}"
miso,2026-03-27T05:00:16.530Z,https://miso.kr/booking/rental/water_purifier,miso:1629,코웨이,AIS 얼음정수기,CPI-7511L,https://miso.kr/booking/rental/water_purifier/CPI-7511L,https://miso-customer-public.s3.ap-northeast-2.amazonaws.com/rental_img/20240322_purifier/COWAY/COWAYP20/COWAYP20_MAIN_1.jpg,"[""얼음"",""냉수"",""정수""]",8,,,,,"{""popularity"":4,""listingRank"":null,""listingTag"":null,""listingDescription"":null,""formFactor"":""데스크형"",""purificationType"":""탱크형"",""purifierFunctionsRaw"":""얼음냉정"",""filterMethod"":""지하수용"",""colorNames"":[""미스티 그레이""]}"
miso,2026-03-27T05:00:16.530Z,https://miso.kr/booking/rental/water_purifier,miso:1649,코웨이,AIS 탄산얼음정수기,CPSI-8510L,https://miso.kr/booking/rental/water_purifier/CPSI-8510L,https://miso-customer-public.s3.ap-northeast-2.amazonaws.com/rental_img/20240322_purifier/COWAY/COWAYP21/COWAYP21_MAIN_1.png,"[""얼음"",""냉수"",""정수""]",3,,,,,"{""popularity"":9,""listingRank"":null,""listingTag"":null,""listingDescription"":null,""formFactor"":""데스크형"",""purificationType"":""탱크형"",""purifierFunctionsRaw"":""얼음냉정"",""filterMethod"":""지하수용"",""colorNames"":[""미스티 그레이""]}"
miso,2026-03-27T05:00:16.530Z,https://miso.kr/booking/rental/water_purifier,miso:1662,쿠쿠,100도씨 끓인물,CP-TS100,https://miso.kr/booking/rental/water_purifier/CP-TS100,https://miso-customer-public.s3.ap-northeast-2.amazonaws.com/rental_img/20240322_purifier/CUCKOO/CUCKOOP1/CUCKOOP1_MAIN_0.png,"[""냉수"",""온수"",""정수""]",24,,,,,"{""popularity"":3,""listingRank"":null,""listingTag"":null,""listingDescription"":null,""formFactor"":""데스크형"",""purificationType"":""직수형"",""purifierFunctionsRaw"":""냉온정"",""filterMethod"":null,""colorNames"":[""그레이스 화이트"",""그레이스 핑크"",""화이트 실버"",""다크 실버""]}"
miso,2026-03-27T05:00:16.530Z,https://miso.kr/booking/rental/water_purifier,miso:1691,쿠쿠,내추럴 워터정수기,CP-F603HW,https://miso.kr/booking/rental/water_purifier/CP-F603HW,https://miso-customer-public.s3.ap-northeast-2.amazonaws.com/rental_img/20240322_purifier/CUCKOO/CUCKOOP3/CUCKOOP3_MAIN_0.png,"[""냉수"",""온수"",""정수""]",2,,,,,"{""popularity"":3,""listingRank"":null,""listingTag"":null,""listingDescription"":null,""formFactor"":""데스크형"",""purificationType"":""탱크형"",""purifierFunctionsRaw"":""냉온정"",""filterMethod"":null,""colorNames"":[""화이트""]}"
miso,2026-03-27T05:00:16.530Z,https://miso.kr/booking/rental/water_purifier,miso:1701,쿠쿠,내추럴 워터정수기,CP-F603SW,https://miso.kr/booking/rental/water_purifier/CP-F603SW,https://miso-customer-public.s3.ap-northeast-2.amazonaws.com/rental_img/20240322_purifier/CUCKOO/CUCKOOP24/CUCKOOP24_MAIN_1.png,"[""냉수"",""온수"",""정수""]",2,,,,,"{""popularity"":3,""listingRank"":null,""listingTag"":null,""listingDescription"":null,""formFactor"":""스탠드형"",""purificationType"":""탱크형"",""purifierFunctionsRaw"":""냉온정"",""filterMethod"":null,""colorNames"":[""화이트""]}"
miso,2026-03-27T05:00:16.530Z,https://miso.kr/booking/rental/water_purifier,miso:1707,쿠쿠,대용량 얼음정수기,CP-ACS1610SW,https://miso.kr/booking/rental/water_purifier/CP-ACS1610SW,https://miso-customer-public.s3.ap-northeast-2.amazonaws.com/rental_img/20240322_purifier/CUCKOO/CUCKOOP4/CUCKOOP4_MAIN_1.jpg,"[""얼음"",""냉수"",""온수"",""정수""]",2,,,,,"{""popularity"":4,""listingRank"":null,""listingTag"":null,""listingDescription"":null,""formFactor"":""스탠드형"",""purificationType"":""탱크형"",""purifierFunctionsRaw"":""얼음냉온정"",""filterMethod"":null,""colorNames"":[""화이트""]}"
miso,2026-03-27T05:00:16.530Z,https://miso.kr/booking/rental/water_purifier,miso:1710,쿠쿠,스팀100 바리스타,CP-ABSC100,https://miso.kr/booking/rental/water_purifier/CP-ABSC100,https://miso-customer-public.s3.ap-northeast-2.amazonaws.com/rental_img/20240322_purifier/CUCKOO/CUCKOOP5/CUCKOOP5_MAIN_1.jpg,"[""냉수"",""온수"",""정수""]",12,,,,,"{""popularity"":5,""listingRank"":null,""listingTag"":null,""listingDescription"":null,""formFactor"":""데스크형"",""purificationType"":""직수형"",""purifierFunctionsRaw"":""냉온정"",""filterMethod"":null,""colorNames"":[""그레이스 핑크"",""그레이스 화이트""]}"
miso,2026-03-27T05:00:16.530Z,https://miso.kr/booking/rental/water_purifier,miso:1731,쿠쿠,스팀100 빌트인,CP-AAS100U,https://miso.kr/booking/rental/water_purifier/CP-AAS100U,https://miso-customer-public.s3.ap-northeast-2.amazonaws.com/rental_img/20240322_purifier/CUCKOO/CUCKOOP6/CUCKOOP6_MAIN_1.jpg,"[""냉수"",""온수"",""정수""]",8,,,,,"{""popularity"":5,""listingRank"":null,""listingTag"":null,""listingDescription"":null,""formFactor"":""언더싱크"",""purificationType"":""직수형"",""purifierFunctionsRaw"":""냉온정"",""filterMethod"":null,""colorNames"":[""루미 다크실버"",""루미 화이트""]}"
miso,2026-03-27T05:00:16.530Z,https://miso.kr/booking/rental/water_purifier,miso:1753,쿠쿠,스팀100 정수기,CP-ABS100,https://miso.kr/booking/rental/water_purifier/CP-ABS100,https://miso-customer-public.s3.ap-northeast-2.amazonaws.com/rental_img/20240322_purifier/CUCKOO/CUCKOOP7/CUCKOOP7_MAIN_0.png,"[""냉수"",""온수"",""정수""]",12,,,,,"{""popularity"":3,""listingRank"":null,""listingTag"":null,""listingDescription"":null,""formFactor"":""데스크형"",""purificationType"":""직수형"",""purifierFunctionsRaw"":""냉온정"",""filterMethod"":null,""colorNames"":[""그레이스 핑크"",""그레이스 화이트""]}"
miso,2026-03-27T05:00:16.530Z,https://miso.kr/booking/rental/water_purifier,miso:1778,쿠쿠,인스퓨어 냉온 정수기,CP-W601HW,https://miso.kr/booking/rental/water_purifier/CP-W601HW,https://miso-customer-public.s3.ap-northeast-2.amazonaws.com/rental_img/20240322_purifier/CUCKOO/CUCKOOP13/CUCKOOP13_MAIN_1.jpg,"[""냉수"",""온수"",""정수""]",3,,,,,"{""popularity"":7,""listingRank"":null,""listingTag"":null,""listingDescription"":null,""formFactor"":""데스크형"",""purificationType"":""탱크형"",""purifierFunctionsRaw"":""냉온정"",""filterMethod"":null,""colorNames"":[""화이트""]}"
miso,2026-03-27T05:00:16.530Z,https://miso.kr/booking/rental/water_purifier,miso:1794,쿠쿠,인스퓨어 냉온 정수기,CP-W601SW,https://miso.kr/booking/rental/water_purifier/CP-W601SW,https://miso-customer-public.s3.ap-northeast-2.amazonaws.com/rental_img/20240322_purifier/CUCKOO/CUCKOOP13/CUCKOOP13_MAIN_1.jpg,"[""냉수"",""온수"",""정수""]",3,,,,,"{""popularity"":7,""listingRank"":null,""listingTag"":null,""listingDescription"":null,""formFactor"":""스탠드형"",""purificationType"":""탱크형"",""purifierFunctionsRaw"":""냉온정"",""filterMethod"":null,""colorNames"":[""화이트""]}"
miso,2026-03-27T05:00:16.530Z,https://miso.kr/booking/rental/water_purifier,miso:1803,쿠쿠,인스퓨어 냉온정,CP-AE501HW,https://miso.kr/booking/rental/water_purifier/CP-AE501HW,https://miso-customer-public.s3.ap-northeast-2.amazonaws.com/rental_img/20240322_purifier/CUCKOO/CUCKOOP2/CUCKOOP2_MAIN_1.jpg,"[""냉수"",""온수"",""정수""]",2,,,,,"{""popularity"":5,""listingRank"":null,""listingTag"":null,""listingDescription"":null,""formFactor"":""데스크형"",""purificationType"":""탱크형"",""purifierFunctionsRaw"":""냉온정"",""filterMethod"":null,""colorNames"":[""화이트""]}"
miso,2026-03-27T05:00:16.530Z,https://miso.kr/booking/rental/water_purifier,miso:1815,쿠쿠,인스퓨어 대용량,CP-QN3002S,https://miso.kr/booking/rental/water_purifier/CP-QN3002S,https://miso-customer-public.s3.ap-northeast-2.amazonaws.com/rental_img/20240322_purifier/CUCKOO/CUCKOOP15/CUCKOOP15_MAIN_1.png,"[""냉수"",""온수"",""정수""]",3,,,,,"{""popularity"":4,""listingRank"":null,""listingTag"":null,""listingDescription"":null,""formFactor"":""스탠드형"",""purificationType"":""탱크형"",""purifierFunctionsRaw"":""냉온정"",""filterMethod"":null,""colorNames"":[""화이트""]}"
miso,2026-03-27T05:00:16.530Z,https://miso.kr/booking/rental/water_purifier,miso:1828,쿠쿠,인스퓨어 미니 100,CP-AMS100E,https://miso.kr/booking/rental/water_purifier/CP-AMS100E,https://miso-customer-public.s3.ap-northeast-2.amazonaws.com/rental_img/20240322_purifier/CUCKOO/CUCKOOP25/CUCKOOP25_MAIN_1.png,"[""냉수"",""온수"",""정수""]",16,,,,,"{""popularity"":2,""listingRank"":null,""listingTag"":null,""listingDescription"":null,""formFactor"":""데스크형"",""purificationType"":""직수형"",""purifierFunctionsRaw"":""냉온정"",""filterMethod"":null,""colorNames"":[""어스 화이트"",""어스 베이지""]}"
miso,2026-03-27T05:00:16.530Z,https://miso.kr/booking/rental/water_purifier,miso:1848,쿠쿠,인스퓨어 슬림,CP-X501HW(S),https://miso.kr/booking/rental/water_purifier/CP-X501HW(S),https://miso-customer-public.s3.ap-northeast-2.amazonaws.com/rental_img/20240322_purifier/CUCKOO/CUCKOOP10/CUCKOOP10_MAIN_0.png,"[""냉수"",""온수"",""정수""]",2,,,,,"{""popularity"":4,""listingRank"":null,""listingTag"":null,""listingDescription"":null,""formFactor"":""데스크형"",""purificationType"":""탱크형"",""purifierFunctionsRaw"":""냉온정"",""filterMethod"":null,""colorNames"":[""화이트""]}"
miso,2026-03-27T05:00:16.530Z,https://miso.kr/booking/rental/water_purifier,miso:1857,쿠쿠,인스퓨어 슬림,CP-X501SW(S),https://miso.kr/booking/rental/water_purifier/CP-X501SW(S),https://miso-customer-public.s3.ap-northeast-2.amazonaws.com/rental_img/20240322_purifier/CUCKOO/CUCKOOP10/CUCKOOP10_MAIN_1.jpg,"[""냉수"",""온수"",""정수""]",2,,,,,"{""popularity"":4,""listingRank"":null,""listingTag"":null,""listingDescription"":null,""formFactor"":""스탠드형"",""purificationType"":""탱크형"",""purifierFunctionsRaw"":""냉온정"",""filterMethod"":null,""colorNames"":[""화이트""]}"
miso,2026-03-27T05:00:16.530Z,https://miso.kr/booking/rental/water_purifier,miso:1865,쿠쿠,인스퓨어 일반 냉온,CP-W602HW(S),https://miso.kr/booking/rental/water_purifier/CP-W602HW(S),https://miso-customer-public.s3.ap-northeast-2.amazonaws.com/rental_img/20240322_purifier/CUCKOO/CUCKOOP11/CUCKOOP11_MAIN_1.jpg,"[""냉수"",""온수"",""정수""]",3,,,,,"{""popularity"":7,""listingRank"":null,""listingTag"":null,""listingDescription"":null,""formFactor"":""데스크형"",""purificationType"":""탱크형"",""purifierFunctionsRaw"":""냉온정"",""filterMethod"":null,""colorNames"":[""화이트""]}"
miso,2026-03-27T05:00:16.530Z,https://miso.kr/booking/rental/water_purifier,miso:1880,쿠쿠,인스퓨어 일반 냉온,CP-W602SW,https://miso.kr/booking/rental/water_purifier/CP-W602SW,https://miso-customer-public.s3.ap-northeast-2.amazonaws.com/rental_img/20240322_purifier/CUCKOO/CUCKOOP11/CUCKOOP11_MAIN_1.jpg,"[""냉수"",""온수"",""정수""]",3,,,,,"{""popularity"":7,""listingRank"":null,""listingTag"":null,""listingDescription"":null,""formFactor"":""스탠드형"",""purificationType"":""탱크형"",""purifierFunctionsRaw"":""냉온정"",""filterMethod"":null,""colorNames"":[""화이트""]}"
miso,2026-03-27T05:00:16.530Z,https://miso.kr/booking/rental/water_purifier,miso:1895,쿠쿠,인스퓨어 중용량,CP-DN2001S,https://miso.kr/booking/rental/water_purifier/CP-DN2001S,https://miso-customer-public.s3.ap-northeast-2.amazonaws.com/rental_img/20240322_purifier/CUCKOO/CUCKOOP12/CUCKOOP12_MAIN_1.jpg,"[""냉수"",""온수"",""정수""]",4,,,,,"{""popularity"":7,""listingRank"":null,""listingTag"":null,""listingDescription"":null,""formFactor"":""스탠드형"",""purificationType"":""탱크형"",""purifierFunctionsRaw"":""냉온정"",""filterMethod"":null,""colorNames"":[""화이트""]}"
miso,2026-03-27T05:00:16.530Z,https://miso.kr/booking/rental/water_purifier,miso:1904,쿠쿠,인스퓨어 직수,CP-AK011,https://miso.kr/booking/rental/water_purifier/CP-AK011,https://miso-customer-public.s3.ap-northeast-2.amazonaws.com/rental_img/20240322_purifier/CUCKOO/CUCKOOP9/CUCKOOP9_MAIN_1.png,"[""정수""]",18,,,,,"{""popularity"":6,""listingRank"":null,""listingTag"":null,""listingDescription"":null,""formFactor"":""데스크형"",""purificationType"":""직수형"",""purifierFunctionsRaw"":""정수"",""filterMethod"":null,""colorNames"":[""그레이스 블루"",""어스 핑크"",""어스 그레이지""]}"
miso,2026-03-27T05:00:16.530Z,https://miso.kr/booking/rental/water_purifier,miso:1927,쿠쿠,인스퓨어 직수 자동살균,CP-AKS011,https://miso.kr/booking/rental/water_purifier/CP-AKS011,https://miso-customer-public.s3.ap-northeast-2.amazonaws.com/rental_img/20240322_purifier/CUCKOO/CUCKOOP17/CUCKOOP17_MAIN_1.png,"[""정수""]",18,,,,,"{""popularity"":7,""listingRank"":null,""listingTag"":null,""listingDescription"":null,""formFactor"":""데스크형"",""purificationType"":""직수형"",""purifierFunctionsRaw"":""정수"",""filterMethod"":null,""colorNames"":[""그레이스 블루"",""어스 핑크"",""어스 그레이지""]}"
miso,2026-03-27T05:00:16.530Z,https://miso.kr/booking/rental/water_purifier,miso:1949,쿠쿠,인스퓨어 RO 냉온정수기,CP-WR602HW,https://miso.kr/booking/rental/water_purifier/CP-WR602HW,https://miso-customer-public.s3.ap-northeast-2.amazonaws.com/rental_img/20240322_purifier/CUCKOO/CUCKOOP18/CUCKOOP18_MAIN_1.png,"[""냉수"",""온수"",""정수""]",2,,,,,"{""popularity"":10,""listingRank"":null,""listingTag"":null,""listingDescription"":null,""formFactor"":""데스크형"",""purificationType"":""탱크형"",""purifierFunctionsRaw"":""냉온정"",""filterMethod"":""지하수용"",""colorNames"":[""화이트""]}"
miso,2026-03-27T05:00:16.530Z,https://miso.kr/booking/rental/water_purifier,miso:1955,쿠쿠,인스퓨어 RO 냉온정수기,CP-WRP602SW,https://miso.kr/booking/rental/water_purifier/CP-WRP602SW,https://miso-customer-public.s3.ap-northeast-2.amazonaws.com/rental_img/20240322_purifier/CUCKOO/CUCKOOP22/CUCKOOP22_MAIN_1.png,"[""냉수"",""온수"",""정수""]",2,,,,,"{""popularity"":10,""listingRank"":null,""listingTag"":null,""listingDescription"":null,""formFactor"":""스탠드형"",""purificationType"":""탱크형"",""purifierFunctionsRaw"":""냉온정"",""filterMethod"":""지하수용"",""colorNames"":[""화이트""]}"
miso,2026-03-27T05:00:16.530Z,https://miso.kr/booking/rental/water_purifier,miso:1961,쿠쿠,인스퓨어 RO 대용량 정수기,CP-QRP3002S,https://miso.kr/booking/rental/water_purifier/CP-QRP3002S,https://miso-customer-public.s3.ap-northeast-2.amazonaws.com/rental_img/20240322_purifier/CUCKOO/CUCKOOP23/CUCKOOP23_MAIN_1.png,"[""냉수"",""온수"",""정수""]",2,,,,,"{""popularity"":10,""listingRank"":null,""listingTag"":null,""listingDescription"":null,""formFactor"":""스탠드형"",""purificationType"":""탱크형"",""purifierFunctionsRaw"":""냉온정"",""filterMethod"":""지하수용"",""colorNames"":[""화이트""]}"
miso,2026-03-27T05:00:16.530Z,https://miso.kr/booking/rental/water_purifier,miso:1988,코웨이,아이콘2,CHP-7211N,https://miso.kr/booking/rental/water_purifier/CHP-7211N,https://miso-customer-public.s3.ap-northeast-2.amazonaws.com/rental_img/20240322_purifier/COWAY/COWAYP11/COWAYP11_MAIN_3.png,"[""냉수"",""온수"",""정수""]",48,,,,9,"{""popularity"":1,""listingRank"":9,""listingTag"":""반값할인"",""listingDescription"":""코웨이 베스트셀러"",""formFactor"":""데스크형"",""purificationType"":""직수형"",""purifierFunctionsRaw"":""냉온정"",""filterMethod"":null,""colorNames"":[""스노우 화이트"",""트러플 실버"",""페블 그레이"",""블러썸 핑크"",""미네랄 블루"",""민트 그린""]}"
miso,2026-03-27T05:00:16.530Z,https://miso.kr/booking/rental/water_purifier,miso:2025,쿠쿠,직수 정수기,CP-U011,https://miso.kr/booking/rental/water_purifier/CP-U011,https://miso-customer-public.s3.ap-northeast-2.amazonaws.com/rental_img/20240322_purifier/CUCKOO/CUCKOOP19/CUCKOOP19_MAIN_1.jpg,"[""정수""]",12,,,,,"{""popularity"":3,""listingRank"":null,""listingTag"":null,""listingDescription"":null,""formFactor"":""데스크형"",""purificationType"":""직수형"",""purifierFunctionsRaw"":""정수"",""filterMethod"":null,""colorNames"":[""화이트"",""블랙""]}"
miso,2026-03-27T05:00:16.530Z,https://miso.kr/booking/rental/water_purifier,miso:2076,현대큐밍,더슬림 마이핏,HQPM11CE_CHP,https://miso.kr/booking/rental/water_purifier/HQPM11CE_CHP,https://miso-customer-public.s3.ap-northeast-2.amazonaws.com/rental_img/20240322_purifier/HYUNDAI/HYUNDAIP1/HYUNDAIP1_MAIN_1.jpg,"[""냉수"",""온수"",""정수""]",12,,,,,"{""popularity"":5,""listingRank"":null,""listingTag"":null,""listingDescription"":null,""formFactor"":""데스크형"",""purificationType"":""직수형"",""purifierFunctionsRaw"":""냉온정"",""filterMethod"":null,""colorNames"":[""화이트"",""베이지""]}"
miso,2026-03-27T05:00:16.530Z,https://miso.kr/booking/rental/water_purifier,miso:2095,현대큐밍,더슬림 마이핏,HQPM11CE_CP,https://miso.kr/booking/rental/water_purifier/HQPM11CE_CP,https://miso-customer-public.s3.ap-northeast-2.amazonaws.com/rental_img/20240322_purifier/HYUNDAI/HYUNDAIP1/HYUNDAIP1_MAIN_1.jpg,"[""냉수"",""정수""]",6,,,,,"{""popularity"":5,""listingRank"":null,""listingTag"":null,""listingDescription"":null,""formFactor"":""데스크형"",""purificationType"":""직수형"",""purifierFunctionsRaw"":""냉정"",""filterMethod"":null,""colorNames"":[""화이트""]}"
miso,2026-03-27T05:00:16.530Z,https://miso.kr/booking/rental/water_purifier,miso:2108,현대큐밍,더슬림 미니,P-M15CB0I,https://miso.kr/booking/rental/water_purifier/P-M15CB0I,https://miso-customer-public.s3.ap-northeast-2.amazonaws.com/rental_img/20240322_purifier/HYUNDAI/HYUNDAIP2/HYUNDAIP2_MAIN_1.jpg,"[""정수""]",2,,,,,"{""popularity"":8,""listingRank"":null,""listingTag"":null,""listingDescription"":null,""formFactor"":""데스크형"",""purificationType"":""직수형"",""purifierFunctionsRaw"":""정수"",""filterMethod"":null,""colorNames"":[""블랙""]}"
miso,2026-03-27T05:00:16.530Z,https://miso.kr/booking/rental/water_purifier,miso:2120,현대큐밍,더퓨어 마크업 대용량,HQP-M50SW,https://miso.kr/booking/rental/water_purifier/HQP-M50SW,https://miso-customer-public.s3.ap-northeast-2.amazonaws.com/rental_img/20240322_purifier/HYUNDAI/HYUNDAIP7/HYUNDAIP7_MAIN_1.jpg,"[""냉수"",""온수"",""정수""]",3,,,,,"{""popularity"":9,""listingRank"":null,""listingTag"":null,""listingDescription"":null,""formFactor"":""스탠드형"",""purificationType"":""탱크형"",""purifierFunctionsRaw"":""냉온정"",""filterMethod"":null,""colorNames"":[""화이트""]}"
miso,2026-03-27T05:00:16.530Z,https://miso.kr/booking/rental/water_purifier,miso:2130,현대큐밍,더퓨어 마크업 중용량,HQP-M50SW,https://miso.kr/booking/rental/water_purifier/HQP-M50SW,https://miso-customer-public.s3.ap-northeast-2.amazonaws.com/rental_img/20240322_purifier/HYUNDAI/HYUNDAIP8/HYUNDAIP8_MAIN_1.jpg,"[""냉수"",""온수"",""정수""]",3,,,,,"{""popularity"":9,""listingRank"":null,""listingTag"":null,""listingDescription"":null,""formFactor"":""스탠드형"",""purificationType"":""탱크형"",""purifierFunctionsRaw"":""냉온정"",""filterMethod"":null,""colorNames"":[""화이트""]}"
miso,2026-03-27T05:00:16.530Z,https://miso.kr/booking/rental/water_purifier,miso:2140,현대큐밍,더퓨어 마크업 RO,HQP-M40SW,https://miso.kr/booking/rental/water_purifier/HQP-M40SW,https://miso-customer-public.s3.ap-northeast-2.amazonaws.com/rental_img/20240322_purifier/HYUNDAI/HYUNDAIP5/HYUNDAIP5_MAIN_1.png,"[""냉수"",""온수"",""정수""]",3,,,,,"{""popularity"":11,""listingRank"":null,""listingTag"":null,""listingDescription"":null,""formFactor"":""스탠드형"",""purificationType"":""탱크형"",""purifierFunctionsRaw"":""냉온정"",""filterMethod"":""지하수용"",""colorNames"":[""화이트""]}"
miso,2026-03-27T05:00:16.530Z,https://miso.kr/booking/rental/water_purifier,miso:2151,현대큐밍,더퓨어 베이직,P-B30CW0I,https://miso.kr/booking/rental/water_purifier/P-B30CW0I,https://miso-customer-public.s3.ap-northeast-2.amazonaws.com/rental_img/20240322_purifier/HYUNDAI/HYUNDAIP3/HYUNDAIP3_MAIN_1.png,"[""냉수"",""온수"",""정수""]",3,,,,,"{""popularity"":5,""listingRank"":null,""listingTag"":null,""listingDescription"":null,""formFactor"":""데스크형"",""purificationType"":""탱크형"",""purifierFunctionsRaw"":""냉온정"",""filterMethod"":null,""colorNames"":[""화이트""]}"
miso,2026-03-27T05:00:16.530Z,https://miso.kr/booking/rental/water_purifier,miso:2158,현대큐밍,더퓨어 베이직,P-B30SW0I,https://miso.kr/booking/rental/water_purifier/P-B30SW0I,https://miso-customer-public.s3.ap-northeast-2.amazonaws.com/rental_img/20240322_purifier/HYUNDAI/HYUNDAIP3/HYUNDAIP3_MAIN_1.png,"[""냉수"",""온수"",""정수""]",3,,,,,"{""popularity"":5,""listingRank"":null,""listingTag"":null,""listingDescription"":null,""formFactor"":""스탠드형"",""purificationType"":""탱크형"",""purifierFunctionsRaw"":""냉온정"",""filterMethod"":null,""colorNames"":[""화이트""]}"
miso,2026-03-27T05:00:16.530Z,https://miso.kr/booking/rental/water_purifier,miso:2165,현대큐밍,더퓨어 프리미엄RO,P-R40C(R)S,https://miso.kr/booking/rental/water_purifier/P-R40C(R)S,https://miso-customer-public.s3.ap-northeast-2.amazonaws.com/rental_img/20240322_purifier/HYUNDAI/HYUNDAIP4/HYUNDAIP4_MAIN_1.png,"[""냉수"",""온수"",""정수""]",3,,,,,"{""popularity"":11,""listingRank"":null,""listingTag"":null,""listingDescription"":null,""formFactor"":""데스크형"",""purificationType"":""탱크형"",""purifierFunctionsRaw"":""냉온정"",""filterMethod"":""지하수용"",""colorNames"":[""화이트""]}"
miso,2026-03-27T05:00:16.530Z,https://miso.kr/booking/rental/water_purifier,miso:2176,현대큐밍,더퓨어 플러스 살균,HQ-P1931C,https://miso.kr/booking/rental/water_purifier/HQ-P1931C,https://miso-customer-public.s3.ap-northeast-2.amazonaws.com/rental_img/20240322_purifier/HYUNDAI/HYUNDAIP13/HYUNDAIP13_MAIN_1.jpg,"[""냉수"",""온수"",""정수""]",3,,,,,"{""popularity"":4,""listingRank"":null,""listingTag"":null,""listingDescription"":null,""formFactor"":""데스크형"",""purificationType"":""탱크형"",""purifierFunctionsRaw"":""냉온정"",""filterMethod"":null,""colorNames"":[""실버""]}"
miso,2026-03-27T05:00:16.530Z,https://miso.kr/booking/rental/water_purifier,miso:2189,현대큐밍,더퓨어 플러스 살균,HQ-P1931S,https://miso.kr/booking/rental/water_purifier/HQ-P1931S,https://miso-customer-public.s3.ap-northeast-2.amazonaws.com/rental_img/20240322_purifier/HYUNDAI/HYUNDAIP13/HYUNDAIP13_MAIN_1.jpg,"[""냉수"",""온수"",""정수""]",3,,,,,"{""popularity"":4,""listingRank"":null,""listingTag"":null,""listingDescription"":null,""formFactor"":""스탠드형"",""purificationType"":""탱크형"",""purifierFunctionsRaw"":""냉온정"",""filterMethod"":null,""colorNames"":[""실버""]}"
miso,2026-03-27T05:00:16.530Z,https://miso.kr/booking/rental/water_purifier,miso:2202,현대큐밍,딜라이트,HQPS11,https://miso.kr/booking/rental/water_purifier/HQPS11,https://miso-customer-public.s3.ap-northeast-2.amazonaws.com/rental_img/20240322_purifier/HYUNDAI/HYUNDAIP14/HYUNDAIP14_MAIN.jpg,"[""냉수"",""온수"",""정수""]",18,,,,,"{""popularity"":4,""listingRank"":null,""listingTag"":null,""listingDescription"":null,""formFactor"":""데스크형"",""purificationType"":""직수형"",""purifierFunctionsRaw"":""냉온정"",""filterMethod"":null,""colorNames"":[""버터 옐로우"",""세이지 그린"",""프로스트 그레이""]}"
miso,2026-03-27T05:00:16.530Z,https://miso.kr/booking/rental/water_purifier,miso:2238,LG,오브제컬렉션 대용량 스탠드 냉온정,WS513SH,https://miso.kr/booking/rental/water_purifier/WS513SH,https://miso-customer-public.s3.ap-northeast-2.amazonaws.com/rental_img/20240322_purifier/LG/LGP10/LGP10_MAIN_1.png,"[""냉수"",""온수"",""정수""]",6,,,,,"{""popularity"":8,""listingRank"":null,""listingTag"":null,""listingDescription"":null,""formFactor"":""스탠드형"",""purificationType"":""탱크형"",""purifierFunctionsRaw"":""냉온정"",""filterMethod"":null,""colorNames"":[""화이트""]}"
miso,2026-03-27T05:00:16.530Z,https://miso.kr/booking/rental/water_purifier,miso:2248,LG,"오브제컬렉션 정수기(라이트온, 온정)",WD220M,https://miso.kr/booking/rental/water_purifier/WD220M,https://miso-customer-public.s3.ap-northeast-2.amazonaws.com/rental_img/20240322_purifier/LG/LGP22/LGP22_MAIN_1.png,"[""온수"",""정수""]",8,,,,,"{""popularity"":5,""listingRank"":null,""listingTag"":null,""listingDescription"":null,""formFactor"":""데스크형"",""purificationType"":""직수형"",""purifierFunctionsRaw"":""온정"",""filterMethod"":null,""colorNames"":[""카밍 클레이 브라운"",""카밍 베이지""]}"
miso,2026-03-27T05:00:16.530Z,https://miso.kr/booking/rental/water_purifier,miso:2261,LG,오브제컬렉션(듀얼/냉온정),WU923A_O,https://miso.kr/booking/rental/water_purifier/WU923A_O,https://miso-customer-public.s3.ap-northeast-2.amazonaws.com/rental_img/20240322_purifier/LG/LGP1/LGP1_MAIN_1.jpg,"[""냉수"",""온수"",""정수""]",24,,,,,"{""popularity"":4,""listingRank"":null,""listingTag"":null,""listingDescription"":null,""formFactor"":""언더싱크"",""purificationType"":""직수형"",""purifierFunctionsRaw"":""냉온정"",""filterMethod"":null,""colorNames"":[""솔리드 블랙"",""솔리드 크림 화이트"",""솔리드 클레이 브라운"",""솔리드 베이지""]}"
miso,2026-03-27T05:00:16.530Z,https://miso.kr/booking/rental/water_purifier,miso:2305,LG,오브제컬렉션(라이트온/정수전용),WD120M,https://miso.kr/booking/rental/water_purifier/WD120M,https://miso-customer-public.s3.ap-northeast-2.amazonaws.com/rental_img/20240322_purifier/LG/LGP2/LGP2_MAIN_1.jpg,"[""정수""]",8,,,,,"{""popularity"":3,""listingRank"":null,""listingTag"":null,""listingDescription"":null,""formFactor"":""데스크형"",""purificationType"":""직수형"",""purifierFunctionsRaw"":""정수"",""filterMethod"":null,""colorNames"":[""카밍 베이지"",""카밍 클레이 브라운""]}"
miso,2026-03-27T05:00:16.530Z,https://miso.kr/booking/rental/water_purifier,miso:2349,LG,퓨리케어(상하좌우/냉정),WD325A_P_CP,https://miso.kr/booking/rental/water_purifier/WD325A_P_CP,https://miso-customer-public.s3.ap-northeast-2.amazonaws.com/rental_img/20240322_purifier/LG/LGP15/LGP15_MAIN_1.jpg,"[""냉수"",""정수""]",4,,,,,"{""popularity"":4,""listingRank"":null,""listingTag"":null,""listingDescription"":null,""formFactor"":""데스크형"",""purificationType"":""직수형"",""purifierFunctionsRaw"":""냉정"",""filterMethod"":null,""colorNames"":[""실버""]}"
miso,2026-03-27T05:00:16.530Z,https://miso.kr/booking/rental/water_purifier,miso:2351,LG,오브제컬렉션(맞춤출수/냉정),WD323A,https://miso.kr/booking/rental/water_purifier/WD323A,https://miso-customer-public.s3.ap-northeast-2.amazonaws.com/rental_img/20240322_purifier/LG/LGP4/LGP4_MAIN_1.jpg,"[""냉수"",""정수""]",12,,,,,"{""popularity"":2,""listingRank"":null,""listingTag"":null,""listingDescription"":null,""formFactor"":""데스크형"",""purificationType"":""직수형"",""purifierFunctionsRaw"":""냉정"",""filterMethod"":null,""colorNames"":[""카밍 크림 화이트"",""카밍 베이지""]}"
miso,2026-03-27T05:00:16.530Z,https://miso.kr/booking/rental/water_purifier,miso:2380,LG,오브제컬렉션(맞춤출수/초고온수/냉온정),WD523V,https://miso.kr/booking/rental/water_purifier/WD523V,https://miso-customer-public.s3.ap-northeast-2.amazonaws.com/rental_img/20240322_purifier/LG/LGP6/LGP6_MAIN_1.png,"[""냉수"",""온수"",""정수""]",12,,,,,"{""popularity"":6,""listingRank"":null,""listingTag"":null,""listingDescription"":null,""formFactor"":""데스크형"",""purificationType"":""직수형"",""purifierFunctionsRaw"":""냉온정"",""filterMethod"":null,""colorNames"":[""카밍 에센스 화이트"",""카밍 베이지""]}"
miso,2026-03-27T05:00:16.530Z,https://miso.kr/booking/rental/water_purifier,miso:2397,LG,오브제컬렉션(맞춤Lite/냉온정),WD520ACB,https://miso.kr/booking/rental/water_purifier/WD520ACB,https://miso-customer-public.s3.ap-northeast-2.amazonaws.com/rental_img/20240322_purifier/LG/LGP16/LGP16_MAIN_1.jpg,"[""냉수"",""온수"",""정수""]",4,,,,,"{""popularity"":3,""listingRank"":null,""listingTag"":null,""listingDescription"":null,""formFactor"":""데스크형"",""purificationType"":""직수형"",""purifierFunctionsRaw"":""냉온정"",""filterMethod"":null,""colorNames"":[""카밍 베이지""]}"
miso,2026-03-27T05:00:16.530Z,https://miso.kr/booking/rental/water_purifier,miso:2429,LG,오브제컬렉션(맞춤Lite/초고온수/냉온정),WD520VC,https://miso.kr/booking/rental/water_purifier/WD520VC,https://miso-customer-public.s3.ap-northeast-2.amazonaws.com/rental_img/20240322_purifier/LG/LGP5/LGP5_MAIN_1.jpg,"[""냉수"",""온수"",""정수""]",4,,,,,"{""popularity"":3,""listingRank"":null,""listingTag"":null,""listingDescription"":null,""formFactor"":""데스크형"",""purificationType"":""직수형"",""purifierFunctionsRaw"":""냉온정"",""filterMethod"":null,""colorNames"":[""카밍 베이지""]}"
miso,2026-03-27T05:00:16.530Z,https://miso.kr/booking/rental/water_purifier,miso:3524,청호,TIDY RO 일반정수기,WP-43C60000M,https://miso.kr/booking/rental/water_purifier/WP-43C60000M,https://miso-customer-public.s3.ap-northeast-2.amazonaws.com/rental_img/20240322_purifier/CHUNGHO/CHUNGHOP32/CHUNGHOP32_MAIN_1.png,"[""정수""]",2,,,,12,"{""popularity"":3,""listingRank"":12,""listingTag"":"""",""listingDescription"":"""",""formFactor"":""데스크형"",""purificationType"":""탱크형"",""purifierFunctionsRaw"":""정수"",""filterMethod"":null,""colorNames"":[""오트밀 베이지""]}"
miso,2026-03-27T05:00:16.530Z,https://miso.kr/booking/rental/water_purifier,miso:3531,교원웰스,슈퍼쿨링 II,WT652NWA,https://miso.kr/booking/rental/water_purifier/WT652NWA,https://miso-customer-public.s3.ap-northeast-2.amazonaws.com/rental_img/20240322_purifier/KYOWON/KYOWONP14/KYOWONP17_MAIN_1.png,"[""냉수"",""정수""]",7,,,,,"{""popularity"":3,""listingRank"":null,""listingTag"":null,""listingDescription"":null,""formFactor"":""데스크형"",""purificationType"":""직수형"",""purifierFunctionsRaw"":""냉정"",""filterMethod"":null,""colorNames"":[""화이트""]}"
miso,2026-03-27T05:00:16.530Z,https://miso.kr/booking/rental/water_purifier,miso:2442,LG,오브제컬렉션(빌트인/냉온정),WU523ACB,https://miso.kr/booking/rental/water_purifier/WU523ACB,https://miso-customer-public.s3.ap-northeast-2.amazonaws.com/rental_img/20240322_purifier/LG/LGP8/LGP8_MAIN_1.jpg,"[""냉수"",""온수"",""정수""]",8,,,,,"{""popularity"":4,""listingRank"":null,""listingTag"":null,""listingDescription"":null,""formFactor"":""언더싱크"",""purificationType"":""직수형"",""purifierFunctionsRaw"":""냉온정"",""filterMethod"":null,""colorNames"":[""솔리드 베이지"",""솔리드 크림 화이트""]}"
miso,2026-03-27T05:00:16.530Z,https://miso.kr/booking/rental/water_purifier,miso:2470,LG,오브제컬렉션(상하좌우/냉온정),WD525A_O_CHP,https://miso.kr/booking/rental/water_purifier/WD525A_O_CHP,https://miso-customer-public.s3.ap-northeast-2.amazonaws.com/rental_img/20240322_purifier/LG/LGP9/LGP9_MAIN_0.png,"[""냉수"",""온수"",""정수""]",8,,,,,"{""popularity"":3,""listingRank"":null,""listingTag"":null,""listingDescription"":null,""formFactor"":""데스크형"",""purificationType"":""직수형"",""purifierFunctionsRaw"":""냉온정"",""filterMethod"":null,""colorNames"":[""카밍 그린"",""카밍 베이지""]}"
miso,2026-03-27T05:00:16.530Z,https://miso.kr/booking/rental/water_purifier,miso:2491,LG,퓨리케어 오브제컬렉션 슬림 스탠드 냉온정,WS511SH,https://miso.kr/booking/rental/water_purifier/WS511SH,https://miso-customer-public.s3.ap-northeast-2.amazonaws.com/rental_img/20240322_purifier/LG/LGP17/LGP17_MAIN_1.png,"[""냉수"",""온수"",""정수""]",6,,,,,"{""popularity"":8,""listingRank"":null,""listingTag"":null,""listingDescription"":null,""formFactor"":""스탠드형"",""purificationType"":""탱크형"",""purifierFunctionsRaw"":""냉온정"",""filterMethod"":null,""colorNames"":[""화이트""]}"
miso,2026-03-27T05:00:16.530Z,https://miso.kr/booking/rental/water_purifier,miso:2501,LG,퓨리케어(듀얼/냉온정),WU923A_P,https://miso.kr/booking/rental/water_purifier/WU923A_P,https://miso-customer-public.s3.ap-northeast-2.amazonaws.com/rental_img/20240322_purifier/LG/LGP11/LGP11_MAIN_1.jpg,"[""냉수"",""온수"",""정수""]",6,,,,,"{""popularity"":3,""listingRank"":null,""listingTag"":null,""listingDescription"":null,""formFactor"":""언더싱크"",""purificationType"":""직수형"",""purifierFunctionsRaw"":""냉온정"",""filterMethod"":null,""colorNames"":[""실버""]}"
miso,2026-03-27T05:00:16.530Z,https://miso.kr/booking/rental/water_purifier,miso:2548,LG,퓨리케어(듀얼/냉정),WU823AS,https://miso.kr/booking/rental/water_purifier/WU823AS,https://miso-customer-public.s3.ap-northeast-2.amazonaws.com/rental_img/20240322_purifier/LG/LGP12/LGP12_MAIN_1.jpg,"[""냉수"",""정수""]",3,,,,,"{""popularity"":3,""listingRank"":null,""listingTag"":null,""listingDescription"":null,""formFactor"":""언더싱크"",""purificationType"":""직수형"",""purifierFunctionsRaw"":""냉정"",""filterMethod"":null,""colorNames"":[""실버""]}"
miso,2026-03-27T05:00:16.530Z,https://miso.kr/booking/rental/water_purifier,miso:2568,LG,퓨리케어(빌트인/냉온정),WU523AS,https://miso.kr/booking/rental/water_purifier/WU523AS,https://miso-customer-public.s3.ap-northeast-2.amazonaws.com/rental_img/20240322_purifier/LG/LGP13/LGP13_MAIN_1.jpg,"[""냉수"",""온수"",""정수""]",6,,,,,"{""popularity"":3,""listingRank"":null,""listingTag"":null,""listingDescription"":null,""formFactor"":""언더싱크"",""purificationType"":""직수형"",""purifierFunctionsRaw"":""냉온정"",""filterMethod"":null,""colorNames"":[""실버""]}"
miso,2026-03-27T05:00:16.530Z,https://miso.kr/booking/rental/water_purifier,miso:2594,LG,퓨리케어(상하좌우/냉온정),WD525A_P_CHP,https://miso.kr/booking/rental/water_purifier/WD525A_P_CHP,https://miso-customer-public.s3.ap-northeast-2.amazonaws.com/rental_img/20240322_purifier/LG/LGP14/LGP14_MAIN_1.jpg,"[""냉수"",""온수"",""정수""]",4,,,,,"{""popularity"":3,""listingRank"":null,""listingTag"":null,""listingDescription"":null,""formFactor"":""데스크형"",""purificationType"":""직수형"",""purifierFunctionsRaw"":""냉온정"",""filterMethod"":null,""colorNames"":[""실버""]}"
miso,2026-03-27T05:00:16.530Z,https://miso.kr/booking/rental/water_purifier,miso:2634,SK매직,그랜드 정수기 프리스탠딩,WPUB600FREWH,https://miso.kr/booking/rental/water_purifier/WPUB600FREWH,https://miso-customer-public.s3.ap-northeast-2.amazonaws.com/rental_img/20240322_purifier/SK/SKP12/SKP12_MAIN_1.png,"[""냉수"",""온수"",""정수""]",3,,,,,"{""popularity"":9,""listingRank"":null,""listingTag"":null,""listingDescription"":null,""formFactor"":""스탠드형"",""purificationType"":""탱크형"",""purifierFunctionsRaw"":""냉온정"",""filterMethod"":null,""colorNames"":[""화이트""]}"
miso,2026-03-27T05:00:16.530Z,https://miso.kr/booking/rental/water_purifier,miso:2643,SK매직,그랜드 정수기 프리스탠딩(지하수),WPUB610FREWH,https://miso.kr/booking/rental/water_purifier/WPUB610FREWH,https://miso-customer-public.s3.ap-northeast-2.amazonaws.com/rental_img/20240322_purifier/SK/SKP4/SKP4_MAIN_1.png,"[""냉수"",""온수"",""정수""]",3,,,,,"{""popularity"":9,""listingRank"":null,""listingTag"":null,""listingDescription"":null,""formFactor"":""스탠드형"",""purificationType"":""탱크형"",""purifierFunctionsRaw"":""냉온정"",""filterMethod"":""지하수용"",""colorNames"":[""화이트""]}"
miso,2026-03-27T05:00:16.530Z,https://miso.kr/booking/rental/water_purifier,miso:2650,SK매직,뉴 미니 정수기,WPUPBC204S,https://miso.kr/booking/rental/water_purifier/WPUPBC204S,https://miso-customer-public.s3.ap-northeast-2.amazonaws.com/rental_img/20240322_purifier/SK/SKP11/SKP11_MAIN_1.png,"[""정수""]",18,,,,,"{""popularity"":7,""listingRank"":null,""listingTag"":null,""listingDescription"":null,""formFactor"":""데스크형"",""purificationType"":""직수형"",""purifierFunctionsRaw"":""정수"",""filterMethod"":null,""colorNames"":[""네추럴 화이트"",""파스텔 블루"",""소프트 핑크""]}"
miso,2026-03-27T05:00:16.530Z,https://miso.kr/booking/rental/water_purifier,miso:2694,SK매직,뉴그랜드 플러스 나노 냉온,WPUB700FRENW,https://miso.kr/booking/rental/water_purifier/WPUB700FRENW,https://miso-customer-public.s3.ap-northeast-2.amazonaws.com/rental_img/20240322_purifier/SK/SKP13/SKP13_MAIN_1.png,"[""냉수"",""온수"",""정수""]",2,,,,,"{""popularity"":9,""listingRank"":null,""listingTag"":null,""listingDescription"":null,""formFactor"":""스탠드형"",""purificationType"":""탱크형"",""purifierFunctionsRaw"":""냉온정"",""filterMethod"":null,""colorNames"":[""화이트""]}"
miso,2026-03-27T05:00:16.530Z,https://miso.kr/booking/rental/water_purifier,miso:2711,SK매직,뉴그랜드 플러스 RO 냉온 (지하수용),WPUB710FRENW,https://miso.kr/booking/rental/water_purifier/WPUB710FRENW,https://miso-customer-public.s3.ap-northeast-2.amazonaws.com/rental_img/20240322_purifier/SK/SKP13/SKP13_MAIN_1.png,"[""냉수"",""온수"",""정수""]",2,,,,,"{""popularity"":9,""listingRank"":null,""listingTag"":null,""listingDescription"":null,""formFactor"":""스탠드형"",""purificationType"":""탱크형"",""purifierFunctionsRaw"":""냉온정"",""filterMethod"":""지하수용"",""colorNames"":[""화이트""]}"
miso,2026-03-27T05:00:16.530Z,https://miso.kr/booking/rental/water_purifier,miso:2728,SK매직,뉴슬림 플러스 나노,WPUTDC114RNW,https://miso.kr/booking/rental/water_purifier/WPUTDC114RNW,https://miso-customer-public.s3.ap-northeast-2.amazonaws.com/rental_img/20240322_purifier/SK/SKP9/SKP9_MAIN_1.png,"[""냉수"",""온수"",""정수""]",2,,,,,"{""popularity"":6,""listingRank"":null,""listingTag"":null,""listingDescription"":null,""formFactor"":""데스크형"",""purificationType"":""탱크형"",""purifierFunctionsRaw"":""냉온정"",""filterMethod"":null,""colorNames"":[""화이트""]}"
miso,2026-03-27T05:00:16.530Z,https://miso.kr/booking/rental/water_purifier,miso:2745,SK매직,뉴슬림 플러스 나노,WPUTDF114RNW,https://miso.kr/booking/rental/water_purifier/WPUTDF114RNW,https://miso-customer-public.s3.ap-northeast-2.amazonaws.com/rental_img/20240322_purifier/SK/SKP9/SKP9_MAIN_3.png,"[""냉수"",""온수"",""정수""]",2,,,,,"{""popularity"":6,""listingRank"":null,""listingTag"":null,""listingDescription"":null,""formFactor"":""스탠드형"",""purificationType"":""탱크형"",""purifierFunctionsRaw"":""냉온정"",""filterMethod"":null,""colorNames"":[""화이트""]}"
miso,2026-03-27T05:00:16.530Z,https://miso.kr/booking/rental/water_purifier,miso:2762,SK매직,뉴슬림 플러스 RO,WPUTDC10RRNW,https://miso.kr/booking/rental/water_purifier/WPUTDC10RRNW,https://miso-customer-public.s3.ap-northeast-2.amazonaws.com/rental_img/20240322_purifier/SK/SKP10/SKP10_MAIN_1.png,"[""냉수"",""온수"",""정수""]",2,,,,,"{""popularity"":8,""listingRank"":null,""listingTag"":null,""listingDescription"":null,""formFactor"":""데스크형"",""purificationType"":""탱크형"",""purifierFunctionsRaw"":""냉온정"",""filterMethod"":""지하수용"",""colorNames"":[""화이트""]}"
miso,2026-03-27T05:00:16.530Z,https://miso.kr/booking/rental/water_purifier,miso:2779,SK매직,뉴슬림 플러스 RO,WPUTDF10RRNW,https://miso.kr/booking/rental/water_purifier/WPUTDF10RRNW,https://miso-customer-public.s3.ap-northeast-2.amazonaws.com/rental_img/20240322_purifier/SK/SKP10/SKP10_MAIN_3.png,"[""냉수"",""온수"",""정수""]",2,,,,,"{""popularity"":8,""listingRank"":null,""listingTag"":null,""listingDescription"":null,""formFactor"":""스탠드형"",""purificationType"":""탱크형"",""purifierFunctionsRaw"":""냉온정"",""filterMethod"":""지하수용"",""colorNames"":[""화이트""]}"
miso,2026-03-27T05:00:16.530Z,https://miso.kr/booking/rental/water_purifier,miso:2796,SK매직,뉴슬림 플러스 UF,WPUTDF104RNW,https://miso.kr/booking/rental/water_purifier/WPUTDF104RNW,https://miso-customer-public.s3.ap-northeast-2.amazonaws.com/rental_img/20240322_purifier/SK/SKP8/SKP8_MAIN_3.png,"[""냉수"",""온수"",""정수""]",4,,,,,"{""popularity"":6,""listingRank"":null,""listingTag"":null,""listingDescription"":null,""formFactor"":""스탠드형"",""purificationType"":""탱크형"",""purifierFunctionsRaw"":""냉온정"",""filterMethod"":null,""colorNames"":[""화이트""]}"
miso,2026-03-27T05:00:16.530Z,https://miso.kr/booking/rental/water_purifier,miso:2799,SK매직,뉴슬림 플러스 UF,WPUTDC104RNW,https://miso.kr/booking/rental/water_purifier/WPUTDC104RNW,https://miso-customer-public.s3.ap-northeast-2.amazonaws.com/rental_img/20240322_purifier/SK/SKP8/SKP8_MAIN_1.png,"[""냉수"",""온수"",""정수""]",2,,,,,"{""popularity"":6,""listingRank"":null,""listingTag"":null,""listingDescription"":null,""formFactor"":""데스크형"",""purificationType"":""탱크형"",""purifierFunctionsRaw"":""냉온정"",""filterMethod"":null,""colorNames"":[""화이트""]}"
miso,2026-03-27T05:00:16.530Z,https://miso.kr/booking/rental/water_purifier,miso:2832,SK매직,에코 미니,WPUGBC102SCE,https://miso.kr/booking/rental/water_purifier/WPUGBC102SCE,https://miso-customer-public.s3.ap-northeast-2.amazonaws.com/rental_img/20240322_purifier/SK/SKP7/SKP7_MAIN_0.png,"[""정수""]",3,,,,,"{""popularity"":4,""listingRank"":null,""listingTag"":null,""listingDescription"":null,""formFactor"":""데스크형"",""purificationType"":""직수형"",""purifierFunctionsRaw"":""정수"",""filterMethod"":null,""colorNames"":[""화이트""]}"
miso,2026-03-27T05:00:16.530Z,https://miso.kr/booking/rental/water_purifier,miso:2923,청호,셀프 직수정수기,WP-30C9460BN,https://miso.kr/booking/rental/water_purifier/WP-30C9460BN,https://miso-customer-public.s3.ap-northeast-2.amazonaws.com/rental_img/20240322_purifier/CHUNGHO/CHUNGHOP15/CHUNGHOP15_MAIN_0.png,"[""냉수"",""온수"",""정수""]",2,,,,10,"{""popularity"":3,""listingRank"":10,""listingTag"":""직수최저가"",""listingDescription"":""셀프관리로 가격🔻"",""formFactor"":""데스크형"",""purificationType"":""직수형"",""purifierFunctionsRaw"":""냉온정"",""filterMethod"":null,""colorNames"":[""오트밀 베이지""]}"
miso,2026-03-27T05:00:16.530Z,https://miso.kr/booking/rental/water_purifier,miso:3542,교원웰스,슈퍼쿨링 II,WT672NWA,https://miso.kr/booking/rental/water_purifier/WT672NWA,https://miso-customer-public.s3.ap-northeast-2.amazonaws.com/rental_img/20240322_purifier/KYOWON/KYOWONP14/KYOWONP15/KYOWONP15_MAIN_1.png,"[""냉수"",""온수"",""정수""]",7,,,,,"{""popularity"":3,""listingRank"":null,""listingTag"":null,""listingDescription"":null,""formFactor"":""데스크형"",""purificationType"":""직수형"",""purifierFunctionsRaw"":""냉온정"",""filterMethod"":null,""colorNames"":[""화이트""]}"
miso,2026-03-27T05:00:16.530Z,https://miso.kr/booking/rental/water_purifier,miso:3553,세스코,스마트핏 직수 냉온 정수기,EW-200,https://miso.kr/booking/rental/water_purifier/EW-200,https://miso-customer-public.s3.ap-northeast-2.amazonaws.com/rental_img/20240322_purifier/CESCO/CESCOP5/CESCOP5_MAIN_1.gif,"[""냉수"",""온수"",""정수""]",4,,,,,"{""popularity"":3,""listingRank"":null,""listingTag"":null,""listingDescription"":null,""formFactor"":""데스크형"",""purificationType"":""직수형"",""purifierFunctionsRaw"":""냉온정"",""filterMethod"":null,""colorNames"":[""화이트""]}"
miso,2026-03-27T05:00:16.530Z,https://miso.kr/booking/rental/water_purifier,miso:3561,세스코,더슬림 더블 스탠드 냉온정수기,EWBS551,https://miso.kr/booking/rental/water_purifier/EWBS551,https://miso-customer-public.s3.ap-northeast-2.amazonaws.com/rental_img/20240322_purifier/CESCO/CESCOP6/CESCOP6_MAIN_1.jpg,"[""냉수"",""온수"",""정수""]",2,,,,,"{""popularity"":3,""listingRank"":null,""listingTag"":null,""listingDescription"":null,""formFactor"":""스텐드형"",""purificationType"":""탱크형"",""purifierFunctionsRaw"":""냉온정"",""filterMethod"":null,""colorNames"":[""화이트""]}"
miso,2026-03-27T05:00:16.530Z,https://miso.kr/booking/rental/water_purifier,miso:3568,세스코,더슬림 스탠드 더블 RO 냉온정수기,EWES552,https://miso.kr/booking/rental/water_purifier/EWES552,https://miso-customer-public.s3.ap-northeast-2.amazonaws.com/rental_img/20240322_purifier/CESCO/CESCOP7/CESCOP7_MAIN_1.jpg,"[""냉수"",""온수"",""정수""]",2,,,,,"{""popularity"":3,""listingRank"":null,""listingTag"":null,""listingDescription"":null,""formFactor"":""스텐드형"",""purificationType"":""탱크형"",""purifierFunctionsRaw"":""냉온정"",""filterMethod"":null,""colorNames"":[""화이트""]}"
miso,2026-03-27T05:00:16.530Z,https://miso.kr/booking/rental/water_purifier,miso:3578,세스코,더맥스 스탠드 RO 냉온정수기,EWES752,https://miso.kr/booking/rental/water_purifier/EWES752,https://miso-customer-public.s3.ap-northeast-2.amazonaws.com/rental_img/20240322_purifier/CESCO/CESCOP8/CESCOP8_MAIN_1.jpg,"[""냉수"",""온수""]",2,,,,,"{""popularity"":3,""listingRank"":null,""listingTag"":null,""listingDescription"":null,""formFactor"":""스텐드형"",""purificationType"":""탱크형"",""purifierFunctionsRaw"":""냉온"",""filterMethod"":null,""colorNames"":[""화이트""]}"
rentre,2026-03-27T05:00:24.821Z,https://rentre.kr/water-purifier,rentre:1522013399,쿠쿠,제로 100 슬림 냉온정 얼음정수기,CP-AHS100HEW(S),https://rentre.kr/product/1522013399,https://cdn.rentre.kr/product-thumbnail/c38d8a3e78d04fe6a8025f8a7aee1732.png,"[""얼음"",""냉수"",""온수"",""정수""]",4,4.7,706,4000,,"{""sections"":[""main_list""],""badges"":[""타사보상 혜택"",""BEST""],""rating"":4.7,""reviewCount"":706,""orderCount"":4000,""expectDiscountRate"":63,""hasAffiliateCard"":true,""affiliateCardDiscountAmount"":10000,""isHalfPricePromotion"":true,""promoDurationMonths"":12,""postPromoMonthlyFee"":41900,""brandCode"":""CUCKOO"",""rentalCompany"":""쿠쿠""}"
rentre,2026-03-27T05:00:24.821Z,https://rentre.kr/water-purifier,rentre:1600006842,코웨이,아이콘3 냉온정 정수기,CHP-7220N,https://rentre.kr/product/1600006842,https://cdn.rentre.kr/product-thumbnail/b1473fce305c4decb2ce2847c9c42fa9.png,"[""냉수"",""온수"",""정수""]",6,4.9,112,1000,,"{""sections"":[""main_list"",""new_arrivals""],""badges"":[""26년 2월 첫 공개!"",""스마트 무빙 파우셋"",""가로 16cm 초소형"",""실시간 UV살균"",""NEW""],""rating"":4.9,""reviewCount"":112,""orderCount"":1000,""expectDiscountRate"":56,""hasAffiliateCard"":true,""affiliateCardDiscountAmount"":15000,""isHalfPricePromotion"":true,""promoDurationMonths"":12,""postPromoMonthlyFee"":28900,""brandCode"":""COWAY"",""rentalCompany"":""코웨이""}"
rentre,2026-03-27T05:00:24.821Z,https://rentre.kr/water-purifier,rentre:1600005382,쿠쿠,인스퓨어 미니100 초소형 냉온정 정수기,CP-AMS100EBE(S),https://rentre.kr/product/1600005382,https://cdn.rentre.kr/product-thumbnail/1b369c9f94f74df8ba041673acdd2f20.png,"[""냉수"",""온수"",""정수""]",2,4.8,155,1000,,"{""sections"":[""main_list""],""badges"":[""타사보상 혜택""],""rating"":4.8,""reviewCount"":155,""orderCount"":1000,""expectDiscountRate"":52,""hasAffiliateCard"":true,""affiliateCardDiscountAmount"":10000,""isHalfPricePromotion"":true,""promoDurationMonths"":12,""postPromoMonthlyFee"":27900,""brandCode"":""CUCKOO"",""rentalCompany"":""쿠쿠""}"
rentre,2026-03-27T05:00:24.821Z,https://rentre.kr/water-purifier,rentre:1600006937,청호,The M 냉온정 얼음정수기,WI-37C90720N,https://rentre.kr/product/1600006937,https://cdn.rentre.kr/product-thumbnail/789f12980e5343b4bb7cc1b5beca7f09.png,"[""얼음"",""냉수"",""온수"",""정수""]",1,0,0,10,,"{""sections"":[""main_list"",""new_arrivals""],""badges"":[""타사보상 혜택"",""NEW""],""rating"":0,""reviewCount"":0,""orderCount"":10,""expectDiscountRate"":50,""hasAffiliateCard"":true,""affiliateCardDiscountAmount"":13000,""isHalfPricePromotion"":true,""promoDurationMonths"":15,""postPromoMonthlyFee"":41900,""brandCode"":""CHUNGHO"",""rentalCompany"":""청호""}"
rentre,2026-03-27T05:00:24.821Z,https://rentre.kr/water-purifier,rentre:1600004299,코웨이,아이콘 프로 정수기,CHP-7212N,https://rentre.kr/product/1600004299,https://cdn.rentre.kr/product-thumbnail/71a71249e5374d10867e693e016998b9.png,"[""정수"",""온수""]",4,4.9,768,3000,,"{""sections"":[""main_list""],""badges"":[""타사보상 혜택"",""풀터치 스크린"",""온수 온도 조절기능"",""파우셋 원터치 교체"",""BEST""],""rating"":4.9,""reviewCount"":768,""orderCount"":3000,""expectDiscountRate"":50,""hasAffiliateCard"":true,""affiliateCardDiscountAmount"":15000,""isHalfPricePromotion"":true,""promoDurationMonths"":12,""postPromoMonthlyFee"":28900,""brandCode"":""COWAY"",""rentalCompany"":""코웨이""}"
rentre,2026-03-27T05:00:24.821Z,https://rentre.kr/water-purifier,rentre:1600004401,SK인텔릭스,초소형 플러스 직수 냉온정 정수기,WPUJAC115SNW,https://rentre.kr/product/1600004401,https://cdn.rentre.kr/product-thumbnail/1931541bb2b74251aa506dd95f039e4f.png,"[""냉수"",""온수"",""정수""]",4,4.8,230,1000,,"{""sections"":[""main_list""],""badges"":[""타사보상 혜택"",""BEST""],""rating"":4.8,""reviewCount"":230,""orderCount"":1000,""expectDiscountRate"":70,""hasAffiliateCard"":true,""affiliateCardDiscountAmount"":7000,""isHalfPricePromotion"":true,""promoDurationMonths"":12,""postPromoMonthlyFee"":30400,""brandCode"":""SK"",""rentalCompany"":""SK인텔릭스""}"
rentre,2026-03-27T05:00:24.821Z,https://rentre.kr/water-purifier,rentre:1600004391,LG,퓨리케어 오브제컬렉션 냉온정 정수기(맞춤출수),WD523VC,https://rentre.kr/product/1600004391,https://cdn.rentre.kr/product-thumbnail/825f0c925e414731894cad92e3008010.png,"[""냉수"",""온수"",""정수""]",5,4.9,268,1000,,"{""sections"":[""main_list""],""badges"":[],""rating"":4.9,""reviewCount"":268,""orderCount"":1000,""expectDiscountRate"":50,""hasAffiliateCard"":true,""affiliateCardDiscountAmount"":13000,""isHalfPricePromotion"":true,""promoDurationMonths"":6,""postPromoMonthlyFee"":32900,""brandCode"":""LG"",""rentalCompany"":""LG""}"
rentre,2026-03-27T05:00:24.821Z,https://rentre.kr/water-purifier,rentre:1600005413,코웨이,아이콘 미니 냉온정 얼음정수기,CHPI-7430N,https://rentre.kr/product/1600005413,https://cdn.rentre.kr/product-thumbnail/ad8705ef75a549ccaa67b22e4b2ab82e.png,"[""얼음"",""냉수"",""온수"",""정수""]",3,4.8,378,2000,,"{""sections"":[""main_list""],""badges"":[""타사보상 혜택""],""rating"":4.8,""reviewCount"":378,""orderCount"":2000,""expectDiscountRate"":55,""hasAffiliateCard"":true,""affiliateCardDiscountAmount"":15000,""isHalfPricePromotion"":true,""promoDurationMonths"":12,""postPromoMonthlyFee"":42900,""brandCode"":""COWAY"",""rentalCompany"":""코웨이""}"
rentre,2026-03-27T05:00:24.821Z,https://rentre.kr/water-purifier,rentre:1600004307,SK인텔릭스,원코크 플러스 얼음물 정수기 (25년 출시),WPUIAC425SNW,https://rentre.kr/product/1600004307,https://cdn.rentre.kr/product-thumbnail/f76119bb28ca4da69c1131668d1eac5f.png,"[""얼음"",""정수""]",4,4.8,192,1000,,"{""sections"":[""main_list""],""badges"":[""타사보상 혜택"",""4단계 원터치 얼음물"",""4중 안심 케어"",""간편 교체 이지필터""],""rating"":4.8,""reviewCount"":192,""orderCount"":1000,""expectDiscountRate"":62,""hasAffiliateCard"":true,""affiliateCardDiscountAmount"":7000,""isHalfPricePromotion"":true,""promoDurationMonths"":12,""postPromoMonthlyFee"":46900,""brandCode"":""SK"",""rentalCompany"":""SK인텔릭스""}"
rentre,2026-03-27T05:00:24.821Z,https://rentre.kr/water-purifier,rentre:1600006679,LG,퓨리케어 오브제컬렉션 냉온정 얼음정수기 (25년 12월 출시),WD722RH,https://rentre.kr/product/1600006679,https://cdn.rentre.kr/product-thumbnail/7312b2ab813c44718b744a08ec144b60.png,"[""얼음"",""냉수"",""온수"",""정수""]",1,4.8,60,400,,"{""sections"":[""main_list""],""badges"":[""25년 출시! 국내 최초 얼음 냉동 보관"",""BEST""],""rating"":4.8,""reviewCount"":60,""orderCount"":400,""expectDiscountRate"":50,""hasAffiliateCard"":true,""affiliateCardDiscountAmount"":13000,""isHalfPricePromotion"":true,""promoDurationMonths"":6,""postPromoMonthlyFee"":51900,""brandCode"":""LG"",""rentalCompany"":""LG""}"
rentre,2026-03-27T05:00:24.821Z,https://rentre.kr/water-purifier,rentre:1522011959,LG,퓨리케어 오브제컬렉션 냉온정 정수기(맞춤출수),WD523ACB,https://rentre.kr/product/1522011959,https://cdn.rentre.kr/product-thumbnail/deb87c3593fa4672abb4701f549fcf7f.png,"[""냉수"",""온수"",""정수""]",3,4.7,679,3000,,"{""sections"":[""main_list""],""badges"":[],""rating"":4.7,""reviewCount"":679,""orderCount"":3000,""expectDiscountRate"":0,""hasAffiliateCard"":true,""affiliateCardDiscountAmount"":13000,""isHalfPricePromotion"":false,""promoDurationMonths"":null,""postPromoMonthlyFee"":27900,""brandCode"":""LG"",""rentalCompany"":""LG""}"
rentre,2026-03-27T05:00:24.821Z,https://rentre.kr/water-purifier,rentre:1600006194,SK인텔릭스,초소형 라이트 직수 냉온정 정수기,WPUJAC125SNW,https://rentre.kr/product/1600006194,https://cdn.rentre.kr/product-thumbnail/54a3a36f88ce46f296c1281814e7b7a7.png,"[""냉수"",""온수"",""정수""]",5,4.8,89,500,,"{""sections"":[""main_list""],""badges"":[""타사보상 혜택""],""rating"":4.8,""reviewCount"":89,""orderCount"":500,""expectDiscountRate"":73,""hasAffiliateCard"":true,""affiliateCardDiscountAmount"":7000,""isHalfPricePromotion"":true,""promoDurationMonths"":9,""postPromoMonthlyFee"":25400,""brandCode"":""SK"",""rentalCompany"":""SK인텔릭스""}"
rentre,2026-03-27T05:00:24.821Z,https://rentre.kr/water-purifier,rentre:1600004397,쿠쿠,스팀100 끓인물 정수기,CP-ABS100GWH,https://rentre.kr/product/1600004397,https://cdn.rentre.kr/product-thumbnail/f93f5a7c73df4d2f924f5bb0ae9bb508.png,"[""정수""]",3,4.6,347,1000,,"{""sections"":[""main_list""],""badges"":[""타사보상 혜택""],""rating"":4.6,""reviewCount"":347,""orderCount"":1000,""expectDiscountRate"":67,""hasAffiliateCard"":true,""affiliateCardDiscountAmount"":10000,""isHalfPricePromotion"":true,""promoDurationMonths"":12,""postPromoMonthlyFee"":27900,""brandCode"":""CUCKOO"",""rentalCompany"":""쿠쿠""}"
rentre,2026-03-27T05:00:24.821Z,https://rentre.kr/water-purifier,rentre:1600005358,코웨이,아이콘 스탠다드 냉온정 얼음정수기,CHPI-7410N,https://rentre.kr/product/1600005358,https://cdn.rentre.kr/product-thumbnail/0636953325334428bfc3f32f0ae8eda5.png,"[""얼음"",""냉수"",""온수"",""정수""]",3,4.8,236,1000,,"{""sections"":[""main_list""],""badges"":[""타사보상 혜택""],""rating"":4.8,""reviewCount"":236,""orderCount"":1000,""expectDiscountRate"":55,""hasAffiliateCard"":true,""affiliateCardDiscountAmount"":15000,""isHalfPricePromotion"":true,""promoDurationMonths"":12,""postPromoMonthlyFee"":45900,""brandCode"":""COWAY"",""rentalCompany"":""코웨이""}"
rentre,2026-03-27T05:00:24.821Z,https://rentre.kr/water-purifier,rentre:1522012109,LG,퓨리케어 듀얼 냉온정 정수기,WU923AS,https://rentre.kr/product/1522012109,https://cdn.rentre.kr/product-thumbnail/e4444f0314594347b80aab9fe77bbb95.png,"[""냉수"",""온수"",""정수""]",4,4.8,179,900,,"{""sections"":[""main_list""],""badges"":[],""rating"":4.8,""reviewCount"":179,""orderCount"":900,""expectDiscountRate"":50,""hasAffiliateCard"":true,""affiliateCardDiscountAmount"":13000,""isHalfPricePromotion"":true,""promoDurationMonths"":6,""postPromoMonthlyFee"":36900,""brandCode"":""LG"",""rentalCompany"":""LG""}"
rentre,2026-03-27T05:00:24.821Z,https://rentre.kr/water-purifier,rentre:5030101,쿠쿠,인앤아웃 100도 끓인물 정수기,CP-TS100WS(S),https://rentre.kr/product/5030101,https://cdn.rentre.kr/product-thumbnail/79678adb8cc8438aab056ac2cd37108b.png,"[""정수""]",1,4.5,294,1000,,"{""sections"":[""main_list""],""badges"":[],""rating"":4.5,""reviewCount"":294,""orderCount"":1000,""expectDiscountRate"":52,""hasAffiliateCard"":true,""affiliateCardDiscountAmount"":10000,""isHalfPricePromotion"":true,""promoDurationMonths"":12,""postPromoMonthlyFee"":25900,""brandCode"":""CUCKOO"",""rentalCompany"":""쿠쿠""}"
rentre,2026-03-27T05:00:24.821Z,https://rentre.kr/water-purifier,rentre:1522010102,코웨이,아이콘2 냉온정 정수기,CHP-7211N,https://rentre.kr/product/1522010102,https://cdn.rentre.kr/product-thumbnail/7d62e9a99d4547c3a48a603b3a9afd79.png,"[""냉수"",""온수"",""정수""]",2,4.7,2022,9000,,"{""sections"":[""main_list""],""badges"":[],""rating"":4.7,""reviewCount"":2022,""orderCount"":9000,""expectDiscountRate"":57,""hasAffiliateCard"":true,""affiliateCardDiscountAmount"":15000,""isHalfPricePromotion"":true,""promoDurationMonths"":12,""postPromoMonthlyFee"":28400,""brandCode"":""COWAY"",""rentalCompany"":""코웨이""}"
rentre,2026-03-27T05:00:24.821Z,https://rentre.kr/water-purifier,rentre:1522012110,LG,퓨리케어 오브제컬렉션 듀얼 냉온정 정수기,WU923ACB,https://rentre.kr/product/1522012110,https://cdn.rentre.kr/product-thumbnail/d007c954394c4b478f064c2d54ab8b66.png,"[""냉수"",""온수"",""정수""]",5,4.8,165,700,,"{""sections"":[""main_list""],""badges"":[],""rating"":4.8,""reviewCount"":165,""orderCount"":700,""expectDiscountRate"":50,""hasAffiliateCard"":true,""affiliateCardDiscountAmount"":13000,""isHalfPricePromotion"":true,""promoDurationMonths"":6,""postPromoMonthlyFee"":36900,""brandCode"":""LG"",""rentalCompany"":""LG""}"
rentre,2026-03-27T05:00:24.821Z,https://rentre.kr/water-purifier,rentre:1522013673,교원웰스,웰스 슈퍼쿨링 냉온정 정수기,WQ672NWR,https://rentre.kr/product/1522013673,https://cdn.rentre.kr/product-thumbnail/0761e59cc22943e7b16f31bd7c933cde.png,"[""냉수"",""온수"",""정수""]",1,5,5,60,,"{""sections"":[""main_list""],""badges"":[""렌탈료 면제 프로모션""],""rating"":5,""reviewCount"":5,""orderCount"":60,""expectDiscountRate"":50,""hasAffiliateCard"":true,""affiliateCardDiscountAmount"":11000,""isHalfPricePromotion"":true,""promoDurationMonths"":6,""postPromoMonthlyFee"":17900,""brandCode"":""KYOWON"",""rentalCompany"":""교원웰스""}"
rentre,2026-03-27T05:00:24.821Z,https://rentre.kr/water-purifier,rentre:1522011878,LG,퓨리케어 오브제컬렉션 냉정 정수기(맞춤출수),WD323ACB,https://rentre.kr/product/1522011878,https://cdn.rentre.kr/product-thumbnail/8cc0eb8dc3364b0b9835e16255c1eaab.png,"[""냉수"",""정수""]",1,4.8,84,300,,"{""sections"":[""main_list""],""badges"":[],""rating"":4.8,""reviewCount"":84,""orderCount"":300,""expectDiscountRate"":50,""hasAffiliateCard"":true,""affiliateCardDiscountAmount"":13000,""isHalfPricePromotion"":true,""promoDurationMonths"":6,""postPromoMonthlyFee"":28900,""brandCode"":""LG"",""rentalCompany"":""LG""}"
rentre,2026-03-27T05:00:24.821Z,https://rentre.kr/water-purifier,rentre:1522012392,LG,퓨리케어 오브제컬렉션 라이트온 정수전용 정수기,WD120MCB,https://rentre.kr/product/1522012392,https://cdn.rentre.kr/product-thumbnail/cd659eaf6a5a4b81a3367696ad85a25e.png,"[""정수""]",3,4.7,77,400,,"{""sections"":[""main_list""],""badges"":[],""rating"":4.7,""reviewCount"":77,""orderCount"":400,""expectDiscountRate"":0,""hasAffiliateCard"":true,""affiliateCardDiscountAmount"":13000,""isHalfPricePromotion"":false,""promoDurationMonths"":null,""postPromoMonthlyFee"":18900,""brandCode"":""LG"",""rentalCompany"":""LG""}"
rentre,2026-03-27T05:00:24.821Z,https://rentre.kr/water-purifier,rentre:1600006833,코웨이,아이콘3 냉정 정수기,CP-7220N,https://rentre.kr/product/1600006833,https://cdn.rentre.kr/product-thumbnail/a81dd64955264e14bcb4f93437d2d9f8.png,"[""냉수"",""정수""]",4,4.8,13,70,,"{""sections"":[""main_list"",""new_arrivals""],""badges"":[""26년 2월 출시!"",""NEW""],""rating"":4.8,""reviewCount"":13,""orderCount"":70,""expectDiscountRate"":56,""hasAffiliateCard"":true,""affiliateCardDiscountAmount"":15000,""isHalfPricePromotion"":true,""promoDurationMonths"":12,""postPromoMonthlyFee"":26900,""brandCode"":""COWAY"",""rentalCompany"":""코웨이""}"
rentre,2026-03-27T05:00:24.821Z,https://rentre.kr/water-purifier,rentre:5080201,쿠쿠,인스퓨어 슬림 냉온정 정수기,CP-X501HW,https://rentre.kr/product/5080201,https://cdn.rentre.kr/product-thumbnail/bbc0a1b2263a477291046837b4e6a5bd.png,"[""냉수"",""온수"",""정수""]",2,4.5,75,400,,"{""sections"":[""main_list""],""badges"":[],""rating"":4.5,""reviewCount"":75,""orderCount"":400,""expectDiscountRate"":24,""hasAffiliateCard"":true,""affiliateCardDiscountAmount"":10000,""isHalfPricePromotion"":false,""promoDurationMonths"":null,""postPromoMonthlyFee"":18900,""brandCode"":""CUCKOO"",""rentalCompany"":""쿠쿠""}"
rentre,2026-03-27T05:00:24.821Z,https://rentre.kr/water-purifier,rentre:5020101,쿠쿠,인스퓨어 제로백 끓인물 냉온정 얼음정수기,CP-SS100HWS,https://rentre.kr/product/5020101,https://cdn.rentre.kr/product-thumbnail/4d40f8dc64254351a8b9c081711bcf1b.png,"[""얼음"",""냉수"",""온수"",""정수""]",2,4.4,175,900,,"{""sections"":[""main_list""],""badges"":[],""rating"":4.4,""reviewCount"":175,""orderCount"":900,""expectDiscountRate"":50,""hasAffiliateCard"":true,""affiliateCardDiscountAmount"":10000,""isHalfPricePromotion"":true,""promoDurationMonths"":12,""postPromoMonthlyFee"":39900,""brandCode"":""CUCKOO"",""rentalCompany"":""쿠쿠""}"
rentre,2026-03-27T05:00:24.821Z,https://rentre.kr/water-purifier,rentre:1522012571,쿠쿠,내추럴워터 스탠드 냉온정 정수기,CP-F603SW,https://rentre.kr/product/1522012571,https://cdn.rentre.kr/product-thumbnail/494f7e36e390465fa3d712e12d984b7c.png,"[""냉수"",""온수"",""정수""]",2,4.6,76,500,,"{""sections"":[""main_list""],""badges"":[],""rating"":4.6,""reviewCount"":76,""orderCount"":500,""expectDiscountRate"":31,""hasAffiliateCard"":true,""affiliateCardDiscountAmount"":10000,""isHalfPricePromotion"":false,""promoDurationMonths"":null,""postPromoMonthlyFee"":17900,""brandCode"":""CUCKOO"",""rentalCompany"":""쿠쿠""}"
rentre,2026-03-27T05:00:24.821Z,https://rentre.kr/water-purifier,rentre:1522012572,쿠쿠,내추럴워터 냉온 정수기,CP-F603HW,https://rentre.kr/product/1522012572,https://cdn.rentre.kr/product-thumbnail/25b9f2104a864a48a29501ab71f5fa83.png,"[""정수""]",2,4.6,78,400,,"{""sections"":[""main_list""],""badges"":[],""rating"":4.6,""reviewCount"":78,""orderCount"":400,""expectDiscountRate"":31,""hasAffiliateCard"":true,""affiliateCardDiscountAmount"":10000,""isHalfPricePromotion"":false,""promoDurationMonths"":null,""postPromoMonthlyFee"":17900,""brandCode"":""CUCKOO"",""rentalCompany"":""쿠쿠""}"
rentre,2026-03-27T05:00:24.821Z,https://rentre.kr/water-purifier,rentre:1522013588,LG,퓨리케어 오브제컬렉션 라이트온 온정 정수기,WD220MCB,https://rentre.kr/product/1522013588,https://cdn.rentre.kr/product-thumbnail/0a28803ee7ed45fca66b2a25bc487f7b.png,"[""온수"",""정수""]",3,4.8,41,100,,"{""sections"":[""main_list""],""badges"":[],""rating"":4.8,""reviewCount"":41,""orderCount"":100,""expectDiscountRate"":0,""hasAffiliateCard"":true,""affiliateCardDiscountAmount"":13000,""isHalfPricePromotion"":false,""promoDurationMonths"":null,""postPromoMonthlyFee"":21900,""brandCode"":""LG"",""rentalCompany"":""LG""}"
rentre,2026-03-27T05:00:24.821Z,https://rentre.kr/water-purifier,rentre:1600001916,LG,퓨리케어 오브제컬렉션 빌트인 냉온정 정수기,WU523ACB,https://rentre.kr/product/1600001916,https://cdn.rentre.kr/product-thumbnail/728f55e102ea497995604740391bcb54.png,"[""냉수"",""온수"",""정수""]",3,4.8,37,100,,"{""sections"":[""main_list""],""badges"":[],""rating"":4.8,""reviewCount"":37,""orderCount"":100,""expectDiscountRate"":0,""hasAffiliateCard"":true,""affiliateCardDiscountAmount"":13000,""isHalfPricePromotion"":false,""promoDurationMonths"":null,""postPromoMonthlyFee"":33900,""brandCode"":""LG"",""rentalCompany"":""LG""}"
rentre,2026-03-27T05:00:24.821Z,https://rentre.kr/water-purifier,rentre:1522013565,코웨이,아이콘 냉온정 얼음정수기,CHPI-7400N_V2,https://rentre.kr/product/1522013565,https://cdn.rentre.kr/product-thumbnail/88b900e3d2e3494d951236318d2cb9d1.png,"[""얼음"",""냉수"",""온수"",""정수""]",3,4.6,992,4000,,"{""sections"":[""main_list""],""badges"":[],""rating"":4.6,""reviewCount"":992,""orderCount"":4000,""expectDiscountRate"":50,""hasAffiliateCard"":true,""affiliateCardDiscountAmount"":15000,""isHalfPricePromotion"":true,""promoDurationMonths"":12,""postPromoMonthlyFee"":45400,""brandCode"":""COWAY"",""rentalCompany"":""코웨이""}"
rentre,2026-03-27T05:00:24.821Z,https://rentre.kr/water-purifier,rentre:1600003859,코웨이,스위치 무선 직수 정수기,P-2200N,https://rentre.kr/product/1600003859,https://cdn.rentre.kr/product-thumbnail/6a264911e374444e878af01508a8a144.png,"[""정수""]",4,4.8,36,200,,"{""sections"":[""main_list""],""badges"":[""전기세 걱정 ZERO"",""가로/세로 스위칭"",""무전원 작동""],""rating"":4.8,""reviewCount"":36,""orderCount"":200,""expectDiscountRate"":58,""hasAffiliateCard"":true,""affiliateCardDiscountAmount"":15000,""isHalfPricePromotion"":true,""promoDurationMonths"":12,""postPromoMonthlyFee"":15900,""brandCode"":""COWAY"",""rentalCompany"":""코웨이""}"
rentre,2026-03-27T05:00:24.821Z,https://rentre.kr/water-purifier,rentre:1600001915,LG,퓨리케어 빌트인 냉온정 정수기,WU523AS,https://rentre.kr/product/1600001915,https://cdn.rentre.kr/product-thumbnail/ea68ba0fbb2046c58d647fd183d8607c.png,"[""냉수"",""온수"",""정수""]",3,4.8,73,300,,"{""sections"":[""main_list""],""badges"":[],""rating"":4.8,""reviewCount"":73,""orderCount"":300,""expectDiscountRate"":0,""hasAffiliateCard"":true,""affiliateCardDiscountAmount"":13000,""isHalfPricePromotion"":false,""promoDurationMonths"":null,""postPromoMonthlyFee"":33900,""brandCode"":""LG"",""rentalCompany"":""LG""}"
rentre,2026-03-27T05:00:24.821Z,https://rentre.kr/water-purifier,rentre:5060101,쿠쿠,인스퓨어 직수 정수기,CP-U011B,https://rentre.kr/product/5060101,https://cdn.rentre.kr/product-thumbnail/d5b608130f6e47f08b6770b01e565c69.png,"[""정수""]",1,4.4,54,200,,"{""sections"":[""main_list""],""badges"":[],""rating"":4.4,""reviewCount"":54,""orderCount"":200,""expectDiscountRate"":0,""hasAffiliateCard"":true,""affiliateCardDiscountAmount"":10000,""isHalfPricePromotion"":false,""promoDurationMonths"":null,""postPromoMonthlyFee"":12900,""brandCode"":""CUCKOO"",""rentalCompany"":""쿠쿠""}"
rentre,2026-03-27T05:00:24.821Z,https://rentre.kr/water-purifier,rentre:1522012478,청호,뉴아이스트리 직수 냉온정 얼음정수기,WI-36C90620N,https://rentre.kr/product/1522012478,https://cdn.rentre.kr/product-thumbnail/b6801b9d7415465da84e2ceb04acf4f0.png,"[""얼음"",""냉수"",""온수"",""정수""]",2,4.5,19,100,,"{""sections"":[""main_list""],""badges"":[""타사보상 혜택""],""rating"":4.5,""reviewCount"":19,""orderCount"":100,""expectDiscountRate"":50,""hasAffiliateCard"":true,""affiliateCardDiscountAmount"":13000,""isHalfPricePromotion"":true,""promoDurationMonths"":12,""postPromoMonthlyFee"":45900,""brandCode"":""CHUNGHO"",""rentalCompany"":""청호""}"
rentre,2026-03-27T05:00:24.821Z,https://rentre.kr/water-purifier,rentre:4090101,청호,옴니플러스 냉온정 얼음정수기,WI-53C9600M,https://rentre.kr/product/4090101,https://cdn.rentre.kr/product-thumbnail/8e36bee4eb6f496a9e9cc21df52be4fc.png,"[""얼음"",""냉수"",""온수"",""정수""]",1,4.5,45,200,,"{""sections"":[""main_list""],""badges"":[],""rating"":4.5,""reviewCount"":45,""orderCount"":200,""expectDiscountRate"":31,""hasAffiliateCard"":true,""affiliateCardDiscountAmount"":13000,""isHalfPricePromotion"":false,""promoDurationMonths"":null,""postPromoMonthlyFee"":31900,""brandCode"":""CHUNGHO"",""rentalCompany"":""청호""}"
rentre,2026-03-27T05:00:24.821Z,https://rentre.kr/water-purifier,rentre:1522013511,현대큐밍,딜라이트 아이스 얼음 냉온정 정수기 (바디색 선택가능),HQPI73CG0E,https://rentre.kr/product/1522013511,https://cdn.rentre.kr/product-thumbnail/526f19b7b32244b29492b1ac08e349ad.png,"[""얼음"",""냉수"",""온수"",""정수""]",1,4.6,28,200,,"{""sections"":[""main_list""],""badges"":[],""rating"":4.6,""reviewCount"":28,""orderCount"":200,""expectDiscountRate"":61,""hasAffiliateCard"":true,""affiliateCardDiscountAmount"":10000,""isHalfPricePromotion"":true,""promoDurationMonths"":12,""postPromoMonthlyFee"":44900,""brandCode"":""HYUNDAI_QUMING"",""rentalCompany"":""현대큐밍""}"
rentre,2026-03-27T05:00:24.821Z,https://rentre.kr/water-purifier,rentre:1600005073,LG,"퓨리케어 오브제컬렉션 냉온정 정수기(맞춤 lite, 25년 출시)",WD520VC,https://rentre.kr/product/1600005073,https://cdn.rentre.kr/product-thumbnail/3dbff81ab2444451a8c2dfb2f8d6e26e.png,"[""냉수"",""온수"",""정수""]",3,4.9,34,100,,"{""sections"":[""main_list""],""badges"":[""NEW""],""rating"":4.9,""reviewCount"":34,""orderCount"":100,""expectDiscountRate"":0,""hasAffiliateCard"":true,""affiliateCardDiscountAmount"":13000,""isHalfPricePromotion"":false,""promoDurationMonths"":null,""postPromoMonthlyFee"":28900,""brandCode"":""LG"",""rentalCompany"":""LG""}"
rentre,2026-03-27T05:00:24.821Z,https://rentre.kr/water-purifier,rentre:1600005706,코웨이,아이콘 맥스 냉온정 얼음정수기,CHPI-7420N,https://rentre.kr/product/1600005706,https://cdn.rentre.kr/product-thumbnail/8d27aace44454dc2a9bf3d4a02e5eb98.png,"[""얼음"",""냉수"",""온수"",""정수""]",3,4.7,15,70,,"{""sections"":[""main_list""],""badges"":[""타사보상 혜택""],""rating"":4.7,""reviewCount"":15,""orderCount"":70,""expectDiscountRate"":55,""hasAffiliateCard"":true,""affiliateCardDiscountAmount"":15000,""isHalfPricePromotion"":true,""promoDurationMonths"":12,""postPromoMonthlyFee"":48900,""brandCode"":""COWAY"",""rentalCompany"":""코웨이""}"
rentre,2026-03-27T05:00:24.821Z,https://rentre.kr/water-purifier,rentre:1600002092,청호,뉴 러블리트리 냉온정 정수기,WP-50C90621N,https://rentre.kr/product/1600002092,https://cdn.rentre.kr/product-thumbnail/54627ddadce64f1d95f592d8d9050716.png,"[""냉수"",""온수"",""정수""]",4,4.9,16,80,,"{""sections"":[""main_list""],""badges"":[""타사보상 혜택"",""BEST""],""rating"":4.9,""reviewCount"":16,""orderCount"":80,""expectDiscountRate"":50,""hasAffiliateCard"":true,""affiliateCardDiscountAmount"":13000,""isHalfPricePromotion"":true,""promoDurationMonths"":6,""postPromoMonthlyFee"":26900,""brandCode"":""CHUNGHO"",""rentalCompany"":""청호""}"
rentre,2026-03-27T05:00:24.821Z,https://rentre.kr/water-purifier,rentre:1600004303,코웨이,엘리트 빌트인 정수기,CHP-1111N,https://rentre.kr/product/1600004303,https://cdn.rentre.kr/product-thumbnail/aa9e784cf2834ce28f7e84dcaca4fa44.png,"[""정수""]",2,4.8,22,100,,"{""sections"":[""main_list""],""badges"":[],""rating"":4.8,""reviewCount"":22,""orderCount"":100,""expectDiscountRate"":56,""hasAffiliateCard"":true,""affiliateCardDiscountAmount"":15000,""isHalfPricePromotion"":true,""promoDurationMonths"":12,""postPromoMonthlyFee"":30900,""brandCode"":""COWAY"",""rentalCompany"":""코웨이""}"
rentre,2026-03-27T05:00:24.821Z,https://rentre.kr/water-purifier,rentre:1522013569,코웨이,아이콘 냉정 얼음정수기,CPI-7400N_V2,https://rentre.kr/product/1522013569,https://cdn.rentre.kr/product-thumbnail/4ff16cf517f14b9fb86036da780e6edc.png,"[""얼음"",""냉수"",""정수""]",4,4.5,108,400,,"{""sections"":[""main_list""],""badges"":[],""rating"":4.5,""reviewCount"":108,""orderCount"":400,""expectDiscountRate"":50,""hasAffiliateCard"":true,""affiliateCardDiscountAmount"":15000,""isHalfPricePromotion"":true,""promoDurationMonths"":12,""postPromoMonthlyFee"":41400,""brandCode"":""COWAY"",""rentalCompany"":""코웨이""}"
rentre,2026-03-27T05:00:24.821Z,https://rentre.kr/water-purifier,rentre:1522011671,코웨이,나노직수 정수기 미니,P-350N,https://rentre.kr/product/1522011671,https://cdn.rentre.kr/product-thumbnail/52dfdaad97e74015b09202ed47286f8e.png,"[""정수""]",4,4.5,83,300,,"{""sections"":[""main_list""],""badges"":[],""rating"":4.5,""reviewCount"":83,""orderCount"":300,""expectDiscountRate"":58,""hasAffiliateCard"":true,""affiliateCardDiscountAmount"":15000,""isHalfPricePromotion"":true,""promoDurationMonths"":12,""postPromoMonthlyFee"":15900,""brandCode"":""COWAY"",""rentalCompany"":""코웨이""}"
rentre,2026-03-27T05:00:24.821Z,https://rentre.kr/water-purifier,rentre:1522010108,코웨이,아이콘2 냉정 정수기,CP-7211N,https://rentre.kr/product/1522010108,https://cdn.rentre.kr/product-thumbnail/d7d33392617d45fb814ab2e882d7a688.png,"[""냉수"",""정수""]",5,4.7,157,700,,"{""sections"":[""main_list""],""badges"":[],""rating"":4.7,""reviewCount"":157,""orderCount"":700,""expectDiscountRate"":58,""hasAffiliateCard"":true,""affiliateCardDiscountAmount"":15000,""isHalfPricePromotion"":true,""promoDurationMonths"":12,""postPromoMonthlyFee"":26400,""brandCode"":""COWAY"",""rentalCompany"":""코웨이""}"
rentre,2026-03-27T05:00:24.821Z,https://rentre.kr/water-purifier,rentre:1522011973,LG,퓨리케어 오브제컬렉션 냉온정 정수기(맞춤Lite),WD520ACB,https://rentre.kr/product/1522011973,https://cdn.rentre.kr/product-thumbnail/f82ee6b7cdd94cc5b8864714684553e8.png,"[""냉수"",""온수"",""정수""]",3,4.6,103,400,,"{""sections"":[""main_list""],""badges"":[],""rating"":4.6,""reviewCount"":103,""orderCount"":400,""expectDiscountRate"":0,""hasAffiliateCard"":true,""affiliateCardDiscountAmount"":13000,""isHalfPricePromotion"":false,""promoDurationMonths"":null,""postPromoMonthlyFee"":21900,""brandCode"":""LG"",""rentalCompany"":""LG""}"
rentre,2026-03-27T05:00:24.821Z,https://rentre.kr/water-purifier,rentre:1522011278,쿠쿠,인스퓨어 냉온 정수기,CP-W602HW,https://rentre.kr/product/1522011278,https://cdn.rentre.kr/product-thumbnail/f81dc8c994724e4ea7acf7f9a68cb8e9.png,"[""정수""]",2,4.5,55,200,,"{""sections"":[""main_list""],""badges"":[],""rating"":4.5,""reviewCount"":55,""orderCount"":200,""expectDiscountRate"":13,""hasAffiliateCard"":true,""affiliateCardDiscountAmount"":10000,""isHalfPricePromotion"":false,""promoDurationMonths"":null,""postPromoMonthlyFee"":19900,""brandCode"":""CUCKOO"",""rentalCompany"":""쿠쿠""}"
rentre,2026-03-27T05:00:24.821Z,https://rentre.kr/water-purifier,rentre:1522012818,SK인텔릭스,초소형 직수 냉온정 정수기,WPUJAC104SWH,https://rentre.kr/product/1522012818,https://cdn.rentre.kr/product-thumbnail/a260f25f1b434127b8a3aefb5ea9cbed.png,"[""냉수"",""온수"",""정수""]",2,4.7,411,2000,,"{""sections"":[""main_list""],""badges"":[""타사보상 혜택"",""초소형사이즈"",""스테인리스 직수관""],""rating"":4.7,""reviewCount"":411,""orderCount"":2000,""expectDiscountRate"":72,""hasAffiliateCard"":true,""affiliateCardDiscountAmount"":7000,""isHalfPricePromotion"":true,""promoDurationMonths"":12,""postPromoMonthlyFee"":27400,""brandCode"":""SK"",""rentalCompany"":""SK인텔릭스""}"
rentre,2026-03-27T05:00:24.821Z,https://rentre.kr/water-purifier,rentre:1600001610,쿠쿠,제로 100 슬림 바리스타 냉온정 얼음정수기,CP-AHSC100HEW,https://rentre.kr/product/1600001610,https://cdn.rentre.kr/product-thumbnail/06acc188cd1841d3a49f78e05da26448.png,"[""얼음"",""냉수"",""온수"",""정수""]",4,4.7,37,200,,"{""sections"":[""main_list""],""badges"":[""타사보상 혜택""],""rating"":4.7,""reviewCount"":37,""orderCount"":200,""expectDiscountRate"":63,""hasAffiliateCard"":true,""affiliateCardDiscountAmount"":10000,""isHalfPricePromotion"":true,""promoDurationMonths"":12,""postPromoMonthlyFee"":42900,""brandCode"":""CUCKOO"",""rentalCompany"":""쿠쿠""}"
rentre,2026-03-27T05:00:24.821Z,https://rentre.kr/water-purifier,rentre:3270101,코웨이,아이콘 스탠드 냉온정 정수기,CHP-5610N,https://rentre.kr/product/3270101,https://cdn.rentre.kr/product-thumbnail/3440bd38b10a4c228ba16ff5fc13934d.png,"[""냉수"",""온수"",""정수""]",5,4.9,17,100,,"{""sections"":[""main_list""],""badges"":[],""rating"":4.9,""reviewCount"":17,""orderCount"":100,""expectDiscountRate"":62,""hasAffiliateCard"":true,""affiliateCardDiscountAmount"":15000,""isHalfPricePromotion"":true,""promoDurationMonths"":9,""postPromoMonthlyFee"":25900,""brandCode"":""COWAY"",""rentalCompany"":""코웨이""}"
rentre,2026-03-27T05:00:24.821Z,https://rentre.kr/water-purifier,rentre:1522010131,현대큐밍,더슬림 마이핏 (냉온정),HQPM11CE0C,https://rentre.kr/product/1522010131,https://cdn.rentre.kr/product-thumbnail/402e810d8bd445bfbb5560f3b967c843.png,"[""냉수"",""온수"",""정수""]",1,4.4,37,200,,"{""sections"":[""main_list""],""badges"":[],""rating"":4.4,""reviewCount"":37,""orderCount"":200,""expectDiscountRate"":0,""hasAffiliateCard"":true,""affiliateCardDiscountAmount"":10000,""isHalfPricePromotion"":false,""promoDurationMonths"":null,""postPromoMonthlyFee"":21900,""brandCode"":""HYUNDAI_QUMING"",""rentalCompany"":""현대큐밍""}"
rentre,2026-03-27T05:00:24.821Z,https://rentre.kr/water-purifier,rentre:1600004395,현대유버스,오로라 직수 냉온정 정수기,WHCD-34HU,https://rentre.kr/product/1600004395,https://cdn.rentre.kr/product-thumbnail/3f78f035ab6642aca31d391993c411e7.png,"[""냉수"",""온수"",""정수""]",1,4.9,85,400,,"{""sections"":[""main_list""],""badges"":[""이 정도 기능에 이 가격? 2025 신상 직수 정수기"",""3가지 자동 위생 시스템"",""사용자 맞춤 출수"",""온수 100˚C"",""BEST""],""rating"":4.9,""reviewCount"":85,""orderCount"":400,""expectDiscountRate"":50,""hasAffiliateCard"":true,""affiliateCardDiscountAmount"":10000,""isHalfPricePromotion"":true,""promoDurationMonths"":6,""postPromoMonthlyFee"":26900,""brandCode"":""HYUNDAI_UBERS"",""rentalCompany"":""OPEN""}"
rentre,2026-03-27T05:00:24.821Z,https://rentre.kr/water-purifier,rentre:1600004393,LG,"퓨리케어 오브제컬렉션 냉온정 정수기(음성인식, 맞춤출수)",WD524VC,https://rentre.kr/product/1600004393,https://cdn.rentre.kr/product-thumbnail/93cdaa50bf564edd85b123cb0823a259.png,"[""냉수"",""온수"",""정수""]",3,4.9,17,70,,"{""sections"":[""main_list""],""badges"":[],""rating"":4.9,""reviewCount"":17,""orderCount"":70,""expectDiscountRate"":50,""hasAffiliateCard"":true,""affiliateCardDiscountAmount"":13000,""isHalfPricePromotion"":true,""promoDurationMonths"":6,""postPromoMonthlyFee"":34900,""brandCode"":""LG"",""rentalCompany"":""LG""}"
rentre,2026-03-27T05:00:24.821Z,https://rentre.kr/water-purifier,rentre:1600001989,SK인텔릭스,뉴 미니 정수전용 정수기,WPUPBC204SWH,https://rentre.kr/product/1600001989,https://cdn.rentre.kr/product-thumbnail/7e49dae7be214409afa799fbebec43c1.png,"[""정수""]",3,4.7,18,90,,"{""sections"":[""main_list""],""badges"":[""타사보상 혜택""],""rating"":4.7,""reviewCount"":18,""orderCount"":90,""expectDiscountRate"":0,""hasAffiliateCard"":true,""affiliateCardDiscountAmount"":7000,""isHalfPricePromotion"":false,""promoDurationMonths"":null,""postPromoMonthlyFee"":16900,""brandCode"":""SK"",""rentalCompany"":""SK인텔릭스""}"
rentre,2026-03-27T05:00:24.821Z,https://rentre.kr/water-purifier,rentre:1522013466,SK인텔릭스,원코크 냉온정 얼음물 정수기 (24년 출시),WPUIAC414SOW,https://rentre.kr/product/1522013466,https://cdn.rentre.kr/product-thumbnail/691760cb940c4fb8a5f77b60cebb9019.png,"[""얼음"",""냉수"",""온수"",""정수""]",4,4.6,341,1000,,"{""sections"":[""main_list""],""badges"":[""타사보상 혜택""],""rating"":4.6,""reviewCount"":341,""orderCount"":1000,""expectDiscountRate"":63,""hasAffiliateCard"":true,""affiliateCardDiscountAmount"":7000,""isHalfPricePromotion"":true,""promoDurationMonths"":12,""postPromoMonthlyFee"":43900,""brandCode"":""SK"",""rentalCompany"":""SK인텔릭스""}"
rentre,2026-03-27T05:00:24.821Z,https://rentre.kr/water-purifier,rentre:4090201,청호,옴니플러스 냉정 얼음정수기,WI-53C8600M,https://rentre.kr/product/4090201,https://cdn.rentre.kr/product-thumbnail/6e7efdc595a24f798d96e5d157cfc091.png,"[""얼음"",""냉수"",""정수""]",1,4.6,6,30,,"{""sections"":[""main_list""],""badges"":[],""rating"":4.6,""reviewCount"":6,""orderCount"":30,""expectDiscountRate"":35,""hasAffiliateCard"":true,""affiliateCardDiscountAmount"":13000,""isHalfPricePromotion"":false,""promoDurationMonths"":null,""postPromoMonthlyFee"":29900,""brandCode"":""CHUNGHO"",""rentalCompany"":""청호""}"
rentre,2026-03-27T05:00:24.821Z,https://rentre.kr/water-purifier,rentre:3180101,코웨이,아이스 스탠드 슬림 정수기,CHPI-620L,https://rentre.kr/product/3180101,https://cdn.rentre.kr/product-thumbnail/CO54-T-1.png,"[""정수""]",2,4.6,8,90,,"{""sections"":[""main_list""],""badges"":[],""rating"":4.6,""reviewCount"":8,""orderCount"":90,""expectDiscountRate"":54,""hasAffiliateCard"":true,""affiliateCardDiscountAmount"":15000,""isHalfPricePromotion"":true,""promoDurationMonths"":9,""postPromoMonthlyFee"":48900,""brandCode"":""COWAY"",""rentalCompany"":""코웨이""}"
rentre,2026-03-27T05:00:24.821Z,https://rentre.kr/water-purifier,rentre:1522011981,코웨이,엘리트 냉온정 정수기,CHP-6340L,https://rentre.kr/product/1522011981,https://cdn.rentre.kr/product-thumbnail/76f7c600d3774fe0b5c78440e1e45a4f.png,"[""냉수"",""온수"",""정수""]",3,4.4,26,100,,"{""sections"":[""main_list""],""badges"":[],""rating"":4.4,""reviewCount"":26,""orderCount"":100,""expectDiscountRate"":57,""hasAffiliateCard"":true,""affiliateCardDiscountAmount"":15000,""isHalfPricePromotion"":true,""promoDurationMonths"":12,""postPromoMonthlyFee"":30900,""brandCode"":""COWAY"",""rentalCompany"":""코웨이""}"
rentre,2026-03-27T05:00:24.821Z,https://rentre.kr/water-purifier,rentre:1522012062,청호,슈퍼아이스트리 냉온정 얼음정수기,WI-80S9P510M,https://rentre.kr/product/1522012062,https://cdn.rentre.kr/product-thumbnail/7d2c4bb3942d4c7c9557781ed69611f4.png,"[""얼음"",""냉수"",""온수"",""정수""]",2,4.8,12,90,,"{""sections"":[""main_list""],""badges"":[""타사보상 혜택""],""rating"":4.8,""reviewCount"":12,""orderCount"":90,""expectDiscountRate"":7,""hasAffiliateCard"":true,""affiliateCardDiscountAmount"":13000,""isHalfPricePromotion"":false,""promoDurationMonths"":null,""postPromoMonthlyFee"":52900,""brandCode"":""CHUNGHO"",""rentalCompany"":""청호""}"
rentre,2026-03-27T05:00:24.821Z,https://rentre.kr/water-purifier,rentre:1522013706,청호,아이스트리 플리 냉온정 얼음정수기,WI-60C90511M,https://rentre.kr/product/1522013706,https://cdn.rentre.kr/product-thumbnail/cb899ee2e7c04e81a1555447286b3baf.png,"[""얼음"",""냉수"",""온수"",""정수""]",3,4.7,6,40,,"{""sections"":[""main_list""],""badges"":[""타사보상 혜택""],""rating"":4.7,""reviewCount"":6,""orderCount"":40,""expectDiscountRate"":54,""hasAffiliateCard"":true,""affiliateCardDiscountAmount"":13000,""isHalfPricePromotion"":true,""promoDurationMonths"":6,""postPromoMonthlyFee"":45900,""brandCode"":""CHUNGHO"",""rentalCompany"":""청호""}"
rentre,2026-03-27T05:00:24.821Z,https://rentre.kr/water-purifier,rentre:1522010138,청호,애니 냉온 정수기,WP-30S50010N,https://rentre.kr/product/1522010138,https://cdn.rentre.kr/product-thumbnail/1072efbac42f4f4b858900761e08b416.png,"[""정수""]",2,4.7,12,80,,"{""sections"":[""main_list""],""badges"":[],""rating"":4.7,""reviewCount"":12,""orderCount"":80,""expectDiscountRate"":0,""hasAffiliateCard"":true,""affiliateCardDiscountAmount"":13000,""isHalfPricePromotion"":false,""promoDurationMonths"":null,""postPromoMonthlyFee"":19900,""brandCode"":""CHUNGHO"",""rentalCompany"":""청호""}"
rentre,2026-03-27T05:00:24.821Z,https://rentre.kr/water-purifier,rentre:1600006544,코웨이,워터스탠드 플러스 냉온정 정수기 (나노트랩필터),CHP-5730N,https://rentre.kr/product/1600006544,https://cdn.rentre.kr/product-thumbnail/c6dd6ab8710e42eca70a8e23ccdaf921.png,"[""냉수"",""온수"",""정수""]",2,4.7,3,20,,"{""sections"":[""main_list""],""badges"":[""NEW""],""rating"":4.7,""reviewCount"":3,""orderCount"":20,""expectDiscountRate"":52,""hasAffiliateCard"":true,""affiliateCardDiscountAmount"":15000,""isHalfPricePromotion"":true,""promoDurationMonths"":9,""postPromoMonthlyFee"":27900,""brandCode"":""COWAY"",""rentalCompany"":""코웨이""}"
rentre,2026-03-27T05:00:24.821Z,https://rentre.kr/water-purifier,rentre:1600003840,청호,자가관리 셀프 냉온정 정수기,WP-30C9460BN,https://rentre.kr/product/1600003840,https://cdn.rentre.kr/product-thumbnail/35bf9e1869cf4bceae2b21ea926ba18d.png,"[""냉수"",""온수"",""정수""]",2,4.9,16,100,,"{""sections"":[""main_list""],""badges"":[],""rating"":4.9,""reviewCount"":16,""orderCount"":100,""expectDiscountRate"":40,""hasAffiliateCard"":true,""affiliateCardDiscountAmount"":13000,""isHalfPricePromotion"":false,""promoDurationMonths"":null,""postPromoMonthlyFee"":19900,""brandCode"":""CHUNGHO"",""rentalCompany"":""청호""}"
rentre,2026-03-27T05:00:24.821Z,https://rentre.kr/water-purifier,rentre:1600003816,코웨이,얼음정수기 RO,CHPI-7521L,https://rentre.kr/product/1600003816,https://cdn.rentre.kr/product-thumbnail/9dd6b9443d0a4b2b9051c20d9925a9ca.png,"[""얼음"",""정수""]",3,4.7,18,100,,"{""sections"":[""main_list""],""badges"":[],""rating"":4.7,""reviewCount"":18,""orderCount"":100,""expectDiscountRate"":50,""hasAffiliateCard"":true,""affiliateCardDiscountAmount"":15000,""isHalfPricePromotion"":true,""promoDurationMonths"":12,""postPromoMonthlyFee"":40400,""brandCode"":""COWAY"",""rentalCompany"":""코웨이""}"
rentre,2026-03-27T05:00:24.821Z,https://rentre.kr/water-purifier,rentre:1600003498,교원웰스,미미 무전원 직수 정수전용 정수기 (데스크형),WP610,https://rentre.kr/product/1600003498,https://cdn.rentre.kr/product-thumbnail/9761e70a7d1f4b519c704c2b7e77b617.png,"[""정수""]",1,4.7,9,80,,"{""sections"":[""main_list""],""badges"":[],""rating"":4.7,""reviewCount"":9,""orderCount"":80,""expectDiscountRate"":0,""hasAffiliateCard"":true,""affiliateCardDiscountAmount"":11000,""isHalfPricePromotion"":false,""promoDurationMonths"":null,""postPromoMonthlyFee"":10900,""brandCode"":""KYOWON"",""rentalCompany"":""교원웰스""}"
rentre,2026-03-27T05:00:24.821Z,https://rentre.kr/water-purifier,rentre:3260201,코웨이,노블 빌트인 냉온정 정수기,CHP-3140N,https://rentre.kr/product/3260201,https://cdn.rentre.kr/product-thumbnail/f3d80c1bbc2d48c98dd9658a84d74b1b.png,"[""냉수"",""온수"",""정수""]",4,4.7,31,100,,"{""sections"":[""main_list""],""badges"":[],""rating"":4.7,""reviewCount"":31,""orderCount"":100,""expectDiscountRate"":54,""hasAffiliateCard"":true,""affiliateCardDiscountAmount"":15000,""isHalfPricePromotion"":true,""promoDurationMonths"":12,""postPromoMonthlyFee"":36400,""brandCode"":""COWAY"",""rentalCompany"":""코웨이""}"
rentre,2026-03-27T05:00:24.821Z,https://rentre.kr/water-purifier,rentre:1522012371,LG,퓨리케어 오브제컬렉션 상하좌우 냉온정 정수기,WD525ACB,https://rentre.kr/product/1522012371,https://cdn.rentre.kr/product-thumbnail/23281cd490a44522883b8de5c027531c.png,"[""냉수"",""온수"",""정수""]",4,4.6,63,200,,"{""sections"":[""main_list""],""badges"":[],""rating"":4.6,""reviewCount"":63,""orderCount"":200,""expectDiscountRate"":50,""hasAffiliateCard"":true,""affiliateCardDiscountAmount"":13000,""isHalfPricePromotion"":true,""promoDurationMonths"":12,""postPromoMonthlyFee"":29900,""brandCode"":""LG"",""rentalCompany"":""LG""}"
rentre,2026-03-27T05:00:24.821Z,https://rentre.kr/water-purifier,rentre:1522011976,쿠쿠,인스퓨어 지하수 냉온정 정수기,CP-WR602HW,https://rentre.kr/product/1522011976,https://cdn.rentre.kr/product-thumbnail/2f5db5f001cf425881d09641ace888b7.png,"[""냉수"",""온수"",""정수""]",2,4.4,4,40,,"{""sections"":[""main_list""],""badges"":[],""rating"":4.4,""reviewCount"":4,""orderCount"":40,""expectDiscountRate"":28,""hasAffiliateCard"":true,""affiliateCardDiscountAmount"":10000,""isHalfPricePromotion"":false,""promoDurationMonths"":null,""postPromoMonthlyFee"":22900,""brandCode"":""CUCKOO"",""rentalCompany"":""쿠쿠""}"
rentre,2026-03-27T05:00:24.821Z,https://rentre.kr/water-purifier,rentre:1600006268,LG,퓨리케어 오브제컬렉션 슬림스탠드 냉온정 정수기,WS511SH,https://rentre.kr/product/1600006268,https://cdn.rentre.kr/product-thumbnail/8b2da55c26534786a53b5b4cde2b72ca.png,"[""냉수"",""온수"",""정수""]",3,4.9,5,20,,"{""sections"":[""main_list""],""badges"":[""25년 10월 출시"",""NEW""],""rating"":4.9,""reviewCount"":5,""orderCount"":20,""expectDiscountRate"":0,""hasAffiliateCard"":true,""affiliateCardDiscountAmount"":13000,""isHalfPricePromotion"":false,""promoDurationMonths"":null,""postPromoMonthlyFee"":24500,""brandCode"":""LG"",""rentalCompany"":""LG""}"
rentre,2026-03-27T05:00:24.821Z,https://rentre.kr/water-purifier,rentre:1600004404,SK인텔릭스,뉴슬림 플러스 냉온정 정수기 (UF필터),WPUTDC104RNW,https://rentre.kr/product/1600004404,https://cdn.rentre.kr/product-thumbnail/3b56fed9490a4b5bb266c7e8cd921a3c.png,"[""냉수"",""온수"",""정수""]",2,4.6,5,20,,"{""sections"":[""main_list""],""badges"":[],""rating"":4.6,""reviewCount"":5,""orderCount"":20,""expectDiscountRate"":17,""hasAffiliateCard"":true,""affiliateCardDiscountAmount"":7000,""isHalfPricePromotion"":false,""promoDurationMonths"":null,""postPromoMonthlyFee"":19900,""brandCode"":""SK"",""rentalCompany"":""SK인텔릭스""}"
rentre,2026-03-27T05:00:24.821Z,https://rentre.kr/water-purifier,rentre:1522012467,현대큐밍,더퓨어 베이직 냉온 정수기 (데스크형),HQP1830CW0,https://rentre.kr/product/1522012467,https://cdn.rentre.kr/product-thumbnail/5d8711f6c8154d089378a90f9dec7b45.png,"[""정수""]",2,4.4,61,300,,"{""sections"":[""main_list""],""badges"":[],""rating"":4.4,""reviewCount"":61,""orderCount"":300,""expectDiscountRate"":0,""hasAffiliateCard"":true,""affiliateCardDiscountAmount"":10000,""isHalfPricePromotion"":false,""promoDurationMonths"":null,""postPromoMonthlyFee"":16900,""brandCode"":""HYUNDAI_QUMING"",""rentalCompany"":""현대큐밍""}"
rentre,2026-03-27T05:00:24.821Z,https://rentre.kr/water-purifier,rentre:1522013113,현대큐밍,딜라이트 직수 냉온정 정수기 (바디색 선택가능),HQPS11CG0E,https://rentre.kr/product/1522013113,https://cdn.rentre.kr/product-thumbnail/313d7519f2cd4ba7913e32bc73301097.png,"[""냉수"",""온수"",""정수""]",2,4.5,27,100,,"{""sections"":[""main_list""],""badges"":[],""rating"":4.5,""reviewCount"":27,""orderCount"":100,""expectDiscountRate"":66,""hasAffiliateCard"":true,""affiliateCardDiscountAmount"":10000,""isHalfPricePromotion"":true,""promoDurationMonths"":10,""postPromoMonthlyFee"":27900,""brandCode"":""HYUNDAI_QUMING"",""rentalCompany"":""현대큐밍""}"
rentre,2026-03-27T05:00:24.821Z,https://rentre.kr/water-purifier,rentre:1522012082,쿠쿠,인스퓨어 스팀100 바리스타 냉온정 커피정수기,CP-ABSC100GW,https://rentre.kr/product/1522012082,https://cdn.rentre.kr/product-thumbnail/bc121fd93ab74d92ac8d556ba8580cc5.png,"[""냉수"",""온수"",""정수""]",4,4.7,55,300,,"{""sections"":[""main_list""],""badges"":[""타사보상 혜택""],""rating"":4.7,""reviewCount"":55,""orderCount"":300,""expectDiscountRate"":66,""hasAffiliateCard"":true,""affiliateCardDiscountAmount"":10000,""isHalfPricePromotion"":true,""promoDurationMonths"":12,""postPromoMonthlyFee"":28900,""brandCode"":""CUCKOO"",""rentalCompany"":""쿠쿠""}"
rentre,2026-03-27T05:00:24.821Z,https://rentre.kr/water-purifier,rentre:1522010471,코웨이,프라임 아이스 맥스 냉온정 얼음정수기,CHPI-5810L,https://rentre.kr/product/1522010471,https://cdn.rentre.kr/product-thumbnail/ea8805b3113e4a0f914b330f9513bb5c.png,"[""얼음"",""냉수"",""온수"",""정수""]",3,4.4,8,70,,"{""sections"":[""main_list""],""badges"":[],""rating"":4.4,""reviewCount"":8,""orderCount"":70,""expectDiscountRate"":56,""hasAffiliateCard"":true,""affiliateCardDiscountAmount"":15000,""isHalfPricePromotion"":true,""promoDurationMonths"":9,""postPromoMonthlyFee"":55900,""brandCode"":""COWAY"",""rentalCompany"":""코웨이""}"
rentre,2026-03-27T05:00:24.821Z,https://rentre.kr/water-purifier,rentre:1600006357,쿠쿠,내추럴 워터 냉온정 정수기 (스탠드형),CP-FN603SW,https://rentre.kr/product/1600006357,https://cdn.rentre.kr/product-thumbnail/733db84778c040588f9f5108ebef813a.png,"[""냉수"",""온수"",""정수""]",1,4.5,2,0,,"{""sections"":[""main_list""],""badges"":[],""rating"":4.5,""reviewCount"":2,""orderCount"":0,""expectDiscountRate"":0,""hasAffiliateCard"":true,""affiliateCardDiscountAmount"":10000,""isHalfPricePromotion"":false,""promoDurationMonths"":null,""postPromoMonthlyFee"":18900,""brandCode"":""CUCKOO"",""rentalCompany"":""쿠쿠""}"
rentre,2026-03-27T05:00:24.821Z,https://rentre.kr/water-purifier,rentre:1600003473,청호,자가관리 셀프 냉온 정수기 (화이트/실버),WP-30C9560N,https://rentre.kr/product/1600003473,https://cdn.rentre.kr/product-thumbnail/560e24e50e414fe9898765a3eb4e0279.png,"[""정수""]",2,4.6,13,60,,"{""sections"":[""main_list""],""badges"":[],""rating"":4.6,""reviewCount"":13,""orderCount"":60,""expectDiscountRate"":17,""hasAffiliateCard"":true,""affiliateCardDiscountAmount"":13000,""isHalfPricePromotion"":false,""promoDurationMonths"":null,""postPromoMonthlyFee"":24900,""brandCode"":""CHUNGHO"",""rentalCompany"":""청호""}"
rentre,2026-03-27T05:00:24.821Z,https://rentre.kr/water-purifier,rentre:1522011872,쿠쿠,스팀100 빌트인 정수기,CP-AAS100ULW,https://rentre.kr/product/1522011872,https://cdn.rentre.kr/product-thumbnail/85ce0e6fd30b4eedbfc2169108e11d49.png,"[""정수""]",2,4.7,11,50,,"{""sections"":[""main_list""],""badges"":[],""rating"":4.7,""reviewCount"":11,""orderCount"":50,""expectDiscountRate"":20,""hasAffiliateCard"":true,""affiliateCardDiscountAmount"":10000,""isHalfPricePromotion"":false,""promoDurationMonths"":null,""postPromoMonthlyFee"":40900,""brandCode"":""CUCKOO"",""rentalCompany"":""쿠쿠""}"
rentre,2026-03-27T05:00:24.821Z,https://rentre.kr/water-purifier,rentre:1600001609,코웨이,워터스탠드2 냉온정 정수기,CHP-5711L,https://rentre.kr/product/1600001609,https://cdn.rentre.kr/product-thumbnail/ca80d432eadf4c11a3f039eeab108efa.png,"[""냉수"",""온수"",""정수""]",4,4.9,7,70,,"{""sections"":[""main_list""],""badges"":[],""rating"":4.9,""reviewCount"":7,""orderCount"":70,""expectDiscountRate"":68,""hasAffiliateCard"":true,""affiliateCardDiscountAmount"":15000,""isHalfPricePromotion"":true,""promoDurationMonths"":9,""postPromoMonthlyFee"":25900,""brandCode"":""COWAY"",""rentalCompany"":""코웨이""}"
rentre,2026-03-27T05:00:24.821Z,https://rentre.kr/water-purifier,rentre:1522012499,청호,정수전용 일반정수기 S,WP-40C60000M,https://rentre.kr/product/1522012499,https://cdn.rentre.kr/product-thumbnail/abd76e320c604a5e816937ad4c6894fc.png,"[""정수""]",1,4.4,3,10,,"{""sections"":[""main_list""],""badges"":[""타사보상 혜택""],""rating"":4.4,""reviewCount"":3,""orderCount"":10,""expectDiscountRate"":0,""hasAffiliateCard"":true,""affiliateCardDiscountAmount"":13000,""isHalfPricePromotion"":false,""promoDurationMonths"":null,""postPromoMonthlyFee"":13900,""brandCode"":""CHUNGHO"",""rentalCompany"":""청호""}"
rentre,2026-03-27T05:00:24.821Z,https://rentre.kr/water-purifier,rentre:1522012465,현대큐밍,더퓨어 베이직 냉온 정수기 (스탠드형),HQP1830SW0,https://rentre.kr/product/1522012465,https://cdn.rentre.kr/product-thumbnail/cf02af93a0ac4b1d8211fd2c354cc8d8.png,"[""정수""]",2,4.4,45,200,,"{""sections"":[""main_list""],""badges"":[],""rating"":4.4,""reviewCount"":45,""orderCount"":200,""expectDiscountRate"":0,""hasAffiliateCard"":true,""affiliateCardDiscountAmount"":10000,""isHalfPricePromotion"":false,""promoDurationMonths"":null,""postPromoMonthlyFee"":16900,""brandCode"":""HYUNDAI_QUMING"",""rentalCompany"":""현대큐밍""}"
rentre,2026-03-27T05:00:24.821Z,https://rentre.kr/water-purifier,rentre:1522012369,LG,퓨리케어 상하좌우 냉온정 정수기,WD525AS,https://rentre.kr/product/1522012369,https://cdn.rentre.kr/product-thumbnail/bd2f3b35e88244cd9b48fcace027b7b3.png,"[""냉수"",""온수"",""정수""]",3,4.4,104,400,,"{""sections"":[""main_list""],""badges"":[],""rating"":4.4,""reviewCount"":104,""orderCount"":400,""expectDiscountRate"":50,""hasAffiliateCard"":true,""affiliateCardDiscountAmount"":13000,""isHalfPricePromotion"":true,""promoDurationMonths"":12,""postPromoMonthlyFee"":29900,""brandCode"":""LG"",""rentalCompany"":""LG""}"
rentre,2026-03-27T05:00:24.821Z,https://rentre.kr/water-purifier,rentre:1600006587,코웨이,아이스 스탠드 자이언트 냉온정 얼음정수기,CHPI-5830L,https://rentre.kr/product/1600006587,https://cdn.rentre.kr/product-thumbnail/a9b1ccde91bc4af09228c353d9e920bf.png,"[""얼음"",""냉수"",""온수"",""정수""]",2,0,0,10,,"{""sections"":[""main_list""],""badges"":[""25년 12월 출시 | 국내 최대 얼음 저장용량 5.2kg"",""NEW""],""rating"":0,""reviewCount"":0,""orderCount"":10,""expectDiscountRate"":50,""hasAffiliateCard"":true,""affiliateCardDiscountAmount"":15000,""isHalfPricePromotion"":true,""promoDurationMonths"":9,""postPromoMonthlyFee"":58900,""brandCode"":""COWAY"",""rentalCompany"":""코웨이""}"
rentre,2026-03-27T05:00:24.821Z,https://rentre.kr/water-purifier,rentre:1522012817,SK인텔릭스,초소형 직수 냉정 정수기,WPUJCC104SWH,https://rentre.kr/product/1522012817,https://cdn.rentre.kr/product-thumbnail/2039bbfe48fc406ab786aafe8f92cafd.png,"[""냉수"",""정수""]",5,4.6,18,80,,"{""sections"":[""main_list""],""badges"":[],""rating"":4.6,""reviewCount"":18,""orderCount"":80,""expectDiscountRate"":71,""hasAffiliateCard"":true,""affiliateCardDiscountAmount"":7000,""isHalfPricePromotion"":true,""promoDurationMonths"":12,""postPromoMonthlyFee"":25900,""brandCode"":""SK"",""rentalCompany"":""SK인텔릭스""}"
rentre,2026-03-27T05:00:24.821Z,https://rentre.kr/water-purifier,rentre:1600005021,교원웰스,아이스원 얼음정수기,WR872MWA,https://rentre.kr/product/1600005021,https://cdn.rentre.kr/product-thumbnail/226ad4a99b7a499f9a514f838964cb75.png,"[""얼음"",""정수""]",1,0,0,0,,"{""sections"":[""main_list""],""badges"":[],""rating"":0,""reviewCount"":0,""orderCount"":0,""expectDiscountRate"":60,""hasAffiliateCard"":true,""affiliateCardDiscountAmount"":11000,""isHalfPricePromotion"":true,""promoDurationMonths"":12,""postPromoMonthlyFee"":39900,""brandCode"":""KYOWON"",""rentalCompany"":""교원웰스""}"
rentre,2026-03-27T05:00:24.821Z,https://rentre.kr/water-purifier,rentre:1522013471,SK인텔릭스,위글위글 초소형 직수 냉온정 정수기 (24년 5월 출시),WPUJAC104SWW,https://rentre.kr/product/1522013471,https://cdn.rentre.kr/product-thumbnail/8b470272e65d4460a9d64a7e2723223f.png,"[""냉수"",""온수"",""정수""]",4,4.7,23,100,,"{""sections"":[""main_list""],""badges"":[""타사보상 혜택""],""rating"":4.7,""reviewCount"":23,""orderCount"":100,""expectDiscountRate"":73,""hasAffiliateCard"":true,""affiliateCardDiscountAmount"":7000,""isHalfPricePromotion"":true,""promoDurationMonths"":12,""postPromoMonthlyFee"":27400,""brandCode"":""SK"",""rentalCompany"":""SK인텔릭스""}"
rentre,2026-03-27T05:00:24.821Z,https://rentre.kr/water-purifier,rentre:1600005364,코웨이,아이콘 스탠다드 냉정 얼음정수기,CPI-7410N,https://rentre.kr/product/1600005364,https://cdn.rentre.kr/product-thumbnail/e50e72f4f70d40499469cd5059d32810.png,"[""얼음"",""냉수"",""정수""]",3,4.7,3,10,,"{""sections"":[""main_list""],""badges"":[""타사보상 혜택"",""NEW""],""rating"":4.7,""reviewCount"":3,""orderCount"":10,""expectDiscountRate"":55,""hasAffiliateCard"":true,""affiliateCardDiscountAmount"":15000,""isHalfPricePromotion"":true,""promoDurationMonths"":12,""postPromoMonthlyFee"":41900,""brandCode"":""COWAY"",""rentalCompany"":""코웨이""}"
rentre,2026-03-27T05:00:24.821Z,https://rentre.kr/water-purifier,rentre:1522012942,쿠쿠,인앤아웃 아이스 10'S 정수기,CP-SS101HW,https://rentre.kr/product/1522012942,https://cdn.rentre.kr/product-thumbnail/7032c3f716ac44778cec506cbaa2e118.png,"[""정수""]",2,4.6,16,100,,"{""sections"":[""main_list""],""badges"":[],""rating"":4.6,""reviewCount"":16,""orderCount"":100,""expectDiscountRate"":28,""hasAffiliateCard"":true,""affiliateCardDiscountAmount"":10000,""isHalfPricePromotion"":false,""promoDurationMonths"":null,""postPromoMonthlyFee"":35910,""brandCode"":""CUCKOO"",""rentalCompany"":""쿠쿠""}"
rentre,2026-03-27T05:00:24.821Z,https://rentre.kr/water-purifier,rentre:2140101,SK인텔릭스,에코미니 정수전용 정수기 Green 41,WPUGBC102SCE,https://rentre.kr/product/2140101,https://cdn.rentre.kr/product-thumbnail/SK35-T-1.png,"[""정수""]",2,4.4,21,100,,"{""sections"":[""main_list""],""badges"":[],""rating"":4.4,""reviewCount"":21,""orderCount"":100,""expectDiscountRate"":16,""hasAffiliateCard"":true,""affiliateCardDiscountAmount"":7000,""isHalfPricePromotion"":false,""promoDurationMonths"":null,""postPromoMonthlyFee"":15900,""brandCode"":""SK"",""rentalCompany"":""SK인텔릭스""}"
rentre,2026-03-27T05:00:24.821Z,https://rentre.kr/water-purifier,rentre:3010201,코웨이,AIS(아이스) 3.0 냉온정 얼음정수기 IoCare,CHPI-7511L,https://rentre.kr/product/3010201,https://cdn.rentre.kr/product-thumbnail/e45912d56c9e418b94c11e3bc7ee3ad2.png,"[""얼음"",""냉수"",""온수"",""정수""]",2,4.5,21,80,,"{""sections"":[""main_list""],""badges"":[],""rating"":4.5,""reviewCount"":21,""orderCount"":80,""expectDiscountRate"":50,""hasAffiliateCard"":true,""affiliateCardDiscountAmount"":15000,""isHalfPricePromotion"":true,""promoDurationMonths"":12,""postPromoMonthlyFee"":42400,""brandCode"":""COWAY"",""rentalCompany"":""코웨이""}"
rentre,2026-03-27T05:00:24.821Z,https://rentre.kr/water-purifier,rentre:1600003846,청호,자가관리 셀프 냉정 정수기,WP-30C8460N ,https://rentre.kr/product/1600003846,https://cdn.rentre.kr/product-thumbnail/939a05e1c631413989fc1cbe0569afc9.png,"[""냉수"",""정수""]",2,5,3,30,,"{""sections"":[""main_list""],""badges"":[],""rating"":5,""reviewCount"":3,""orderCount"":30,""expectDiscountRate"":42,""hasAffiliateCard"":true,""affiliateCardDiscountAmount"":13000,""isHalfPricePromotion"":false,""promoDurationMonths"":null,""postPromoMonthlyFee"":17900,""brandCode"":""CHUNGHO"",""rentalCompany"":""청호""}"
rentre,2026-03-27T05:00:24.821Z,https://rentre.kr/water-purifier,rentre:1600005617,교원웰스,슬림원 냉온정 정수기,WS672,https://rentre.kr/product/1600005617,https://cdn.rentre.kr/product-thumbnail/db8c8deae06d45d3a1f80b62b6866b15.png,"[""냉수"",""온수"",""정수""]",1,4.9,2,0,,"{""sections"":[""main_list""],""badges"":[""NEW""],""rating"":4.9,""reviewCount"":2,""orderCount"":0,""expectDiscountRate"":50,""hasAffiliateCard"":true,""affiliateCardDiscountAmount"":11000,""isHalfPricePromotion"":true,""promoDurationMonths"":12,""postPromoMonthlyFee"":25900,""brandCode"":""KYOWON"",""rentalCompany"":""교원웰스""}"
rentre,2026-03-27T05:00:24.821Z,https://rentre.kr/water-purifier,rentre:1600003821,쿠쿠,인스퓨어 냉온 스탠드 정수기,CP-AF1601SW(S),https://rentre.kr/product/1600003821,https://cdn.rentre.kr/product-thumbnail/8ea3d127970a4b59b50aff6c90007188.png,"[""정수""]",2,0,0,0,,"{""sections"":[""main_list""],""badges"":[],""rating"":0,""reviewCount"":0,""orderCount"":0,""expectDiscountRate"":0,""hasAffiliateCard"":true,""affiliateCardDiscountAmount"":10000,""isHalfPricePromotion"":false,""promoDurationMonths"":null,""postPromoMonthlyFee"":25900,""brandCode"":""CUCKOO"",""rentalCompany"":""쿠쿠""}"
rentre,2026-03-27T05:00:24.821Z,https://rentre.kr/water-purifier,rentre:3240203,코웨이,노블 냉온정 정수기 가로,CHP-8210N,https://rentre.kr/product/3240203,https://cdn.rentre.kr/product-thumbnail/271ba8073b6f4d41a1638b3116fd4ca1.png,"[""냉수"",""온수"",""정수""]",1,4.5,4,10,,"{""sections"":[""main_list""],""badges"":[],""rating"":4.5,""reviewCount"":4,""orderCount"":10,""expectDiscountRate"":54,""hasAffiliateCard"":true,""affiliateCardDiscountAmount"":15000,""isHalfPricePromotion"":true,""promoDurationMonths"":12,""postPromoMonthlyFee"":33400,""brandCode"":""COWAY"",""rentalCompany"":""코웨이""}"
rentre,2026-03-27T05:00:24.821Z,https://rentre.kr/water-purifier,rentre:1600001992,현대유버스,프라임 UV 냉온정 정수기 (스탠드형),WHC-54SU,https://rentre.kr/product/1600001992,https://cdn.rentre.kr/product-thumbnail/9a39ec8c8bc64844b1240546ffcb2120.png,"[""냉수"",""온수"",""정수""]",3,5,3,10,,"{""sections"":[""main_list""],""badges"":[],""rating"":5,""reviewCount"":3,""orderCount"":10,""expectDiscountRate"":50,""hasAffiliateCard"":true,""affiliateCardDiscountAmount"":10000,""isHalfPricePromotion"":true,""promoDurationMonths"":12,""postPromoMonthlyFee"":21900,""brandCode"":""HYUNDAI_UBERS"",""rentalCompany"":""OPEN""}"
rentre,2026-03-27T05:00:24.821Z,https://rentre.kr/water-purifier,rentre:1600006591,SK인텔릭스,PSG 원코크 플러스 얼음물 정수기 (25년 출시),WPUIAC425PNS,https://rentre.kr/product/1600006591,https://cdn.rentre.kr/product-thumbnail/0d1f9691a8214bae8c83ee83edd90505.png,"[""얼음"",""정수""]",2,4.9,6,10,,"{""sections"":[""main_list""],""badges"":[""타사보상 혜택"",""4단계 원터치 얼음물"",""4중 안심 케어"",""간편 교체 이지필터""],""rating"":4.9,""reviewCount"":6,""orderCount"":10,""expectDiscountRate"":64,""hasAffiliateCard"":true,""affiliateCardDiscountAmount"":7000,""isHalfPricePromotion"":true,""promoDurationMonths"":12,""postPromoMonthlyFee"":44900,""brandCode"":""SK"",""rentalCompany"":""SK인텔릭스""}"
rentre,2026-03-27T05:00:24.821Z,https://rentre.kr/water-purifier,rentre:1522012117,LG,퓨리케어 듀얼 냉정 정수기,WU823AS,https://rentre.kr/product/1522012117,https://cdn.rentre.kr/product-thumbnail/97c968b8eb0849268ba21b788c101eef.png,"[""냉수"",""정수""]",2,5,1,30,,"{""sections"":[""main_list""],""badges"":[],""rating"":5,""reviewCount"":1,""orderCount"":30,""expectDiscountRate"":50,""hasAffiliateCard"":true,""affiliateCardDiscountAmount"":13000,""isHalfPricePromotion"":true,""promoDurationMonths"":6,""postPromoMonthlyFee"":36900,""brandCode"":""LG"",""rentalCompany"":""LG""}"
rentre,2026-03-27T05:00:24.821Z,https://rentre.kr/water-purifier,rentre:1600005760,현대유버스,아이스가드 냉온정 얼음정수기,WHCI-25HN,https://rentre.kr/product/1600005760,https://cdn.rentre.kr/product-thumbnail/fe781d0e6361494b9113c204b149977f.png,"[""얼음"",""냉수"",""온수"",""정수""]",3,4.9,4,50,,"{""sections"":[""main_list""],""badges"":[""25년 8월 출시""],""rating"":4.9,""reviewCount"":4,""orderCount"":50,""expectDiscountRate"":50,""hasAffiliateCard"":true,""affiliateCardDiscountAmount"":10000,""isHalfPricePromotion"":true,""promoDurationMonths"":12,""postPromoMonthlyFee"":44900,""brandCode"":""HYUNDAI_UBERS"",""rentalCompany"":""OPEN""}"
rentre,2026-03-27T05:00:24.821Z,https://rentre.kr/water-purifier,rentre:1600006589,SK인텔릭스,PSG 초소형 플러스 직수 냉온정 정수기,WPUJAC115PPW,https://rentre.kr/product/1600006589,https://cdn.rentre.kr/product-thumbnail/5072da49c2164808a4f678acb42aa3e9.png,"[""냉수"",""온수"",""정수""]",4,4.9,4,0,,"{""sections"":[""main_list""],""badges"":[""타사보상 혜택""],""rating"":4.9,""reviewCount"":4,""orderCount"":0,""expectDiscountRate"":72,""hasAffiliateCard"":true,""affiliateCardDiscountAmount"":7000,""isHalfPricePromotion"":true,""promoDurationMonths"":12,""postPromoMonthlyFee"":28400,""brandCode"":""SK"",""rentalCompany"":""SK인텔릭스""}"
rentre,2026-03-27T05:00:24.821Z,https://rentre.kr/water-purifier,rentre:3140101,코웨이,프라임 정수기 베이직,P-6320L,https://rentre.kr/product/3140101,https://cdn.rentre.kr/product-thumbnail/CO23-T-1.png,"[""정수""]",4,4.2,13,60,,"{""sections"":[""main_list""],""badges"":[],""rating"":4.2,""reviewCount"":13,""orderCount"":60,""expectDiscountRate"":56,""hasAffiliateCard"":true,""affiliateCardDiscountAmount"":15000,""isHalfPricePromotion"":true,""promoDurationMonths"":12,""postPromoMonthlyFee"":20900,""brandCode"":""COWAY"",""rentalCompany"":""코웨이""}"
rentre,2026-03-27T05:00:24.821Z,https://rentre.kr/water-purifier,rentre:1522012281,삼성,비스포크 냉온정 언더싱크 정수기 (일체형 파우셋),RWP54421BF6M,https://rentre.kr/product/1522012281,https://cdn.rentre.kr/product-thumbnail/f03efa1e16df44809c57bc11a4907bf6.png,"[""냉수"",""온수"",""정수""]",1,4.8,2,30,,"{""sections"":[""main_list""],""badges"":[],""rating"":4.8,""reviewCount"":2,""orderCount"":30,""expectDiscountRate"":0,""hasAffiliateCard"":true,""affiliateCardDiscountAmount"":13000,""isHalfPricePromotion"":false,""promoDurationMonths"":null,""postPromoMonthlyFee"":31300,""brandCode"":""SAMSUNG"",""rentalCompany"":""OPEN""}"
rentre,2026-03-27T05:00:24.821Z,https://rentre.kr/water-purifier,rentre:1600003822,쿠쿠,슬림 정수전용 직수 정수기,CP-AKS011GB(S),https://rentre.kr/product/1600003822,https://cdn.rentre.kr/product-thumbnail/a65487810a774f58bcd18a46aea5c631.png,"[""정수""]",2,4.9,8,30,,"{""sections"":[""main_list""],""badges"":[],""rating"":4.9,""reviewCount"":8,""orderCount"":30,""expectDiscountRate"":0,""hasAffiliateCard"":true,""affiliateCardDiscountAmount"":10000,""isHalfPricePromotion"":false,""promoDurationMonths"":null,""postPromoMonthlyFee"":14900,""brandCode"":""CUCKOO"",""rentalCompany"":""쿠쿠""}"
rentre,2026-03-27T05:00:24.821Z,https://rentre.kr/water-purifier,rentre:3280201,코웨이,노블 냉온정 정수기 RO,CHP-8310L,https://rentre.kr/product/3280201,https://cdn.rentre.kr/product-thumbnail/CO104-T-1.png,"[""냉수"",""온수"",""정수""]",1,4.7,4,20,,"{""sections"":[""main_list""],""badges"":[],""rating"":4.7,""reviewCount"":4,""orderCount"":20,""expectDiscountRate"":54,""hasAffiliateCard"":true,""affiliateCardDiscountAmount"":15000,""isHalfPricePromotion"":true,""promoDurationMonths"":12,""postPromoMonthlyFee"":33400,""brandCode"":""COWAY"",""rentalCompany"":""코웨이""}"
rentre,2026-03-27T05:00:24.821Z,https://rentre.kr/water-purifier,rentre:3010301,코웨이,AIS(아이스) 3.0 스파클링 냉정 얼음정수기,CPSI-8510L,https://rentre.kr/product/3010301,https://cdn.rentre.kr/product-thumbnail/CO36-T-1.png,"[""얼음"",""냉수"",""정수""]",1,4.4,12,30,,"{""sections"":[""main_list""],""badges"":[],""rating"":4.4,""reviewCount"":12,""orderCount"":30,""expectDiscountRate"":53,""hasAffiliateCard"":true,""affiliateCardDiscountAmount"":15000,""isHalfPricePromotion"":true,""promoDurationMonths"":12,""postPromoMonthlyFee"":48900,""brandCode"":""COWAY"",""rentalCompany"":""코웨이""}"
rentre,2026-03-27T05:00:24.821Z,https://rentre.kr/water-purifier,rentre:1522011279,쿠쿠,인스퓨어 스탠드 냉온정 정수기,CP-W602SW,https://rentre.kr/product/1522011279,https://cdn.rentre.kr/product-thumbnail/ce279430b40a4c0cb89f5d32aacb668f.png,"[""냉수"",""온수"",""정수""]",2,4.6,8,70,,"{""sections"":[""main_list""],""badges"":[],""rating"":4.6,""reviewCount"":8,""orderCount"":70,""expectDiscountRate"":13,""hasAffiliateCard"":true,""affiliateCardDiscountAmount"":10000,""isHalfPricePromotion"":false,""promoDurationMonths"":null,""postPromoMonthlyFee"":20900,""brandCode"":""CUCKOO"",""rentalCompany"":""쿠쿠""}"
rentre,2026-03-27T05:00:24.821Z,https://rentre.kr/water-purifier,rentre:1522012395,LG,퓨리케어 상하좌우 냉정 정수기,WD325AS,https://rentre.kr/product/1522012395,https://cdn.rentre.kr/product-thumbnail/ce4b87f1b8054d4284a0b497b3d5d825.png,"[""냉수"",""정수""]",2,4.6,28,90,,"{""sections"":[""main_list""],""badges"":[],""rating"":4.6,""reviewCount"":28,""orderCount"":90,""expectDiscountRate"":0,""hasAffiliateCard"":true,""affiliateCardDiscountAmount"":13000,""isHalfPricePromotion"":false,""promoDurationMonths"":null,""postPromoMonthlyFee"":26900,""brandCode"":""LG"",""rentalCompany"":""LG""}"
rentre,2026-03-27T05:00:24.821Z,https://rentre.kr/water-purifier,rentre:1600003825,세라젬,밸런스 알칼리 이온수,CGM MWPI-2301,https://rentre.kr/product/1600003825,https://cdn.rentre.kr/product-thumbnail/97f3ea18fde4421daf6fb7f2f50b85d5.png,"[""이온수"",""온수""]",1,4.9,4,40,,"{""sections"":[""main_list""],""badges"":[""김우빈의 선택, TV 속 그 제품!"",""식약처 인증 위장 증상 개선"",""미네랄 알칼리 이온수"",""개인 맞춤 설정기능"",""HOT""],""rating"":4.9,""reviewCount"":4,""orderCount"":40,""expectDiscountRate"":0,""hasAffiliateCard"":true,""affiliateCardDiscountAmount"":13000,""isHalfPricePromotion"":false,""promoDurationMonths"":null,""postPromoMonthlyFee"":49000,""brandCode"":""CERAGEM"",""rentalCompany"":""세라젬""}"
rentre,2026-03-27T05:00:24.821Z,https://rentre.kr/water-purifier,rentre:3010101,코웨이,AIS(아이스) 3.0 냉정 얼음정수기 IoCare,CPI-7511L,https://rentre.kr/product/3010101,https://cdn.rentre.kr/product-thumbnail/CO15-T-1.png,"[""얼음"",""냉수"",""정수""]",2,4,4,10,,"{""sections"":[""main_list""],""badges"":[],""rating"":4,""reviewCount"":4,""orderCount"":10,""expectDiscountRate"":50,""hasAffiliateCard"":true,""affiliateCardDiscountAmount"":15000,""isHalfPricePromotion"":true,""promoDurationMonths"":12,""postPromoMonthlyFee"":38400,""brandCode"":""COWAY"",""rentalCompany"":""코웨이""}"
rentre,2026-03-27T05:00:24.821Z,https://rentre.kr/water-purifier,rentre:1600006048,코웨이,워터스탠드 플러스 냉온정 정수기 (지하수),CHP-5730L,https://rentre.kr/product/1600006048,https://cdn.rentre.kr/product-thumbnail/344914402cbf4866a61b544932fca0f7.png,"[""냉수"",""온수"",""정수""]",3,5,1,10,,"{""sections"":[""main_list""],""badges"":[],""rating"":5,""reviewCount"":1,""orderCount"":10,""expectDiscountRate"":69,""hasAffiliateCard"":true,""affiliateCardDiscountAmount"":15000,""isHalfPricePromotion"":true,""promoDurationMonths"":9,""postPromoMonthlyFee"":25900,""brandCode"":""COWAY"",""rentalCompany"":""코웨이""}"
rentre,2026-03-27T05:00:24.821Z,https://rentre.kr/water-purifier,rentre:1600003600,세스코,스마트핏 더슬림 데스크탑 정수기,EWBD351,https://rentre.kr/product/1600003600,https://cdn.rentre.kr/product-thumbnail/4c1b201e5f3d4290ae9fd70a48eafa03.png,"[""정수""]",1,5,2,0,,"{""sections"":[""main_list""],""badges"":[],""rating"":5,""reviewCount"":2,""orderCount"":0,""expectDiscountRate"":0,""hasAffiliateCard"":false,""affiliateCardDiscountAmount"":null,""isHalfPricePromotion"":false,""promoDurationMonths"":null,""postPromoMonthlyFee"":24900,""brandCode"":""CESCO"",""rentalCompany"":""OPEN""}"
rentre,2026-03-27T05:00:24.821Z,https://rentre.kr/water-purifier,rentre:1522012001,쿠쿠,인스퓨어 냉온정 정수기,CP-AE501HW,https://rentre.kr/product/1522012001,https://cdn.rentre.kr/product-thumbnail/2ba7906081be4b4fbf0f4e67ac11a53e.png,"[""냉수"",""온수"",""정수""]",1,4,6,10,,"{""sections"":[""main_list""],""badges"":[],""rating"":4,""reviewCount"":6,""orderCount"":10,""expectDiscountRate"":33,""hasAffiliateCard"":true,""affiliateCardDiscountAmount"":10000,""isHalfPricePromotion"":false,""promoDurationMonths"":null,""postPromoMonthlyFee"":19900,""brandCode"":""CUCKOO"",""rentalCompany"":""쿠쿠""}"
rentre,2026-03-27T05:00:24.821Z,https://rentre.kr/water-purifier,rentre:1600001993,현대유버스,프라임 UV 냉온정 정수기 (하프형),WHC-54HU,https://rentre.kr/product/1600001993,https://cdn.rentre.kr/product-thumbnail/cb8aa6ae88e64a1ba9378fd2bf9e676e.png,"[""냉수"",""온수"",""정수""]",3,4.6,4,20,,"{""sections"":[""main_list""],""badges"":[],""rating"":4.6,""reviewCount"":4,""orderCount"":20,""expectDiscountRate"":50,""hasAffiliateCard"":true,""affiliateCardDiscountAmount"":10000,""isHalfPricePromotion"":true,""promoDurationMonths"":12,""postPromoMonthlyFee"":21900,""brandCode"":""HYUNDAI_UBERS"",""rentalCompany"":""OPEN""}"
rentre,2026-03-27T05:00:24.821Z,https://rentre.kr/water-purifier,rentre:5130101,쿠쿠,인스퓨어 코크살균 냉온정 정수기,CP-WS601HW,https://rentre.kr/product/5130101,https://cdn.rentre.kr/product-thumbnail/5660f621890040f588f02c22abca484f.png,"[""냉수"",""온수"",""정수""]",2,4,7,20,,"{""sections"":[""main_list""],""badges"":[],""rating"":4,""reviewCount"":7,""orderCount"":20,""expectDiscountRate"":12,""hasAffiliateCard"":true,""affiliateCardDiscountAmount"":10000,""isHalfPricePromotion"":false,""promoDurationMonths"":null,""postPromoMonthlyFee"":21900,""brandCode"":""CUCKOO"",""rentalCompany"":""쿠쿠""}"
rentre,2026-03-27T05:00:24.821Z,https://rentre.kr/water-purifier,rentre:1522012390,청호,토타 S 냉온정 정수기,WP-50S90010U,https://rentre.kr/product/1522012390,https://cdn.rentre.kr/product-thumbnail/2eaa0225ffd54423a374adccb2c137da.png,"[""냉수"",""온수"",""정수""]",2,0,0,10,,"{""sections"":[""main_list""],""badges"":[""타사보상 혜택""],""rating"":0,""reviewCount"":0,""orderCount"":10,""expectDiscountRate"":20,""hasAffiliateCard"":true,""affiliateCardDiscountAmount"":13000,""isHalfPricePromotion"":false,""promoDurationMonths"":null,""postPromoMonthlyFee"":19900,""brandCode"":""CHUNGHO"",""rentalCompany"":""청호""}"
rentre,2026-03-27T05:00:24.821Z,https://rentre.kr/water-purifier,rentre:1600006902,코웨이,아이스 스탠드 3.0 냉온정 얼음정수기,CHPI-5820L,https://rentre.kr/product/1600006902,https://cdn.rentre.kr/product-thumbnail/d05dbcd4d5bc43268684c9311ba35806.png,"[""얼음"",""냉수"",""온수"",""정수""]",1,0,0,0,,"{""sections"":[""main_list"",""new_arrivals""],""badges"":[""일일 최대 13.6kg 제빙, 얼음 걱정 없는 사용"",""NEW""],""rating"":0,""reviewCount"":0,""orderCount"":0,""expectDiscountRate"":53,""hasAffiliateCard"":true,""affiliateCardDiscountAmount"":15000,""isHalfPricePromotion"":true,""promoDurationMonths"":9,""postPromoMonthlyFee"":53400,""brandCode"":""COWAY"",""rentalCompany"":""코웨이""}"
rentre,2026-03-27T05:00:24.821Z,https://rentre.kr/water-purifier,rentre:1600001772,쿠쿠,"대용량 초고온수 냉온정 얼음정수기 (스탠드형, 나노필터)",CP-ACS1610SNW,https://rentre.kr/product/1600001772,https://cdn.rentre.kr/product-thumbnail/0f12ba3a08ef450fa1b0aa72381edb8f.png,"[""얼음"",""냉수"",""온수"",""정수""]",1,5,1,10,,"{""sections"":[""main_list""],""badges"":[],""rating"":5,""reviewCount"":1,""orderCount"":10,""expectDiscountRate"":6,""hasAffiliateCard"":true,""affiliateCardDiscountAmount"":10000,""isHalfPricePromotion"":false,""promoDurationMonths"":null,""postPromoMonthlyFee"":57900,""brandCode"":""CUCKOO"",""rentalCompany"":""쿠쿠""}"
rentre,2026-03-27T05:00:24.821Z,https://rentre.kr/water-purifier,rentre:1600004402,SK인텔릭스,뉴슬림 플러스 냉온정 정수기 (나노필터),WPUTDC114RNW,https://rentre.kr/product/1600004402,https://cdn.rentre.kr/product-thumbnail/41651890b8394c849832b23f0614f2a3.png,"[""냉수"",""온수"",""정수""]",1,0,0,0,,"{""sections"":[""main_list""],""badges"":[],""rating"":0,""reviewCount"":0,""orderCount"":0,""expectDiscountRate"":15,""hasAffiliateCard"":true,""affiliateCardDiscountAmount"":7000,""isHalfPricePromotion"":false,""promoDurationMonths"":null,""postPromoMonthlyFee"":22900,""brandCode"":""SK"",""rentalCompany"":""SK인텔릭스""}"
rentre,2026-03-27T05:00:24.821Z,https://rentre.kr/water-purifier,rentre:1522012436,쿠쿠,인스퓨어 직수 언더싱크 정수기,CP-AD011UGW,https://rentre.kr/product/1522012436,https://cdn.rentre.kr/product-thumbnail/7175fa889b274092af0c5d652453d699.png,"[""정수""]",2,4.4,4,20,,"{""sections"":[""main_list""],""badges"":[],""rating"":4.4,""reviewCount"":4,""orderCount"":20,""expectDiscountRate"":42,""hasAffiliateCard"":true,""affiliateCardDiscountAmount"":10000,""isHalfPricePromotion"":false,""promoDurationMonths"":null,""postPromoMonthlyFee"":13900,""brandCode"":""CUCKOO"",""rentalCompany"":""쿠쿠""}"
rentre,2026-03-27T05:00:24.821Z,https://rentre.kr/water-purifier,rentre:3250201,코웨이,노블 냉온정 정수기 세로,CHP-8200N,https://rentre.kr/product/3250201,https://cdn.rentre.kr/product-thumbnail/549da60af43147118fad64ee6b355f96.png,"[""냉수"",""온수"",""정수""]",1,3.8,4,20,,"{""sections"":[""main_list""],""badges"":[],""rating"":3.8,""reviewCount"":4,""orderCount"":20,""expectDiscountRate"":54,""hasAffiliateCard"":true,""affiliateCardDiscountAmount"":15000,""isHalfPricePromotion"":true,""promoDurationMonths"":12,""postPromoMonthlyFee"":33400,""brandCode"":""COWAY"",""rentalCompany"":""코웨이""}"
rentre,2026-03-27T05:00:24.821Z,https://rentre.kr/water-purifier,rentre:1600001885,SK인텔릭스,FS직수 냉온정 얼음정수기,WPUIC110FRSL,https://rentre.kr/product/1600001885,https://cdn.rentre.kr/product-thumbnail/a13012ccfae64ca98eb1b4f46604d60d.png,"[""얼음"",""냉수"",""온수"",""정수""]",1,4.3,3,20,,"{""sections"":[""main_list""],""badges"":[],""rating"":4.3,""reviewCount"":3,""orderCount"":20,""expectDiscountRate"":21,""hasAffiliateCard"":true,""affiliateCardDiscountAmount"":7000,""isHalfPricePromotion"":false,""promoDurationMonths"":null,""postPromoMonthlyFee"":54900,""brandCode"":""SK"",""rentalCompany"":""SK인텔릭스""}"
rentre,2026-03-27T05:00:24.821Z,https://rentre.kr/water-purifier,rentre:1522012002,쿠쿠,업소용 대용량 냉온정 정수기,CP-DN2001S,https://rentre.kr/product/1522012002,https://cdn.rentre.kr/product-thumbnail/4e75de99a2c04c548dc1017bfdc7d1ac.png,"[""냉수"",""온수"",""정수""]",1,4.2,2,20,,"{""sections"":[""main_list""],""badges"":[],""rating"":4.2,""reviewCount"":2,""orderCount"":20,""expectDiscountRate"":0,""hasAffiliateCard"":true,""affiliateCardDiscountAmount"":10000,""isHalfPricePromotion"":false,""promoDurationMonths"":null,""postPromoMonthlyFee"":25900,""brandCode"":""CUCKOO"",""rentalCompany"":""쿠쿠""}"
rentre,2026-03-27T05:00:24.821Z,https://rentre.kr/water-purifier,rentre:1600004406,SK인텔릭스,뉴슬림 플러스 냉온정 스탠드 정수기 (나노필터),WPUTDF114RNW,https://rentre.kr/product/1600004406,https://cdn.rentre.kr/product-thumbnail/05383013c0d84afa8fa94503ad85bd7d.png,"[""냉수"",""온수"",""정수""]",1,0,0,0,,"{""sections"":[""main_list""],""badges"":[],""rating"":0,""reviewCount"":0,""orderCount"":0,""expectDiscountRate"":15,""hasAffiliateCard"":true,""affiliateCardDiscountAmount"":7000,""isHalfPricePromotion"":false,""promoDurationMonths"":null,""postPromoMonthlyFee"":22900,""brandCode"":""SK"",""rentalCompany"":""SK인텔릭스""}"
rentre,2026-03-27T05:00:24.821Z,https://rentre.kr/water-purifier,rentre:1522011977,쿠쿠,인스퓨어 지하수 스탠드 냉온정 정수기,CP-WRP602SW,https://rentre.kr/product/1522011977,https://cdn.rentre.kr/product-thumbnail/27ca7f7cfbb34ca4b40998b3db29f3e4.png,"[""냉수"",""온수"",""정수""]",1,4.8,4,10,,"{""sections"":[""main_list""],""badges"":[],""rating"":4.8,""reviewCount"":4,""orderCount"":10,""expectDiscountRate"":27,""hasAffiliateCard"":true,""affiliateCardDiscountAmount"":10000,""isHalfPricePromotion"":false,""promoDurationMonths"":null,""postPromoMonthlyFee"":24900,""brandCode"":""CUCKOO"",""rentalCompany"":""쿠쿠""}"
rentre,2026-03-27T05:00:24.821Z,https://rentre.kr/water-purifier,rentre:4080601,청호,세니타 냉온정 정수기,WP-60C90010M,https://rentre.kr/product/4080601,https://cdn.rentre.kr/product-thumbnail/f04d6ef581c24367bd295023638f2e16.png,"[""냉수"",""온수"",""정수""]",1,4.2,3,20,,"{""sections"":[""main_list""],""badges"":[""타사보상 혜택""],""rating"":4.2,""reviewCount"":3,""orderCount"":20,""expectDiscountRate"":24,""hasAffiliateCard"":true,""affiliateCardDiscountAmount"":13000,""isHalfPricePromotion"":false,""promoDurationMonths"":null,""postPromoMonthlyFee"":24900,""brandCode"":""CHUNGHO"",""rentalCompany"":""청호""}"
rentre,2026-03-27T05:00:24.821Z,https://rentre.kr/water-purifier,rentre:1600001766,청호,550 냉온정 얼음정수기,WI-55S90510M,https://rentre.kr/product/1600001766,https://cdn.rentre.kr/product-thumbnail/80dfaae6982b4c9fb2b695042c4049c2.png,"[""얼음"",""냉수"",""온수"",""정수""]",1,4.6,2,10,,"{""sections"":[""main_list""],""badges"":[""타사보상 혜택""],""rating"":4.6,""reviewCount"":2,""orderCount"":10,""expectDiscountRate"":7,""hasAffiliateCard"":true,""affiliateCardDiscountAmount"":13000,""isHalfPricePromotion"":false,""promoDurationMonths"":null,""postPromoMonthlyFee"":42900,""brandCode"":""CHUNGHO"",""rentalCompany"":""청호""}"
rentre,2026-03-27T05:00:24.821Z,https://rentre.kr/water-purifier,rentre:1522013740,현대유버스,프라임 냉온정 정수기 (하프형),WHC-50HU,https://rentre.kr/product/1522013740,https://cdn.rentre.kr/product-thumbnail/ba7fea536bf648b88ab0ec0dec39ce58.png,"[""냉수"",""온수"",""정수""]",4,5,2,10,,"{""sections"":[""main_list""],""badges"":[],""rating"":5,""reviewCount"":2,""orderCount"":10,""expectDiscountRate"":50,""hasAffiliateCard"":true,""affiliateCardDiscountAmount"":10000,""isHalfPricePromotion"":true,""promoDurationMonths"":12,""postPromoMonthlyFee"":21900,""brandCode"":""HYUNDAI_UBERS"",""rentalCompany"":""OPEN""}"
rentre,2026-03-27T05:00:24.821Z,https://rentre.kr/water-purifier,rentre:1522011071,루헨스,냉온정수기 (스탠드형),WHP-2000,https://rentre.kr/product/1522011071,https://cdn.rentre.kr/product-thumbnail/2fbac3b1abc240fa86d9f9e6cc1255e1.png,"[""냉수"",""온수"",""정수""]",1,0,0,10,,"{""sections"":[""main_list""],""badges"":[],""rating"":0,""reviewCount"":0,""orderCount"":10,""expectDiscountRate"":0,""hasAffiliateCard"":true,""affiliateCardDiscountAmount"":13000,""isHalfPricePromotion"":false,""promoDurationMonths"":null,""postPromoMonthlyFee"":14900,""brandCode"":""RUHENS"",""rentalCompany"":""루헨스""}"
rentre,2026-03-27T05:00:24.821Z,https://rentre.kr/water-purifier,rentre:1522012482,청호,NEW 700 냉온정 얼음정수기,WI-70S90010M,https://rentre.kr/product/1522012482,https://cdn.rentre.kr/product-thumbnail/1597be5a302c4de3996c55d53d994ac3.png,"[""얼음"",""냉수"",""온수"",""정수""]",2,5,1,10,,"{""sections"":[""main_list""],""badges"":[""타사보상 혜택""],""rating"":5,""reviewCount"":1,""orderCount"":10,""expectDiscountRate"":4,""hasAffiliateCard"":true,""affiliateCardDiscountAmount"":13000,""isHalfPricePromotion"":false,""promoDurationMonths"":null,""postPromoMonthlyFee"":48900,""brandCode"":""CHUNGHO"",""rentalCompany"":""청호""}"
rentre,2026-03-27T05:00:24.821Z,https://rentre.kr/water-purifier,rentre:3170101,코웨이,아이스 스탠드 정수기,CHPI-5801L,https://rentre.kr/product/3170101,https://cdn.rentre.kr/product-thumbnail/15c6fb3914fc4fc2ad21a4d70e9576a0.png,"[""정수""]",1,4.7,2,10,,"{""sections"":[""main_list""],""badges"":[],""rating"":4.7,""reviewCount"":2,""orderCount"":10,""expectDiscountRate"":53,""hasAffiliateCard"":true,""affiliateCardDiscountAmount"":15000,""isHalfPricePromotion"":true,""promoDurationMonths"":9,""postPromoMonthlyFee"":56900,""brandCode"":""COWAY"",""rentalCompany"":""코웨이""}"
rentre,2026-03-27T05:00:24.821Z,https://rentre.kr/water-purifier,rentre:1600006763,청호,450-L 냉온정 정수기,WP-45C90020M,https://rentre.kr/product/1600006763,https://cdn.rentre.kr/product-thumbnail/0f0846e6a2f541fca4f80aeae1095e61.png,"[""냉수"",""온수"",""정수""]",2,0,0,0,,"{""sections"":[""main_list"",""new_arrivals""],""badges"":[""타사보상 혜택"",""NEW""],""rating"":0,""reviewCount"":0,""orderCount"":0,""expectDiscountRate"":0,""hasAffiliateCard"":true,""affiliateCardDiscountAmount"":13000,""isHalfPricePromotion"":false,""promoDurationMonths"":null,""postPromoMonthlyFee"":25900,""brandCode"":""CHUNGHO"",""rentalCompany"":""청호""}"
rentre,2026-03-27T05:00:24.821Z,https://rentre.kr/water-purifier,rentre:1600003502,교원웰스,듀오 냉온정 정수기 (데스크형),WP67L,https://rentre.kr/product/1600003502,https://cdn.rentre.kr/product-thumbnail/5d0c63afb0be4dfa88a4449958c03c9d.png,"[""냉수"",""온수"",""정수""]",1,5,2,0,,"{""sections"":[""main_list""],""badges"":[],""rating"":5,""reviewCount"":2,""orderCount"":0,""expectDiscountRate"":0,""hasAffiliateCard"":true,""affiliateCardDiscountAmount"":11000,""isHalfPricePromotion"":false,""promoDurationMonths"":null,""postPromoMonthlyFee"":22900,""brandCode"":""KYOWON"",""rentalCompany"":""교원웰스""}"
rentre,2026-03-27T05:00:24.821Z,https://rentre.kr/water-purifier,rentre:1522011417,코웨이,프라임 스탠드 냉온정 정수기,CHP-5720L,https://rentre.kr/product/1522011417,https://cdn.rentre.kr/product-thumbnail/ad4e504bf421411ea2e3ea3c81015880.png,"[""냉수"",""온수"",""정수""]",1,4.7,2,0,,"{""sections"":[""main_list""],""badges"":[],""rating"":4.7,""reviewCount"":2,""orderCount"":0,""expectDiscountRate"":56,""hasAffiliateCard"":true,""affiliateCardDiscountAmount"":15000,""isHalfPricePromotion"":true,""promoDurationMonths"":9,""postPromoMonthlyFee"":44900,""brandCode"":""COWAY"",""rentalCompany"":""코웨이""}"
rentre,2026-03-27T05:00:24.821Z,https://rentre.kr/water-purifier,rentre:1522011980,코웨이,엘리트 냉정 정수기,CP-6340L,https://rentre.kr/product/1522011980,https://cdn.rentre.kr/product-thumbnail/91964caf1fc348ca9c2a1220e9fa2c81.png,"[""냉수"",""정수""]",3,4.4,1,10,,"{""sections"":[""main_list""],""badges"":[],""rating"":4.4,""reviewCount"":1,""orderCount"":10,""expectDiscountRate"":56,""hasAffiliateCard"":true,""affiliateCardDiscountAmount"":15000,""isHalfPricePromotion"":true,""promoDurationMonths"":12,""postPromoMonthlyFee"":28900,""brandCode"":""COWAY"",""rentalCompany"":""코웨이""}"
rentre,2026-03-27T05:00:24.821Z,https://rentre.kr/water-purifier,rentre:1600002212,현대유버스,싱글 무전원 직수 정수전용 정수기 ,UBUS-WPD24HU,https://rentre.kr/product/1600002212,https://cdn.rentre.kr/product-thumbnail/f1a4334b2fdb498c9dfbf2d9c17f8100.png,"[""정수""]",2,4.6,2,0,,"{""sections"":[""main_list""],""badges"":[],""rating"":4.6,""reviewCount"":2,""orderCount"":0,""expectDiscountRate"":0,""hasAffiliateCard"":true,""affiliateCardDiscountAmount"":10000,""isHalfPricePromotion"":false,""promoDurationMonths"":null,""postPromoMonthlyFee"":13900,""brandCode"":""HYUNDAI_UBERS"",""rentalCompany"":""OPEN""}"
rentre,2026-03-27T05:00:24.821Z,https://rentre.kr/water-purifier,rentre:2110201,SK인텔릭스,그랜드 냉온 정수기 (나노필터),WPUB600FREWH,https://rentre.kr/product/2110201,https://cdn.rentre.kr/product-thumbnail/SK32-T-1.png,"[""정수""]",1,4.9,2,10,,"{""sections"":[""main_list""],""badges"":[],""rating"":4.9,""reviewCount"":2,""orderCount"":10,""expectDiscountRate"":24,""hasAffiliateCard"":true,""affiliateCardDiscountAmount"":7000,""isHalfPricePromotion"":false,""promoDurationMonths"":null,""postPromoMonthlyFee"":28900,""brandCode"":""SK"",""rentalCompany"":""SK인텔릭스""}"
rentre,2026-03-27T05:00:24.821Z,https://rentre.kr/water-purifier,rentre:1522012481,청호,뉴아이스트리 직수 냉정 얼음정수기,WI-36C80620N,https://rentre.kr/product/1522012481,https://cdn.rentre.kr/product-thumbnail/793a7255527e41eeba362db204abeb8c.png,"[""얼음"",""냉수"",""정수""]",1,5,1,0,,"{""sections"":[""main_list""],""badges"":[""타사보상 혜택""],""rating"":5,""reviewCount"":1,""orderCount"":0,""expectDiscountRate"":6,""hasAffiliateCard"":true,""affiliateCardDiscountAmount"":13000,""isHalfPricePromotion"":false,""promoDurationMonths"":null,""postPromoMonthlyFee"":45900,""brandCode"":""CHUNGHO"",""rentalCompany"":""청호""}"
rentre,2026-03-27T05:00:24.821Z,https://rentre.kr/water-purifier,rentre:1522011653,쿠쿠,나노포지티브필터 스탠드 냉온정 정수기,CP-DN1201S,https://rentre.kr/product/1522011653,https://cdn.rentre.kr/product-thumbnail/a53f42672b82425cb8ab23800efebfd7.png,"[""냉수"",""온수"",""정수""]",2,4.5,3,10,,"{""sections"":[""main_list""],""badges"":[],""rating"":4.5,""reviewCount"":3,""orderCount"":10,""expectDiscountRate"":27,""hasAffiliateCard"":true,""affiliateCardDiscountAmount"":10000,""isHalfPricePromotion"":false,""promoDurationMonths"":null,""postPromoMonthlyFee"":26900,""brandCode"":""CUCKOO"",""rentalCompany"":""쿠쿠""}"
rentre,2026-03-27T05:00:24.821Z,https://rentre.kr/water-purifier,rentre:1600001767,청호,550 P 냉온정 얼음정수기 (펌프형),WI-55S9P510M,https://rentre.kr/product/1600001767,https://cdn.rentre.kr/product-thumbnail/8d74495c6456465a9b8fa423f27e27a8.png,"[""얼음"",""냉수"",""온수"",""정수""]",1,5,1,0,,"{""sections"":[""main_list""],""badges"":[""타사보상 혜택""],""rating"":5,""reviewCount"":1,""orderCount"":0,""expectDiscountRate"":8,""hasAffiliateCard"":true,""affiliateCardDiscountAmount"":13000,""isHalfPricePromotion"":false,""promoDurationMonths"":null,""postPromoMonthlyFee"":43900,""brandCode"":""CHUNGHO"",""rentalCompany"":""청호""}"
rentre,2026-03-27T05:00:24.821Z,https://rentre.kr/water-purifier,rentre:1600003626,쿠쿠,인스퓨어 대용량 냉온정 정수기,CP-QN3002S,https://rentre.kr/product/1600003626,https://cdn.rentre.kr/product-thumbnail/35fb5988eb8b49ca8648ef029375cc92.png,"[""냉수"",""온수"",""정수""]",2,5,1,0,,"{""sections"":[""main_list""],""badges"":[],""rating"":5,""reviewCount"":1,""orderCount"":0,""expectDiscountRate"":0,""hasAffiliateCard"":true,""affiliateCardDiscountAmount"":10000,""isHalfPricePromotion"":false,""promoDurationMonths"":null,""postPromoMonthlyFee"":27900,""brandCode"":""CUCKOO"",""rentalCompany"":""쿠쿠""}"
rentre,2026-03-27T05:00:24.821Z,https://rentre.kr/water-purifier,rentre:1522013741,현대유버스,프라임 냉온정 정수기 (스탠드형),WHC-50SU,https://rentre.kr/product/1522013741,https://cdn.rentre.kr/product-thumbnail/e69e7315cca9490c926edb359eea6853.png,"[""냉수"",""온수"",""정수""]",2,5,2,0,,"{""sections"":[""main_list""],""badges"":[],""rating"":5,""reviewCount"":2,""orderCount"":0,""expectDiscountRate"":50,""hasAffiliateCard"":true,""affiliateCardDiscountAmount"":10000,""isHalfPricePromotion"":true,""promoDurationMonths"":12,""postPromoMonthlyFee"":21900,""brandCode"":""HYUNDAI_UBERS"",""rentalCompany"":""OPEN""}"
rentre,2026-03-27T05:00:24.821Z,https://rentre.kr/water-purifier,rentre:1600004405,SK인텔릭스,뉴슬림 플러스 냉온정 스탠드 정수기 (UF필터),WPUTDF104RNW,https://rentre.kr/product/1600004405,https://cdn.rentre.kr/product-thumbnail/1074b2b7bd0c4e5abbd3b53829e7d36f.png,"[""냉수"",""온수"",""정수""]",2,5,1,10,,"{""sections"":[""main_list""],""badges"":[],""rating"":5,""reviewCount"":1,""orderCount"":10,""expectDiscountRate"":17,""hasAffiliateCard"":true,""affiliateCardDiscountAmount"":7000,""isHalfPricePromotion"":false,""promoDurationMonths"":null,""postPromoMonthlyFee"":19900,""brandCode"":""SK"",""rentalCompany"":""SK인텔릭스""}"
rentre,2026-03-27T05:00:24.821Z,https://rentre.kr/water-purifier,rentre:1522012361,루헨스,무전원 정수기 슬림 플러스,WHP-3200,https://rentre.kr/product/1522012361,https://cdn.rentre.kr/product-thumbnail/f9018172760c429bbf082fcbb75eb1e3.png,"[""정수""]",1,5,1,0,,"{""sections"":[""main_list""],""badges"":[],""rating"":5,""reviewCount"":1,""orderCount"":0,""expectDiscountRate"":0,""hasAffiliateCard"":false,""affiliateCardDiscountAmount"":null,""isHalfPricePromotion"":false,""promoDurationMonths"":null,""postPromoMonthlyFee"":14900,""brandCode"":""RUHENS"",""rentalCompany"":""루헨스""}"
rentre,2026-03-27T05:00:24.821Z,https://rentre.kr/water-purifier,rentre:1522012501,청호,토타 R 냉온정 정수기,WP-50S90010M,https://rentre.kr/product/1522012501,https://cdn.rentre.kr/product-thumbnail/a3e9f01736e141e48b3d14aa88934351.png,"[""냉수"",""온수"",""정수""]",1,4.5,2,0,,"{""sections"":[""main_list""],""badges"":[""타사보상 혜택""],""rating"":4.5,""reviewCount"":2,""orderCount"":0,""expectDiscountRate"":19,""hasAffiliateCard"":true,""affiliateCardDiscountAmount"":13000,""isHalfPricePromotion"":false,""promoDurationMonths"":null,""postPromoMonthlyFee"":20900,""brandCode"":""CHUNGHO"",""rentalCompany"":""청호""}"
rentre,2026-03-27T05:00:24.821Z,https://rentre.kr/water-purifier,rentre:1600002246,쿠쿠,"대용량 초고온수 냉온정 얼음정수기 (스탠드형, 역삼투압필터)",CP-ACSR1620SW,https://rentre.kr/product/1600002246,https://cdn.rentre.kr/product-thumbnail/b4d9eb4ad25c40cb818680a9f15b050a.png,"[""얼음"",""냉수"",""온수"",""정수""]",1,4.4,1,0,,"{""sections"":[""main_list""],""badges"":[],""rating"":4.4,""reviewCount"":1,""orderCount"":0,""expectDiscountRate"":0,""hasAffiliateCard"":true,""affiliateCardDiscountAmount"":10000,""isHalfPricePromotion"":false,""promoDurationMonths"":null,""postPromoMonthlyFee"":58900,""brandCode"":""CUCKOO"",""rentalCompany"":""쿠쿠""}"
rentre,2026-03-27T05:00:24.821Z,https://rentre.kr/water-purifier,rentre:3120101,코웨이,프라임 1.0 정수기,CHP-264L,https://rentre.kr/product/3120101,https://cdn.rentre.kr/product-thumbnail/CO48-T-1.png,"[""정수""]",1,5,1,10,,"{""sections"":[""main_list""],""badges"":[],""rating"":5,""reviewCount"":1,""orderCount"":10,""expectDiscountRate"":56,""hasAffiliateCard"":true,""affiliateCardDiscountAmount"":15000,""isHalfPricePromotion"":true,""promoDurationMonths"":12,""postPromoMonthlyFee"":28900,""brandCode"":""COWAY"",""rentalCompany"":""코웨이""}"
rentre,2026-03-27T05:00:24.821Z,https://rentre.kr/water-purifier,rentre:1600003599,세스코,스마트핏 더슬림 냉온정 스탠드 정수기,EWBS351,https://rentre.kr/product/1600003599,https://cdn.rentre.kr/product-thumbnail/842dbb1bfb6945c3ab847731f49465fb.png,"[""냉수"",""온수"",""정수""]",1,4.7,2,0,,"{""sections"":[""main_list""],""badges"":[],""rating"":4.7,""reviewCount"":2,""orderCount"":0,""expectDiscountRate"":0,""hasAffiliateCard"":false,""affiliateCardDiscountAmount"":null,""isHalfPricePromotion"":false,""promoDurationMonths"":null,""postPromoMonthlyFee"":25900,""brandCode"":""CESCO"",""rentalCompany"":""OPEN""}"
rentre,2026-03-27T05:00:24.821Z,https://rentre.kr/water-purifier,rentre:1600003446,삼성,비스포크 정수전용 언더싱크 정수기 (일체형 파우셋),RWP54120BF6M,https://rentre.kr/product/1600003446,https://cdn.rentre.kr/product-thumbnail/91598124b3f44286ab9a4d0308c1a5ec.png,"[""정수""]",1,0,0,10,,"{""sections"":[""main_list""],""badges"":[],""rating"":0,""reviewCount"":0,""orderCount"":10,""expectDiscountRate"":0,""hasAffiliateCard"":true,""affiliateCardDiscountAmount"":13000,""isHalfPricePromotion"":false,""promoDurationMonths"":null,""postPromoMonthlyFee"":19800,""brandCode"":""SAMSUNG"",""rentalCompany"":""OPEN""}"
rentre,2026-03-27T05:00:24.821Z,https://rentre.kr/water-purifier,rentre:2070101,SK인텔릭스,매직 언더싱크 정수기,WPU9100CREWH,https://rentre.kr/product/2070101,https://cdn.rentre.kr/product-thumbnail/9af4dbe2a19b450d8c87651dae7ddde3.png,"[""정수""]",1,0,0,0,,"{""sections"":[""main_list""],""badges"":[],""rating"":0,""reviewCount"":0,""orderCount"":0,""expectDiscountRate"":0,""hasAffiliateCard"":true,""affiliateCardDiscountAmount"":7000,""isHalfPricePromotion"":false,""promoDurationMonths"":null,""postPromoMonthlyFee"":18900,""brandCode"":""SK"",""rentalCompany"":""SK인텔릭스""}"
rentre,2026-03-27T05:00:24.821Z,https://rentre.kr/water-purifier,rentre:1600006051,교원웰스,슬림원 냉온정 정수기 (살균+),WS674,https://rentre.kr/product/1600006051,https://cdn.rentre.kr/product-thumbnail/78f49104b6df4d5ba8e9340c9889a069.png,"[""냉수"",""온수"",""정수""]",1,5,1,0,,"{""sections"":[""main_list""],""badges"":[],""rating"":5,""reviewCount"":1,""orderCount"":0,""expectDiscountRate"":50,""hasAffiliateCard"":true,""affiliateCardDiscountAmount"":11000,""isHalfPricePromotion"":true,""promoDurationMonths"":12,""postPromoMonthlyFee"":28900,""brandCode"":""KYOWON"",""rentalCompany"":""교원웰스""}"
rentre,2026-03-27T05:00:24.821Z,https://rentre.kr/water-purifier,rentre:1522012456,현대큐밍,더퓨어 알파 냉온정 정수기 (데스크형),HQPA50CE0B,https://rentre.kr/product/1522012456,https://cdn.rentre.kr/product-thumbnail/d85776aa6a5245489fe296805905193b.png,"[""냉수"",""온수"",""정수""]",1,3.4,2,10,,"{""sections"":[""main_list""],""badges"":[],""rating"":3.4,""reviewCount"":2,""orderCount"":10,""expectDiscountRate"":0,""hasAffiliateCard"":true,""affiliateCardDiscountAmount"":10000,""isHalfPricePromotion"":false,""promoDurationMonths"":null,""postPromoMonthlyFee"":21900,""brandCode"":""HYUNDAI_QUMING"",""rentalCompany"":""현대큐밍""}"
rentre,2026-03-27T05:00:24.821Z,https://rentre.kr/water-purifier,rentre:1600001762,청호,아이스트리 플리 냉온정 정수기,WP-60C90511M,https://rentre.kr/product/1600001762,https://cdn.rentre.kr/product-thumbnail/6cb934cc9c6544b09ba169535f471eec.png,"[""냉수"",""온수"",""정수""]",2,0,0,0,,"{""sections"":[""main_list""],""badges"":[""타사보상 혜택""],""rating"":0,""reviewCount"":0,""orderCount"":0,""expectDiscountRate"":57,""hasAffiliateCard"":true,""affiliateCardDiscountAmount"":13000,""isHalfPricePromotion"":true,""promoDurationMonths"":6,""postPromoMonthlyFee"":31900,""brandCode"":""CHUNGHO"",""rentalCompany"":""청호""}"
rentre,2026-03-27T05:00:24.821Z,https://rentre.kr/water-purifier,rentre:1522011436,현대큐밍,더퓨어 마크업 중용량,HQPM50SW0C,https://rentre.kr/product/1522011436,https://cdn.rentre.kr/product-thumbnail/238c600815bf4438840bee5a0e3b27e3.png,[],1,3.8,1,0,,"{""sections"":[""main_list""],""badges"":[],""rating"":3.8,""reviewCount"":1,""orderCount"":0,""expectDiscountRate"":23,""hasAffiliateCard"":true,""affiliateCardDiscountAmount"":10000,""isHalfPricePromotion"":false,""promoDurationMonths"":null,""postPromoMonthlyFee"":26900,""brandCode"":""HYUNDAI_QUMING"",""rentalCompany"":""현대큐밍""}"
rentre,2026-03-27T05:00:24.821Z,https://rentre.kr/water-purifier,rentre:1522012469,현대큐밍,더슬림 미니,HQP1815CB0,https://rentre.kr/product/1522012469,https://cdn.rentre.kr/product-thumbnail/decd3d0fc0ee4c4aa4860984a0f38576.png,[],1,5,1,0,,"{""sections"":[""main_list""],""badges"":[],""rating"":5,""reviewCount"":1,""orderCount"":0,""expectDiscountRate"":0,""hasAffiliateCard"":true,""affiliateCardDiscountAmount"":10000,""isHalfPricePromotion"":false,""promoDurationMonths"":null,""postPromoMonthlyFee"":12900,""brandCode"":""HYUNDAI_QUMING"",""rentalCompany"":""현대큐밍""}"
rentre,2026-03-27T05:00:24.821Z,https://rentre.kr/water-purifier,rentre:1600001770,청호,NEW 700 P 냉온정 얼음정수기 (펌프형),WI-70S9P010M,https://rentre.kr/product/1600001770,https://cdn.rentre.kr/product-thumbnail/6ed2d99b8ff64b1fada28e7c485586b8.png,"[""얼음"",""냉수"",""온수"",""정수""]",1,5,1,0,,"{""sections"":[""main_list""],""badges"":[""타사보상 혜택""],""rating"":5,""reviewCount"":1,""orderCount"":0,""expectDiscountRate"":7,""hasAffiliateCard"":true,""affiliateCardDiscountAmount"":13000,""isHalfPricePromotion"":false,""promoDurationMonths"":null,""postPromoMonthlyFee"":49900,""brandCode"":""CHUNGHO"",""rentalCompany"":""청호""}"
rentre,2026-03-27T05:00:24.821Z,https://rentre.kr/water-purifier,rentre:1522013737,현대유버스,"냉온정 정수기 (하프형, 20년형)",UBUS-P202HUF,https://rentre.kr/product/1522013737,https://cdn.rentre.kr/product-thumbnail/b92f4064597b4234b43d466a7616773f.png,"[""냉수"",""온수"",""정수""]",2,3.8,1,0,,"{""sections"":[""main_list""],""badges"":[],""rating"":3.8,""reviewCount"":1,""orderCount"":0,""expectDiscountRate"":0,""hasAffiliateCard"":true,""affiliateCardDiscountAmount"":10000,""isHalfPricePromotion"":false,""promoDurationMonths"":null,""postPromoMonthlyFee"":18900,""brandCode"":""HYUNDAI_UBERS"",""rentalCompany"":""OPEN""}"
rentre,2026-03-27T05:00:24.821Z,https://rentre.kr/water-purifier,rentre:1600001578,삼성,비스포크 냉정 언더싱크 정수기 일체형 파우셋 (오프화이트),RWP54220BF7M,https://rentre.kr/product/1600001578,https://cdn.rentre.kr/product-thumbnail/aa1716603dc64c16bff30d3bad8777da.png,"[""냉수"",""정수""]",1,0,0,0,,"{""sections"":[""main_list""],""badges"":[],""rating"":0,""reviewCount"":0,""orderCount"":0,""expectDiscountRate"":0,""hasAffiliateCard"":true,""affiliateCardDiscountAmount"":13000,""isHalfPricePromotion"":false,""promoDurationMonths"":null,""postPromoMonthlyFee"":28400,""brandCode"":""SAMSUNG"",""rentalCompany"":""OPEN""}"
rentre,2026-03-27T05:00:24.821Z,https://rentre.kr/water-purifier,rentre:1600005912,삼성,비스포크 AI 냉온정 정수기,RWP70F15ANC,https://rentre.kr/product/1600005912,https://cdn.rentre.kr/product-thumbnail/78d934ee27e547eba65cd9a63df4d30b.png,"[""냉수"",""온수"",""정수""]",1,0,0,0,,"{""sections"":[""main_list""],""badges"":[""25년 8월 출시"",""NEW""],""rating"":0,""reviewCount"":0,""orderCount"":0,""expectDiscountRate"":0,""hasAffiliateCard"":true,""affiliateCardDiscountAmount"":13000,""isHalfPricePromotion"":false,""promoDurationMonths"":null,""postPromoMonthlyFee"":32900,""brandCode"":""SAMSUNG"",""rentalCompany"":""OPEN""}"
rentre,2026-03-27T05:00:24.821Z,https://rentre.kr/water-purifier,rentre:1600003857,풀무원,투오 미니워터 냉온정수기,PWD-100NW,https://rentre.kr/product/1600003857,https://cdn.rentre.kr/product-thumbnail/0883206538cb4ab1b995f099ffc4f44b.png,"[""냉수"",""온수"",""정수""]",1,0,0,0,,"{""sections"":[""main_list""],""badges"":[],""rating"":0,""reviewCount"":0,""orderCount"":0,""expectDiscountRate"":0,""hasAffiliateCard"":false,""affiliateCardDiscountAmount"":null,""isHalfPricePromotion"":false,""promoDurationMonths"":null,""postPromoMonthlyFee"":10200,""brandCode"":""PULMUONE"",""rentalCompany"":""풀무원""}"
rentre,2026-03-27T05:00:24.821Z,https://rentre.kr/water-purifier,rentre:1522012461,현대큐밍,더퓨어 플러스 살균 (데스크형),HQP1931CS0,https://rentre.kr/product/1522012461,https://cdn.rentre.kr/product-thumbnail/806347a4bb224fe88a494a566ea833ef.png,[],1,5,1,0,,"{""sections"":[""main_list""],""badges"":[],""rating"":5,""reviewCount"":1,""orderCount"":0,""expectDiscountRate"":0,""hasAffiliateCard"":true,""affiliateCardDiscountAmount"":10000,""isHalfPricePromotion"":false,""promoDurationMonths"":null,""postPromoMonthlyFee"":20900,""brandCode"":""HYUNDAI_QUMING"",""rentalCompany"":""현대큐밍""}"
rentre,2026-03-27T05:00:24.821Z,https://rentre.kr/water-purifier,rentre:1522012446,현대큐밍,더슬림 마이핏 (냉정),HQPM14CW2D,https://rentre.kr/product/1522012446,https://cdn.rentre.kr/product-thumbnail/3a3965238fe9421db1d00384e5c11350.png,"[""냉수"",""정수""]",1,0,0,10,,"{""sections"":[""main_list""],""badges"":[],""rating"":0,""reviewCount"":0,""orderCount"":10,""expectDiscountRate"":26,""hasAffiliateCard"":true,""affiliateCardDiscountAmount"":10000,""isHalfPricePromotion"":false,""promoDurationMonths"":null,""postPromoMonthlyFee"":19900,""brandCode"":""HYUNDAI_QUMING"",""rentalCompany"":""현대큐밍""}"
rentre,2026-03-27T05:00:24.821Z,https://rentre.kr/water-purifier,rentre:1522013742,현대유버스,샤인 양전하 냉온정 정수기 (하프형),MLP-300H,https://rentre.kr/product/1522013742,https://cdn.rentre.kr/product-thumbnail/f31592d7a3e648eb8e9edb038e2328b8.png,"[""냉수"",""온수"",""정수""]",1,5,1,0,,"{""sections"":[""main_list""],""badges"":[],""rating"":5,""reviewCount"":1,""orderCount"":0,""expectDiscountRate"":0,""hasAffiliateCard"":true,""affiliateCardDiscountAmount"":10000,""isHalfPricePromotion"":false,""promoDurationMonths"":null,""postPromoMonthlyFee"":19900,""brandCode"":""HYUNDAI_UBERS"",""rentalCompany"":""OPEN""}"
rentre,2026-03-27T05:00:24.821Z,https://rentre.kr/water-purifier,rentre:1522013745,현대유버스,대용량 냉온정 정수기 (역삼투압필터),WHCB-85RO,https://rentre.kr/product/1522013745,https://cdn.rentre.kr/product-thumbnail/67b57870ba1c418d87fcc9681b58caab.png,"[""냉수"",""온수"",""정수""]",1,5,1,0,,"{""sections"":[""main_list""],""badges"":[],""rating"":5,""reviewCount"":1,""orderCount"":0,""expectDiscountRate"":0,""hasAffiliateCard"":true,""affiliateCardDiscountAmount"":10000,""isHalfPricePromotion"":false,""promoDurationMonths"":null,""postPromoMonthlyFee"":31900,""brandCode"":""HYUNDAI_UBERS"",""rentalCompany"":""OPEN""}"
rentre,2026-03-27T05:00:24.821Z,https://rentre.kr/water-purifier,rentre:1522013708,청호,아이스트리 플리 냉정 얼음정수기,WI-60C80511M,https://rentre.kr/product/1522013708,https://cdn.rentre.kr/product-thumbnail/564b913a4c4145ba8e08b58800212ad8.png,"[""얼음"",""냉수"",""정수""]",1,0,0,0,,"{""sections"":[""main_list""],""badges"":[""타사보상 혜택""],""rating"":0,""reviewCount"":0,""orderCount"":0,""expectDiscountRate"":8,""hasAffiliateCard"":true,""affiliateCardDiscountAmount"":13000,""isHalfPricePromotion"":false,""promoDurationMonths"":null,""postPromoMonthlyFee"":43900,""brandCode"":""CHUNGHO"",""rentalCompany"":""청호""}"
rentre,2026-03-27T05:00:24.821Z,https://rentre.kr/water-purifier,rentre:5080101,쿠쿠,인스퓨어 슬림 스탠드 냉온정 정수기,CP-X501SW,https://rentre.kr/product/5080101,https://cdn.rentre.kr/product-thumbnail/43dd6eca0be74a65aa0497765a1da99a.png,"[""냉수"",""온수"",""정수""]",2,0,0,20,,"{""sections"":[""main_list""],""badges"":[],""rating"":0,""reviewCount"":0,""orderCount"":20,""expectDiscountRate"":0,""hasAffiliateCard"":true,""affiliateCardDiscountAmount"":10000,""isHalfPricePromotion"":false,""promoDurationMonths"":null,""postPromoMonthlyFee"":19900,""brandCode"":""CUCKOO"",""rentalCompany"":""쿠쿠""}"
rentre,2026-03-27T05:00:24.821Z,https://rentre.kr/water-purifier,rentre:1600001579,삼성,비스포크 냉정 언더싱크 정수기 일체형 파우셋 (오프블랙),RWP54220BF6M,https://rentre.kr/product/1600001579,https://cdn.rentre.kr/product-thumbnail/17a81175b11b42429bbf04dac0167a59.png,"[""냉수"",""정수""]",1,4.4,1,0,,"{""sections"":[""main_list""],""badges"":[],""rating"":4.4,""reviewCount"":1,""orderCount"":0,""expectDiscountRate"":0,""hasAffiliateCard"":true,""affiliateCardDiscountAmount"":13000,""isHalfPricePromotion"":false,""promoDurationMonths"":null,""postPromoMonthlyFee"":28400,""brandCode"":""SAMSUNG"",""rentalCompany"":""OPEN""}"
rentre,2026-03-27T05:00:24.821Z,https://rentre.kr/water-purifier,rentre:1522012450,현대큐밍,더퓨어 프리미엄 RO 냉온정 정수기 (스탠드형),HQP1770SS0,https://rentre.kr/product/1522012450,https://cdn.rentre.kr/product-thumbnail/1c00ad80ae1b45bdb1db4d02f06f92b1.png,"[""냉수"",""온수"",""정수""]",1,4,2,0,,"{""sections"":[""main_list""],""badges"":[],""rating"":4,""reviewCount"":2,""orderCount"":0,""expectDiscountRate"":0,""hasAffiliateCard"":true,""affiliateCardDiscountAmount"":10000,""isHalfPricePromotion"":false,""promoDurationMonths"":null,""postPromoMonthlyFee"":26900,""brandCode"":""HYUNDAI_QUMING"",""rentalCompany"":""현대큐밍""}"
rentre,2026-03-27T05:00:24.821Z,https://rentre.kr/water-purifier,rentre:1522011393,청호,애니플러스 냉온정 정수기,WP-35C90010N,https://rentre.kr/product/1522011393,https://cdn.rentre.kr/product-thumbnail/7db810fc8aa348ae91e9bf5ae5443a93.png,"[""냉수"",""온수"",""정수""]",1,0,0,10,,"{""sections"":[""main_list""],""badges"":[""타사보상 혜택""],""rating"":0,""reviewCount"":0,""orderCount"":10,""expectDiscountRate"":8,""hasAffiliateCard"":true,""affiliateCardDiscountAmount"":13000,""isHalfPricePromotion"":false,""promoDurationMonths"":null,""postPromoMonthlyFee"":21900,""brandCode"":""CHUNGHO"",""rentalCompany"":""청호""}"
rentre,2026-03-27T05:00:24.821Z,https://rentre.kr/water-purifier,rentre:1600006854,현대유버스,클리어 직수 냉온정 정수기,ODT-010DUW,https://rentre.kr/product/1600006854,https://cdn.rentre.kr/product-thumbnail/5388ceef06e64282b197729ceb271021.png,"[""냉수"",""온수"",""정수""]",1,0,0,0,,"{""sections"":[""main_list""],""badges"":[""26년 2월 출시!"",""NEW""],""rating"":0,""reviewCount"":0,""orderCount"":0,""expectDiscountRate"":0,""hasAffiliateCard"":true,""affiliateCardDiscountAmount"":10000,""isHalfPricePromotion"":false,""promoDurationMonths"":null,""postPromoMonthlyFee"":26900,""brandCode"":""HYUNDAI_UBERS"",""rentalCompany"":""OPEN""}"
rentre,2026-03-27T05:00:24.821Z,https://rentre.kr/water-purifier,rentre:3100101,코웨이,빌트인 정수기,P-150N,https://rentre.kr/product/3100101,https://cdn.rentre.kr/product-thumbnail/CO44-T-1.png,"[""정수""]",1,0,0,0,,"{""sections"":[""main_list""],""badges"":[],""rating"":0,""reviewCount"":0,""orderCount"":0,""expectDiscountRate"":50,""hasAffiliateCard"":true,""affiliateCardDiscountAmount"":15000,""isHalfPricePromotion"":true,""promoDurationMonths"":9,""postPromoMonthlyFee"":19800,""brandCode"":""COWAY"",""rentalCompany"":""코웨이""}"
rentre,2026-03-27T05:00:24.821Z,https://rentre.kr/water-purifier,rentre:1600001764,청호,아이스트리 플리 냉정 정수기,WP-60C80511M,https://rentre.kr/product/1600001764,https://cdn.rentre.kr/product-thumbnail/6e5d79388b784812bc55c98be8db966c.png,"[""냉수"",""정수""]",1,0,0,0,,"{""sections"":[""main_list""],""badges"":[""타사보상 혜택""],""rating"":0,""reviewCount"":0,""orderCount"":0,""expectDiscountRate"":14,""hasAffiliateCard"":true,""affiliateCardDiscountAmount"":13000,""isHalfPricePromotion"":false,""promoDurationMonths"":null,""postPromoMonthlyFee"":29900,""brandCode"":""CHUNGHO"",""rentalCompany"":""청호""}"
rentre,2026-03-27T05:00:24.821Z,https://rentre.kr/water-purifier,rentre:1522012437,쿠쿠,인스퓨어 코크살균 스탠드 냉온정 정수기,CP-WS601SW,https://rentre.kr/product/1522012437,https://cdn.rentre.kr/product-thumbnail/213cf61955d04ba9b62ea97e72be52b1.png,"[""냉수"",""온수"",""정수""]",1,4.5,1,10,,"{""sections"":[""main_list""],""badges"":[],""rating"":4.5,""reviewCount"":1,""orderCount"":10,""expectDiscountRate"":12,""hasAffiliateCard"":true,""affiliateCardDiscountAmount"":10000,""isHalfPricePromotion"":false,""promoDurationMonths"":null,""postPromoMonthlyFee"":22900,""brandCode"":""CUCKOO"",""rentalCompany"":""쿠쿠""}"
rentre,2026-03-27T05:00:24.821Z,https://rentre.kr/water-purifier,rentre:1600006328,청호,옴니 플러스 냉온정 정수기,WP-53C90020M,https://rentre.kr/product/1600006328,https://cdn.rentre.kr/product-thumbnail/a3d156aa853c490e825f71a75a656045.png,"[""냉수"",""온수"",""정수""]",1,0,0,0,,"{""sections"":[""main_list""],""badges"":[],""rating"":0,""reviewCount"":0,""orderCount"":0,""expectDiscountRate"":21,""hasAffiliateCard"":true,""affiliateCardDiscountAmount"":13000,""isHalfPricePromotion"":false,""promoDurationMonths"":null,""postPromoMonthlyFee"":29900,""brandCode"":""CHUNGHO"",""rentalCompany"":""청호""}"
rentre,2026-03-27T05:00:24.821Z,https://rentre.kr/water-purifier,rentre:1600006044,코웨이,스위치 빌트인 정수기,P-2210N,https://rentre.kr/product/1600006044,https://cdn.rentre.kr/product-thumbnail/a0dfca9d3d8f4bcaa33aac25b902854d.png,"[""정수""]",1,0,0,0,,"{""sections"":[""main_list""],""badges"":[""25년 9월 출시""],""rating"":0,""reviewCount"":0,""orderCount"":0,""expectDiscountRate"":55,""hasAffiliateCard"":true,""affiliateCardDiscountAmount"":15000,""isHalfPricePromotion"":true,""promoDurationMonths"":12,""postPromoMonthlyFee"":16900,""brandCode"":""COWAY"",""rentalCompany"":""코웨이""}"
rentre,2026-03-27T05:00:24.821Z,https://rentre.kr/water-purifier,rentre:1522011072,루헨스,냉온정수기 (데스크형),WHP-2000S,https://rentre.kr/product/1522011072,https://cdn.rentre.kr/product-thumbnail/7b7e75087f5c4c8e9e81c1a5a6ce91a5.png,"[""냉수"",""온수"",""정수""]",1,0,0,0,,"{""sections"":[""main_list""],""badges"":[],""rating"":0,""reviewCount"":0,""orderCount"":0,""expectDiscountRate"":0,""hasAffiliateCard"":true,""affiliateCardDiscountAmount"":13000,""isHalfPricePromotion"":false,""promoDurationMonths"":null,""postPromoMonthlyFee"":16900,""brandCode"":""RUHENS"",""rentalCompany"":""루헨스""}"
rentre,2026-03-27T05:00:24.821Z,https://rentre.kr/water-purifier,rentre:1522012453,현대큐밍,더퓨어 알파UV 냉온정 정수기 (스탠드형),HQPA52SE0B,https://rentre.kr/product/1522012453,https://cdn.rentre.kr/product-thumbnail/b4266246c9ba42bc9939b2b67ee793cc.png,"[""냉수"",""온수"",""정수""]",1,4,1,0,,"{""sections"":[""main_list""],""badges"":[],""rating"":4,""reviewCount"":1,""orderCount"":0,""expectDiscountRate"":0,""hasAffiliateCard"":true,""affiliateCardDiscountAmount"":10000,""isHalfPricePromotion"":false,""promoDurationMonths"":null,""postPromoMonthlyFee"":23900,""brandCode"":""HYUNDAI_QUMING"",""rentalCompany"":""현대큐밍""}"
rentre,2026-03-27T05:00:24.821Z,https://rentre.kr/water-purifier,rentre:1522012460,현대큐밍,더퓨어 플러스 살균 (스탠드형),HQP1931SS0,https://rentre.kr/product/1522012460,https://cdn.rentre.kr/product-thumbnail/ed7ab9acf19f4790a5e5928cb7136ed7.png,[],1,0,0,0,,"{""sections"":[""main_list""],""badges"":[],""rating"":0,""reviewCount"":0,""orderCount"":0,""expectDiscountRate"":0,""hasAffiliateCard"":true,""affiliateCardDiscountAmount"":10000,""isHalfPricePromotion"":false,""promoDurationMonths"":null,""postPromoMonthlyFee"":21900,""brandCode"":""HYUNDAI_QUMING"",""rentalCompany"":""현대큐밍""}"
rentre,2026-03-27T05:00:24.821Z,https://rentre.kr/water-purifier,rentre:1600003499,교원웰스,듀오 냉정 정수기 (데스크형),WP65L,https://rentre.kr/product/1600003499,https://cdn.rentre.kr/product-thumbnail/5da429339b984cbeb2c89747a1aa092b.png,"[""냉수"",""정수""]",1,0,0,0,,"{""sections"":[""main_list""],""badges"":[],""rating"":0,""reviewCount"":0,""orderCount"":0,""expectDiscountRate"":0,""hasAffiliateCard"":true,""affiliateCardDiscountAmount"":11000,""isHalfPricePromotion"":false,""promoDurationMonths"":null,""postPromoMonthlyFee"":20900,""brandCode"":""KYOWON"",""rentalCompany"":""교원웰스""}"
rentre,2026-03-27T05:00:24.821Z,https://rentre.kr/water-purifier,rentre:1600006267,LG,퓨리케어 오브제컬렉션 스탠드 냉온정 정수기,WS513SH,https://rentre.kr/product/1600006267,https://cdn.rentre.kr/product-thumbnail/0290dfccea0846efb0336ce4e71ac737.png,"[""냉수"",""온수"",""정수""]",1,0,0,0,,"{""sections"":[""main_list""],""badges"":[""25년 10월 출시"",""NEW""],""rating"":0,""reviewCount"":0,""orderCount"":0,""expectDiscountRate"":0,""hasAffiliateCard"":true,""affiliateCardDiscountAmount"":13000,""isHalfPricePromotion"":false,""promoDurationMonths"":null,""postPromoMonthlyFee"":35600,""brandCode"":""LG"",""rentalCompany"":""LG""}"
rentre,2026-03-27T05:00:24.821Z,https://rentre.kr/water-purifier,rentre:1600004410,청호,빌트인 냉온정 정수기 블리스,WP-30B90620N,https://rentre.kr/product/1600004410,https://cdn.rentre.kr/product-thumbnail/ee4d57367b1b44f58a0162f660dbd5ff.png,"[""냉수"",""온수"",""정수""]",1,0,0,0,,"{""sections"":[""main_list""],""badges"":[""타사보상 혜택""],""rating"":0,""reviewCount"":0,""orderCount"":0,""expectDiscountRate"":16,""hasAffiliateCard"":true,""affiliateCardDiscountAmount"":13000,""isHalfPricePromotion"":false,""promoDurationMonths"":null,""postPromoMonthlyFee"":31900,""brandCode"":""CHUNGHO"",""rentalCompany"":""청호""}"
rentre,2026-03-27T05:00:24.821Z,https://rentre.kr/water-purifier,rentre:1522013743,현대유버스,샤인 양전하 냉온정 정수기 (스탠드형),MLP-310S,https://rentre.kr/product/1522013743,https://cdn.rentre.kr/product-thumbnail/cfddeea8ad9947f4a657003260673b8f.png,"[""냉수"",""온수"",""정수""]",1,0,0,0,,"{""sections"":[""main_list""],""badges"":[],""rating"":0,""reviewCount"":0,""orderCount"":0,""expectDiscountRate"":17,""hasAffiliateCard"":true,""affiliateCardDiscountAmount"":10000,""isHalfPricePromotion"":false,""promoDurationMonths"":null,""postPromoMonthlyFee"":19900,""brandCode"":""HYUNDAI_UBERS"",""rentalCompany"":""OPEN""}"
rentre,2026-03-27T05:00:24.821Z,https://rentre.kr/water-purifier,rentre:1522012503,청호,슈퍼트리 냉온정 정수기,WP-80S9P510M,https://rentre.kr/product/1522012503,https://cdn.rentre.kr/product-thumbnail/6c84764b293e428c84535f0027752931.png,"[""냉수"",""온수"",""정수""]",2,0,0,0,,"{""sections"":[""main_list""],""badges"":[""타사보상 혜택""],""rating"":0,""reviewCount"":0,""orderCount"":0,""expectDiscountRate"":8,""hasAffiliateCard"":true,""affiliateCardDiscountAmount"":13000,""isHalfPricePromotion"":false,""promoDurationMonths"":null,""postPromoMonthlyFee"":44900,""brandCode"":""CHUNGHO"",""rentalCompany"":""청호""}"
rentre,2026-03-27T05:00:24.821Z,https://rentre.kr/water-purifier,rentre:1600004403,SK인텔릭스,뉴슬림 플러스 냉온정 정수기 (RO필터),WPUTDC10RRNW,https://rentre.kr/product/1600004403,https://cdn.rentre.kr/product-thumbnail/e40eb5350ea64fa0a2a4dea0a23063c6.png,"[""냉수"",""온수"",""정수""]",1,0,0,0,,"{""sections"":[""main_list""],""badges"":[],""rating"":0,""reviewCount"":0,""orderCount"":0,""expectDiscountRate"":13,""hasAffiliateCard"":true,""affiliateCardDiscountAmount"":7000,""isHalfPricePromotion"":false,""promoDurationMonths"":null,""postPromoMonthlyFee"":27900,""brandCode"":""SK"",""rentalCompany"":""SK인텔릭스""}"
rentre,2026-03-27T05:00:24.821Z,https://rentre.kr/water-purifier,rentre:1522013559,현대유버스,대용량 냉온정 정수기 (나노필터),WHCB-85SN,https://rentre.kr/product/1522013559,https://cdn.rentre.kr/product-thumbnail/b4b222b1062f47d98cf198b59024151c.png,"[""냉수"",""온수"",""정수""]",2,0,0,0,,"{""sections"":[""main_list""],""badges"":[],""rating"":0,""reviewCount"":0,""orderCount"":0,""expectDiscountRate"":0,""hasAffiliateCard"":true,""affiliateCardDiscountAmount"":10000,""isHalfPricePromotion"":false,""promoDurationMonths"":null,""postPromoMonthlyFee"":26900,""brandCode"":""HYUNDAI_UBERS"",""rentalCompany"":""OPEN""}"
rentre,2026-03-27T05:00:24.821Z,https://rentre.kr/water-purifier,rentre:1522012357,루헨스,냉온정수기 (스탠드형),WHP-4200,https://rentre.kr/product/1522012357,https://cdn.rentre.kr/product-thumbnail/a3dd4997cb7c4631b9549df5ac2befd8.png,"[""냉수"",""온수"",""정수""]",1,0,0,0,,"{""sections"":[""main_list""],""badges"":[],""rating"":0,""reviewCount"":0,""orderCount"":0,""expectDiscountRate"":0,""hasAffiliateCard"":false,""affiliateCardDiscountAmount"":null,""isHalfPricePromotion"":false,""promoDurationMonths"":null,""postPromoMonthlyFee"":17900,""brandCode"":""RUHENS"",""rentalCompany"":""루헨스""}"
rentre,2026-03-27T05:00:24.821Z,https://rentre.kr/water-purifier,rentre:1522012366,루헨스,나노팩트 냉온 정수기 (데스크형),WHP-1810S,https://rentre.kr/product/1522012366,https://cdn.rentre.kr/product-thumbnail/2f74495c254b4b9d9ba6ea6370a59cc7.png,"[""정수""]",1,0,0,0,,"{""sections"":[""main_list""],""badges"":[],""rating"":0,""reviewCount"":0,""orderCount"":0,""expectDiscountRate"":0,""hasAffiliateCard"":false,""affiliateCardDiscountAmount"":null,""isHalfPricePromotion"":false,""promoDurationMonths"":null,""postPromoMonthlyFee"":16900,""brandCode"":""RUHENS"",""rentalCompany"":""루헨스""}"
rentre,2026-03-27T05:00:24.821Z,https://rentre.kr/water-purifier,rentre:1522012364,루헨스,직수형 냉온정수기,WHP-3000,https://rentre.kr/product/1522012364,https://cdn.rentre.kr/product-thumbnail/67eee8551a2443e8bcaadf7e33913b9e.png,"[""냉수"",""온수"",""정수""]",1,0,0,0,,"{""sections"":[""main_list""],""badges"":[],""rating"":0,""reviewCount"":0,""orderCount"":0,""expectDiscountRate"":0,""hasAffiliateCard"":false,""affiliateCardDiscountAmount"":null,""isHalfPricePromotion"":false,""promoDurationMonths"":null,""postPromoMonthlyFee"":22900,""brandCode"":""RUHENS"",""rentalCompany"":""루헨스""}"
rentre,2026-03-27T05:00:24.821Z,https://rentre.kr/water-purifier,rentre:2110101,SK인텔릭스,그랜드 냉온 정수기 (역삼투압필터),WPUB610FREWH,https://rentre.kr/product/2110101,https://cdn.rentre.kr/product-thumbnail/SK31-T-1.png,"[""정수""]",1,0,0,0,,"{""sections"":[""main_list""],""badges"":[],""rating"":0,""reviewCount"":0,""orderCount"":0,""expectDiscountRate"":20,""hasAffiliateCard"":true,""affiliateCardDiscountAmount"":7000,""isHalfPricePromotion"":false,""promoDurationMonths"":null,""postPromoMonthlyFee"":35900,""brandCode"":""SK"",""rentalCompany"":""SK인텔릭스""}"
rentre,2026-03-27T05:00:24.821Z,https://rentre.kr/water-purifier,rentre:1522011437,현대큐밍,더퓨어 마크업 대용량 정수기,HQPM50SW1C,https://rentre.kr/product/1522011437,https://cdn.rentre.kr/product-thumbnail/b624d7a70c7045a69d9a71c14ddba3e9.png,"[""정수""]",1,0,0,0,,"{""sections"":[""main_list""],""badges"":[],""rating"":0,""reviewCount"":0,""orderCount"":0,""expectDiscountRate"":19,""hasAffiliateCard"":true,""affiliateCardDiscountAmount"":10000,""isHalfPricePromotion"":false,""promoDurationMonths"":null,""postPromoMonthlyFee"":29900,""brandCode"":""HYUNDAI_QUMING"",""rentalCompany"":""현대큐밍""}"
rentre,2026-03-27T05:00:24.821Z,https://rentre.kr/water-purifier,rentre:1522012491,청호,메타 디지털 냉온정 정수기,WP-46S90510M,https://rentre.kr/product/1522012491,https://cdn.rentre.kr/product-thumbnail/e90646c7c6df4f1cb4a70efafb0d81a1.png,"[""냉수"",""온수"",""정수""]",1,0,0,0,,"{""sections"":[""main_list""],""badges"":[""타사보상 혜택""],""rating"":0,""reviewCount"":0,""orderCount"":0,""expectDiscountRate"":16,""hasAffiliateCard"":true,""affiliateCardDiscountAmount"":13000,""isHalfPricePromotion"":false,""promoDurationMonths"":null,""postPromoMonthlyFee"":31900,""brandCode"":""CHUNGHO"",""rentalCompany"":""청호""}"
rentre,2026-03-27T05:00:24.821Z,https://rentre.kr/water-purifier,rentre:1522012362,루헨스,직수형 얼음정수기 아이스케어,WHP-2500,https://rentre.kr/product/1522012362,https://cdn.rentre.kr/product-thumbnail/3285d9ade47842bbbf40e789f6871c18.png,"[""얼음"",""정수""]",1,0,0,0,,"{""sections"":[""main_list""],""badges"":[],""rating"":0,""reviewCount"":0,""orderCount"":0,""expectDiscountRate"":0,""hasAffiliateCard"":false,""affiliateCardDiscountAmount"":null,""isHalfPricePromotion"":false,""promoDurationMonths"":null,""postPromoMonthlyFee"":41900,""brandCode"":""RUHENS"",""rentalCompany"":""루헨스""}"
rentre,2026-03-27T05:00:24.821Z,https://rentre.kr/water-purifier,rentre:3200101,코웨이,RO 직수 스탠드 냉온정 정수기,CHP-5700R,https://rentre.kr/product/3200101,https://cdn.rentre.kr/product-thumbnail/CO53-T-1.png,"[""냉수"",""온수"",""정수""]",1,0,0,0,,"{""sections"":[""main_list""],""badges"":[],""rating"":0,""reviewCount"":0,""orderCount"":0,""expectDiscountRate"":50,""hasAffiliateCard"":true,""affiliateCardDiscountAmount"":15000,""isHalfPricePromotion"":true,""promoDurationMonths"":9,""postPromoMonthlyFee"":51900,""brandCode"":""COWAY"",""rentalCompany"":""코웨이""}"
rentre,2026-03-27T05:00:24.821Z,https://rentre.kr/water-purifier,rentre:1522011073,루헨스,대용량 냉온정 정수기,WHP-2200,https://rentre.kr/product/1522011073,https://cdn.rentre.kr/product-thumbnail/a55ad60c46724d819af50d77ccba087a.png,"[""냉수"",""온수"",""정수""]",1,0,0,0,,"{""sections"":[""main_list""],""badges"":[],""rating"":0,""reviewCount"":0,""orderCount"":0,""expectDiscountRate"":0,""hasAffiliateCard"":true,""affiliateCardDiscountAmount"":13000,""isHalfPricePromotion"":false,""promoDurationMonths"":null,""postPromoMonthlyFee"":29900,""brandCode"":""RUHENS"",""rentalCompany"":""OPEN""}"
rentre,2026-03-27T05:00:24.821Z,https://rentre.kr/water-purifier,rentre:1522012081,루헨스,직수형 마이셀프 냉온정 정수기,WHP-3020,https://rentre.kr/product/1522012081,https://cdn.rentre.kr/product-thumbnail/6b009b086a244575b62dc0c8f2120b6d.png,"[""냉수"",""온수"",""정수""]",1,0,0,0,,"{""sections"":[""main_list""],""badges"":[],""rating"":0,""reviewCount"":0,""orderCount"":0,""expectDiscountRate"":0,""hasAffiliateCard"":false,""affiliateCardDiscountAmount"":null,""isHalfPricePromotion"":false,""promoDurationMonths"":null,""postPromoMonthlyFee"":27900,""brandCode"":""RUHENS"",""rentalCompany"":""루헨스""}"
rentre,2026-03-27T05:00:24.821Z,https://rentre.kr/water-purifier,rentre:3220101,코웨이,스탠드 냉온정 정수기,CHP-700L,https://rentre.kr/product/3220101,https://cdn.rentre.kr/product-thumbnail/CO51-T-1.png,"[""냉수"",""온수"",""정수""]",1,0,0,0,,"{""sections"":[""main_list""],""badges"":[],""rating"":0,""reviewCount"":0,""orderCount"":0,""expectDiscountRate"":50,""hasAffiliateCard"":true,""affiliateCardDiscountAmount"":15000,""isHalfPricePromotion"":true,""promoDurationMonths"":9,""postPromoMonthlyFee"":60100,""brandCode"":""COWAY"",""rentalCompany"":""코웨이""}"
rentre,2026-03-27T05:00:24.821Z,https://rentre.kr/water-purifier,rentre:1522012356,루헨스,더프레임 직수형 냉온정수기,WHP-3300,https://rentre.kr/product/1522012356,https://cdn.rentre.kr/product-thumbnail/07d8237bb35342b89f27dde624a30751.png,"[""냉수"",""온수"",""정수""]",1,0,0,0,,"{""sections"":[""main_list""],""badges"":[],""rating"":0,""reviewCount"":0,""orderCount"":0,""expectDiscountRate"":0,""hasAffiliateCard"":false,""affiliateCardDiscountAmount"":null,""isHalfPricePromotion"":false,""promoDurationMonths"":null,""postPromoMonthlyFee"":27900,""brandCode"":""RUHENS"",""rentalCompany"":""루헨스""}"
rentre,2026-03-27T05:00:24.821Z,https://rentre.kr/water-purifier,rentre:1522012367,루헨스,언더싱크 정수기,WHP-001,https://rentre.kr/product/1522012367,https://cdn.rentre.kr/product-thumbnail/37ea2382671049cf84a3cedd37bd0265.png,"[""정수""]",1,0,0,0,,"{""sections"":[""main_list""],""badges"":[],""rating"":0,""reviewCount"":0,""orderCount"":0,""expectDiscountRate"":0,""hasAffiliateCard"":false,""affiliateCardDiscountAmount"":null,""isHalfPricePromotion"":false,""promoDurationMonths"":null,""postPromoMonthlyFee"":14900,""brandCode"":""RUHENS"",""rentalCompany"":""루헨스""}"
rentre,2026-03-27T05:00:24.821Z,https://rentre.kr/water-purifier,rentre:1522011435,현대큐밍,더퓨어 마크업 RO 정수기,HQPM40SW0C,https://rentre.kr/product/1522011435,https://cdn.rentre.kr/product-thumbnail/c362b0670d444861b1a30fcb2e23a1a8.png,"[""정수""]",1,0,0,0,,"{""sections"":[""main_list""],""badges"":[],""rating"":0,""reviewCount"":0,""orderCount"":0,""expectDiscountRate"":27,""hasAffiliateCard"":true,""affiliateCardDiscountAmount"":10000,""isHalfPricePromotion"":false,""promoDurationMonths"":null,""postPromoMonthlyFee"":32900,""brandCode"":""HYUNDAI_QUMING"",""rentalCompany"":""현대큐밍""}"
rentre,2026-03-27T05:00:24.821Z,https://rentre.kr/water-purifier,rentre:1522013739,현대유버스,준용량 냉온정 정수기,WHCB-80SN,https://rentre.kr/product/1522013739,https://cdn.rentre.kr/product-thumbnail/aabff2e7d1b84a48a1fb2ae8b74a5735.png,"[""냉수"",""온수"",""정수""]",1,0,0,0,,"{""sections"":[""main_list""],""badges"":[],""rating"":0,""reviewCount"":0,""orderCount"":0,""expectDiscountRate"":0,""hasAffiliateCard"":true,""affiliateCardDiscountAmount"":10000,""isHalfPricePromotion"":false,""promoDurationMonths"":null,""postPromoMonthlyFee"":24900,""brandCode"":""HYUNDAI_UBERS"",""rentalCompany"":""OPEN""}"
rentre,2026-03-27T05:00:24.821Z,https://rentre.kr/water-purifier,rentre:1522011074,루헨스,에어리스 직수 냉온정수기,WHP-2300,https://rentre.kr/product/1522011074,https://cdn.rentre.kr/product-thumbnail/49418552548143b5bd51dbaaad169510.png,"[""냉수"",""온수"",""정수""]",1,0,0,0,,"{""sections"":[""main_list""],""badges"":[],""rating"":0,""reviewCount"":0,""orderCount"":0,""expectDiscountRate"":0,""hasAffiliateCard"":false,""affiliateCardDiscountAmount"":null,""isHalfPricePromotion"":false,""promoDurationMonths"":null,""postPromoMonthlyFee"":29900,""brandCode"":""RUHENS"",""rentalCompany"":""루헨스""}"
rentre,2026-03-27T05:00:24.821Z,https://rentre.kr/water-purifier,rentre:1522012451,현대큐밍,더퓨어 프리미엄 RO 냉온정 정수기 (데스크형),HQP1770CS0,https://rentre.kr/product/1522012451,https://cdn.rentre.kr/product-thumbnail/5538e5d9f0584556bd9f1ca6d0fbca2e.png,"[""냉수"",""온수"",""정수""]",1,0,0,0,,"{""sections"":[""main_list""],""badges"":[],""rating"":0,""reviewCount"":0,""orderCount"":0,""expectDiscountRate"":0,""hasAffiliateCard"":true,""affiliateCardDiscountAmount"":10000,""isHalfPricePromotion"":false,""promoDurationMonths"":null,""postPromoMonthlyFee"":26900,""brandCode"":""HYUNDAI_QUMING"",""rentalCompany"":""현대큐밍""}"
rentre,2026-03-27T05:00:24.821Z,https://rentre.kr/water-purifier,rentre:1522011070,루헨스,냉온정수기 지하수용 (데스크탑),WHP-1800S_RO,https://rentre.kr/product/1522011070,https://cdn.rentre.kr/product-thumbnail/5fc3663f76174fe3b1e461aa35ba1c7e.png,"[""냉수"",""온수"",""정수""]",1,0,0,0,,"{""sections"":[""main_list""],""badges"":[],""rating"":0,""reviewCount"":0,""orderCount"":0,""expectDiscountRate"":0,""hasAffiliateCard"":true,""affiliateCardDiscountAmount"":13000,""isHalfPricePromotion"":false,""promoDurationMonths"":null,""postPromoMonthlyFee"":31900,""brandCode"":""RUHENS"",""rentalCompany"":""OPEN""}"
rentre,2026-03-27T05:00:24.821Z,https://rentre.kr/water-purifier,rentre:1600002243,현대유버스,뉴 업소용 대용량 냉온정 정수기 ,MLP-850N,https://rentre.kr/product/1600002243,https://cdn.rentre.kr/product-thumbnail/50565c218ffb4de99e0bb52cbf5274ad.png,"[""냉수"",""온수"",""정수""]",1,0,0,0,,"{""sections"":[""main_list""],""badges"":[],""rating"":0,""reviewCount"":0,""orderCount"":0,""expectDiscountRate"":0,""hasAffiliateCard"":true,""affiliateCardDiscountAmount"":10000,""isHalfPricePromotion"":false,""promoDurationMonths"":null,""postPromoMonthlyFee"":24900,""brandCode"":""HYUNDAI_UBERS"",""rentalCompany"":""OPEN""}"
rentre,2026-03-27T05:00:24.821Z,https://rentre.kr/water-purifier,rentre:1522013744,현대유버스,"냉온정 정수기 (스탠드형, 20년형)",UBUS-P202SUF,https://rentre.kr/product/1522013744,https://cdn.rentre.kr/product-thumbnail/fceed20f2e014e8586185dcdba6c155c.png,"[""냉수"",""온수"",""정수""]",1,0,0,0,,"{""sections"":[""main_list""],""badges"":[],""rating"":0,""reviewCount"":0,""orderCount"":0,""expectDiscountRate"":0,""hasAffiliateCard"":true,""affiliateCardDiscountAmount"":10000,""isHalfPricePromotion"":false,""promoDurationMonths"":null,""postPromoMonthlyFee"":18900,""brandCode"":""HYUNDAI_UBERS"",""rentalCompany"":""OPEN""}"
rentre,2026-03-27T05:00:24.821Z,https://rentre.kr/water-purifier,rentre:1522012500,청호,뉴 디지털 냉온정 정수기,WP-45S9P010M,https://rentre.kr/product/1522012500,https://cdn.rentre.kr/product-thumbnail/87cd9a1148f14cfe8ab7fd8748176f37.png,"[""냉수"",""온수"",""정수""]",1,0,0,0,,"{""sections"":[""main_list""],""badges"":[""타사보상 혜택""],""rating"":0,""reviewCount"":0,""orderCount"":0,""expectDiscountRate"":0,""hasAffiliateCard"":true,""affiliateCardDiscountAmount"":13000,""isHalfPricePromotion"":false,""promoDurationMonths"":null,""postPromoMonthlyFee"":37900,""brandCode"":""CHUNGHO"",""rentalCompany"":""청호""}"
rentre,2026-03-27T05:00:24.821Z,https://rentre.kr/water-purifier,rentre:1600003475,청호,뉴 러블리트리 냉정 정수기,WP-50C80621N,https://rentre.kr/product/1600003475,https://cdn.rentre.kr/product-thumbnail/24a53200c4ca46339c7c9398b47d3bd7.png,"[""냉수"",""정수""]",1,0,0,0,,"{""sections"":[""main_list""],""badges"":[""타사보상 혜택""],""rating"":0,""reviewCount"":0,""orderCount"":0,""expectDiscountRate"":0,""hasAffiliateCard"":true,""affiliateCardDiscountAmount"":13000,""isHalfPricePromotion"":false,""promoDurationMonths"":null,""postPromoMonthlyFee"":28900,""brandCode"":""CHUNGHO"",""rentalCompany"":""청호""}"
rentre,2026-03-27T05:00:24.821Z,https://rentre.kr/water-purifier,rentre:1522012497,청호,정수전용 일반정수기 TIDY,WP-43C60000M,https://rentre.kr/product/1522012497,https://cdn.rentre.kr/product-thumbnail/5f3c3c5ec38c4fd4944906d824b92ad2.png,"[""정수""]",1,0,0,0,,"{""sections"":[""main_list""],""badges"":[""타사보상 혜택""],""rating"":0,""reviewCount"":0,""orderCount"":0,""expectDiscountRate"":0,""hasAffiliateCard"":true,""affiliateCardDiscountAmount"":13000,""isHalfPricePromotion"":false,""promoDurationMonths"":null,""postPromoMonthlyFee"":21900,""brandCode"":""CHUNGHO"",""rentalCompany"":""청호""}"
rentre,2026-03-27T05:00:24.821Z,https://rentre.kr/water-purifier,rentre:1522011069,루헨스,냉온정 정수기 지하수용 (스탠드형),WHP-1800_RO,https://rentre.kr/product/1522011069,https://cdn.rentre.kr/product-thumbnail/e03e463b0c554165bef0dab3e786a84e.png,"[""냉수"",""온수"",""정수""]",1,0,0,0,,"{""sections"":[""main_list""],""badges"":[],""rating"":0,""reviewCount"":0,""orderCount"":0,""expectDiscountRate"":0,""hasAffiliateCard"":true,""affiliateCardDiscountAmount"":13000,""isHalfPricePromotion"":false,""promoDurationMonths"":null,""postPromoMonthlyFee"":31900,""brandCode"":""RUHENS"",""rentalCompany"":""OPEN""}"
rentre,2026-03-27T05:00:24.821Z,https://rentre.kr/water-purifier,rentre:1600003503,교원웰스,미네랄 냉온정 정수기 (데스크형),WQ171,https://rentre.kr/product/1600003503,https://cdn.rentre.kr/product-thumbnail/94c0e72f579b41ec91b47e973247833f.png,"[""냉수"",""온수"",""정수""]",1,0,0,0,,"{""sections"":[""main_list""],""badges"":[],""rating"":0,""reviewCount"":0,""orderCount"":0,""expectDiscountRate"":0,""hasAffiliateCard"":true,""affiliateCardDiscountAmount"":11000,""isHalfPricePromotion"":false,""promoDurationMonths"":null,""postPromoMonthlyFee"":20900,""brandCode"":""KYOWON"",""rentalCompany"":""교원웰스""}"
rentre,2026-03-27T05:00:24.821Z,https://rentre.kr/water-purifier,rentre:1600006405,SK인텔릭스,뉴그랜드 프리스탠딩 냉온 정수기 (나노필터),WPUB700FRENW,https://rentre.kr/product/1600006405,https://cdn.rentre.kr/product-thumbnail/7687fae3bdc94ec5aa45740efe50be26.png,"[""정수""]",1,0,0,0,,"{""sections"":[""main_list""],""badges"":[""25년 6월 출시""],""rating"":0,""reviewCount"":0,""orderCount"":0,""expectDiscountRate"":24,""hasAffiliateCard"":true,""affiliateCardDiscountAmount"":7000,""isHalfPricePromotion"":false,""promoDurationMonths"":null,""postPromoMonthlyFee"":27900,""brandCode"":""SK"",""rentalCompany"":""SK인텔릭스""}"
rentre,2026-03-27T05:00:24.821Z,https://rentre.kr/water-purifier,rentre:1522013510,현대큐밍,딜라이트 아이 직수 무전원 정수전용 정수기,HQPM15CG0E,https://rentre.kr/product/1522013510,https://cdn.rentre.kr/product-thumbnail/b49f1af25ac245838cb4fc29d7b306f4.png,"[""정수""]",1,0,0,0,,"{""sections"":[""main_list""],""badges"":[],""rating"":0,""reviewCount"":0,""orderCount"":0,""expectDiscountRate"":0,""hasAffiliateCard"":true,""affiliateCardDiscountAmount"":10000,""isHalfPricePromotion"":false,""promoDurationMonths"":null,""postPromoMonthlyFee"":15900,""brandCode"":""HYUNDAI_QUMING"",""rentalCompany"":""현대큐밍""}"
rentre,2026-03-27T05:00:24.821Z,https://rentre.kr/water-purifier,rentre:1522012365,루헨스,나노팩트 냉온 정수기 (스탠드형),WHP-1810,https://rentre.kr/product/1522012365,https://cdn.rentre.kr/product-thumbnail/12fe2896c4584b5cb476cc1a4c1dbeba.png,"[""정수""]",1,0,0,0,,"{""sections"":[""main_list""],""badges"":[],""rating"":0,""reviewCount"":0,""orderCount"":0,""expectDiscountRate"":0,""hasAffiliateCard"":false,""affiliateCardDiscountAmount"":null,""isHalfPricePromotion"":false,""promoDurationMonths"":null,""postPromoMonthlyFee"":16900,""brandCode"":""RUHENS"",""rentalCompany"":""루헨스""}"
rentre,2026-03-27T05:00:24.821Z,https://rentre.kr/water-purifier,rentre:1600006437,코웨이,워터스탠드2 냉온정 정수기(펌프형),CHP-5711R,https://rentre.kr/product/1600006437,https://cdn.rentre.kr/product-thumbnail/e9621bc672e041958a1ea9d70bfe3c59.png,"[""냉수"",""온수"",""정수""]",1,0,0,0,,"{""sections"":[""main_list""],""badges"":[],""rating"":0,""reviewCount"":0,""orderCount"":0,""expectDiscountRate"":66,""hasAffiliateCard"":true,""affiliateCardDiscountAmount"":15000,""isHalfPricePromotion"":true,""promoDurationMonths"":9,""postPromoMonthlyFee"":27900,""brandCode"":""COWAY"",""rentalCompany"":""코웨이""}"
rentre,2026-03-27T05:00:24.821Z,https://rentre.kr/water-purifier,rentre:1600003627,쿠쿠,인스퓨어 대용량 정수기(지하수용),CP-QRP3002S,https://rentre.kr/product/1600003627,https://cdn.rentre.kr/product-thumbnail/8965e9161556421c84a82c9dd74dc9af.png,"[""정수""]",1,0,0,0,,"{""sections"":[""main_list""],""badges"":[],""rating"":0,""reviewCount"":0,""orderCount"":0,""expectDiscountRate"":12,""hasAffiliateCard"":true,""affiliateCardDiscountAmount"":10000,""isHalfPricePromotion"":false,""promoDurationMonths"":null,""postPromoMonthlyFee"":29900,""brandCode"":""CUCKOO"",""rentalCompany"":""쿠쿠""}"
rentre,2026-03-27T05:00:24.821Z,https://rentre.kr/water-purifier,rentre:1522012359,루헨스,대용량 업소용 냉온정수기,WHP-3900,https://rentre.kr/product/1522012359,https://cdn.rentre.kr/product-thumbnail/190ed48c94ff430ab4859d5e8fd95fc4.png,"[""냉수"",""온수"",""정수""]",1,0,0,0,,"{""sections"":[""main_list""],""badges"":[],""rating"":0,""reviewCount"":0,""orderCount"":0,""expectDiscountRate"":0,""hasAffiliateCard"":false,""affiliateCardDiscountAmount"":null,""isHalfPricePromotion"":false,""promoDurationMonths"":null,""postPromoMonthlyFee"":29900,""brandCode"":""RUHENS"",""rentalCompany"":""루헨스""}"
rentre,2026-03-27T05:00:24.821Z,https://rentre.kr/water-purifier,rentre:1522012454,현대큐밍,더퓨어 알파UV 냉온정 정수기 (데스크형),HQPA52CE0B,https://rentre.kr/product/1522012454,https://cdn.rentre.kr/product-thumbnail/6603b985a0fc47d09afea5d3d847ad9c.png,"[""냉수"",""온수"",""정수""]",1,0,0,0,,"{""sections"":[""main_list""],""badges"":[],""rating"":0,""reviewCount"":0,""orderCount"":0,""expectDiscountRate"":0,""hasAffiliateCard"":true,""affiliateCardDiscountAmount"":10000,""isHalfPricePromotion"":false,""promoDurationMonths"":null,""postPromoMonthlyFee"":22900,""brandCode"":""HYUNDAI_QUMING"",""rentalCompany"":""현대큐밍""}"
rentre,2026-03-27T05:00:24.821Z,https://rentre.kr/water-purifier,rentre:1600003504,교원웰스,미네랄 소형 냉온정 정수기 (스탠드형),WQ271,https://rentre.kr/product/1600003504,https://cdn.rentre.kr/product-thumbnail/89900ab1af474b648e525aa1c59d9808.png,"[""냉수"",""온수"",""정수""]",1,0,0,0,,"{""sections"":[""main_list""],""badges"":[],""rating"":0,""reviewCount"":0,""orderCount"":0,""expectDiscountRate"":0,""hasAffiliateCard"":true,""affiliateCardDiscountAmount"":11000,""isHalfPricePromotion"":false,""promoDurationMonths"":null,""postPromoMonthlyFee"":21900,""brandCode"":""KYOWON"",""rentalCompany"":""교원웰스""}"
rentre,2026-03-27T05:00:24.821Z,https://rentre.kr/water-purifier,rentre:1600006358,쿠쿠,인스퓨어 냉온정 정수기 (스탠드형),CP-W601SW,https://rentre.kr/product/1600006358,https://cdn.rentre.kr/product-thumbnail/0e83b8490aac4a42859db4b301d7d88c.png,"[""냉수"",""온수"",""정수""]",1,0,0,0,,"{""sections"":[""main_list""],""badges"":[],""rating"":0,""reviewCount"":0,""orderCount"":0,""expectDiscountRate"":8,""hasAffiliateCard"":true,""affiliateCardDiscountAmount"":10000,""isHalfPricePromotion"":false,""promoDurationMonths"":null,""postPromoMonthlyFee"":21900,""brandCode"":""CUCKOO"",""rentalCompany"":""쿠쿠""}"
rentre,2026-03-27T05:00:24.821Z,https://rentre.kr/water-purifier,rentre:1600006665,청호,TOTA MAX 냉온 정수기,WP-31S90010N,https://rentre.kr/product/1600006665,https://cdn.rentre.kr/product-thumbnail/ca36af11c4354ccb84430572bcc06f13.png,"[""정수""]",1,0,0,0,,"{""sections"":[""main_list""],""badges"":[""타사보상 혜택"",""NEW""],""rating"":0,""reviewCount"":0,""orderCount"":0,""expectDiscountRate"":0,""hasAffiliateCard"":true,""affiliateCardDiscountAmount"":13000,""isHalfPricePromotion"":false,""promoDurationMonths"":null,""postPromoMonthlyFee"":34900,""brandCode"":""CHUNGHO"",""rentalCompany"":""청호""}"
rentre,2026-03-27T05:00:24.821Z,https://rentre.kr/water-purifier,rentre:1600003601,세스코,더슬림 더블 냉온정 스탠드 정수기,EWBS551,https://rentre.kr/product/1600003601,https://cdn.rentre.kr/product-thumbnail/ff4fa77313bc48a59e06e0fd7aa815d7.png,"[""냉수"",""온수"",""정수""]",1,0,0,0,,"{""sections"":[""main_list""],""badges"":[],""rating"":0,""reviewCount"":0,""orderCount"":0,""expectDiscountRate"":0,""hasAffiliateCard"":false,""affiliateCardDiscountAmount"":null,""isHalfPricePromotion"":false,""promoDurationMonths"":null,""postPromoMonthlyFee"":28900,""brandCode"":""CESCO"",""rentalCompany"":""OPEN""}"
rentre,2026-03-27T05:00:24.821Z,https://rentre.kr/water-purifier,rentre:6060101,교원웰스,RO 냉온정 정수기 (데스크형),WM071,https://rentre.kr/product/6060101,https://cdn.rentre.kr/product-thumbnail/4ffc7a2e519c4e6ba6de1ec9f075840d.png,"[""냉수"",""온수"",""정수""]",1,0,0,0,,"{""sections"":[""main_list""],""badges"":[],""rating"":0,""reviewCount"":0,""orderCount"":0,""expectDiscountRate"":0,""hasAffiliateCard"":true,""affiliateCardDiscountAmount"":11000,""isHalfPricePromotion"":false,""promoDurationMonths"":null,""postPromoMonthlyFee"":38900,""brandCode"":""KYOWON"",""rentalCompany"":""교원웰스""}"
rentre,2026-03-27T05:00:24.821Z,https://rentre.kr/water-purifier,rentre:1522012488,청호,메타 디지털 P 냉온정 정수기,WP-46S9P510M,https://rentre.kr/product/1522012488,https://cdn.rentre.kr/product-thumbnail/34f0ca50b4fb4880b309f1b8b5b440ee.png,"[""냉수"",""온수"",""정수""]",1,0,0,0,,"{""sections"":[""main_list""],""badges"":[""타사보상 혜택""],""rating"":0,""reviewCount"":0,""orderCount"":0,""expectDiscountRate"":15,""hasAffiliateCard"":true,""affiliateCardDiscountAmount"":13000,""isHalfPricePromotion"":false,""promoDurationMonths"":null,""postPromoMonthlyFee"":33900,""brandCode"":""CHUNGHO"",""rentalCompany"":""청호""}"
rentre,2026-03-27T05:00:24.821Z,https://rentre.kr/water-purifier,rentre:1600006333,청호,옴니 플러스 냉정수기,WP-53C80020M,https://rentre.kr/product/1600006333,https://cdn.rentre.kr/product-thumbnail/e23465660c9447bb89f22b72945222ea.png,"[""냉수"",""정수""]",1,0,0,0,,"{""sections"":[""main_list""],""badges"":[],""rating"":0,""reviewCount"":0,""orderCount"":0,""expectDiscountRate"":20,""hasAffiliateCard"":true,""affiliateCardDiscountAmount"":13000,""isHalfPricePromotion"":false,""promoDurationMonths"":null,""postPromoMonthlyFee"":27900,""brandCode"":""CHUNGHO"",""rentalCompany"":""청호""}"
rentre,2026-03-27T05:00:24.821Z,https://rentre.kr/water-purifier,rentre:6080101,교원웰스,RO 중형 냉온정 정수기 (스탠드형),WL270,https://rentre.kr/product/6080101,https://cdn.rentre.kr/product-thumbnail/901dcc1f60504661aeb57589ed40f9fa.png,"[""냉수"",""온수"",""정수""]",1,0,0,0,,"{""sections"":[""main_list""],""badges"":[],""rating"":0,""reviewCount"":0,""orderCount"":0,""expectDiscountRate"":0,""hasAffiliateCard"":true,""affiliateCardDiscountAmount"":11000,""isHalfPricePromotion"":false,""promoDurationMonths"":null,""postPromoMonthlyFee"":44900,""brandCode"":""KYOWON"",""rentalCompany"":""교원웰스""}"
rentre,2026-03-27T05:00:24.821Z,https://rentre.kr/water-purifier,rentre:6080201,교원웰스,미네랄 중형 냉온정 정수기 (스탠드형),KW-PK2,https://rentre.kr/product/6080201,https://cdn.rentre.kr/product-thumbnail/450b343fd3ae4028a7f3de1b628722a9.png,"[""냉수"",""온수"",""정수""]",1,0,0,0,,"{""sections"":[""main_list""],""badges"":[],""rating"":0,""reviewCount"":0,""orderCount"":0,""expectDiscountRate"":0,""hasAffiliateCard"":true,""affiliateCardDiscountAmount"":11000,""isHalfPricePromotion"":false,""promoDurationMonths"":null,""postPromoMonthlyFee"":32900,""brandCode"":""KYOWON"",""rentalCompany"":""교원웰스""}"
rentre,2026-03-27T05:00:24.821Z,https://rentre.kr/water-purifier,rentre:1522012360,루헨스,직수형 마이셀프 냉정 정수기,WHP-3030,https://rentre.kr/product/1522012360,https://cdn.rentre.kr/product-thumbnail/d5f3e6339ce84c9eacde9218a62b3f61.png,"[""냉수"",""정수""]",1,0,0,0,,"{""sections"":[""main_list""],""badges"":[],""rating"":0,""reviewCount"":0,""orderCount"":0,""expectDiscountRate"":0,""hasAffiliateCard"":false,""affiliateCardDiscountAmount"":null,""isHalfPricePromotion"":false,""promoDurationMonths"":null,""postPromoMonthlyFee"":25900,""brandCode"":""RUHENS"",""rentalCompany"":""루헨스""}"
rentre,2026-03-27T05:00:24.821Z,https://rentre.kr/water-purifier,rentre:1600006406,SK인텔릭스,뉴그랜드 프리스탠딩 냉온 정수기 (지하수),WPUB710FRENW,https://rentre.kr/product/1600006406,https://cdn.rentre.kr/product-thumbnail/0cb79c321a344909906f6c5ab9e4b696.png,"[""정수""]",1,0,0,0,,"{""sections"":[""main_list""],""badges"":[""25년 6월 출시""],""rating"":0,""reviewCount"":0,""orderCount"":0,""expectDiscountRate"":32,""hasAffiliateCard"":true,""affiliateCardDiscountAmount"":7000,""isHalfPricePromotion"":false,""promoDurationMonths"":null,""postPromoMonthlyFee"":29900,""brandCode"":""SK"",""rentalCompany"":""SK인텔릭스""}"
rentre,2026-03-27T05:00:24.821Z,https://rentre.kr/water-purifier,rentre:1600006494,애니워터,HK-SERIES 10's 정수필터,HK-50,https://rentre.kr/product/1600006494,https://cdn.rentre.kr/product-thumbnail/3ea843054e5140e1be8b5a6bb0ef6632.png,"[""정수""]",1,0,0,0,,"{""sections"":[""main_list""],""badges"":[],""rating"":0,""reviewCount"":0,""orderCount"":0,""expectDiscountRate"":0,""hasAffiliateCard"":false,""affiliateCardDiscountAmount"":null,""isHalfPricePromotion"":false,""promoDurationMonths"":null,""postPromoMonthlyFee"":38500,""brandCode"":""ANYWATER"",""rentalCompany"":""OPEN""}"
rentre,2026-03-27T05:00:24.821Z,https://rentre.kr/water-purifier,rentre:6060201,교원웰스,RO 중대형 냉온정 정수기 (스탠드형),WM371,https://rentre.kr/product/6060201,https://cdn.rentre.kr/product-thumbnail/32294bfd32a743af9f054ca1df1d4bc2.png,"[""냉수"",""온수"",""정수""]",1,0,0,0,,"{""sections"":[""main_list""],""badges"":[],""rating"":0,""reviewCount"":0,""orderCount"":0,""expectDiscountRate"":0,""hasAffiliateCard"":true,""affiliateCardDiscountAmount"":11000,""isHalfPricePromotion"":false,""promoDurationMonths"":null,""postPromoMonthlyFee"":55900,""brandCode"":""KYOWON"",""rentalCompany"":""교원웰스""}"
rentre,2026-03-27T05:00:24.821Z,https://rentre.kr/water-purifier,rentre:6100101,교원웰스,미네랄 중대형 냉온정 정수기 (스탠드형),WK370,https://rentre.kr/product/6100101,https://cdn.rentre.kr/product-thumbnail/d0d50eada38f4588984c257227218bbe.png,"[""냉수"",""온수"",""정수""]",1,0,0,0,,"{""sections"":[""main_list""],""badges"":[],""rating"":0,""reviewCount"":0,""orderCount"":0,""expectDiscountRate"":0,""hasAffiliateCard"":true,""affiliateCardDiscountAmount"":11000,""isHalfPricePromotion"":false,""promoDurationMonths"":null,""postPromoMonthlyFee"":45900,""brandCode"":""KYOWON"",""rentalCompany"":""교원웰스""}"
rentre,2026-03-27T05:00:24.821Z,https://rentre.kr/water-purifier,rentre:6110101,교원웰스,미네랄 대형 냉온정 정수기 (스탠드형),WK470,https://rentre.kr/product/6110101,https://cdn.rentre.kr/product-thumbnail/14dbd74d8561430b978194360cfffc2f.png,"[""냉수"",""온수"",""정수""]",1,0,0,0,,"{""sections"":[""main_list""],""badges"":[],""rating"":0,""reviewCount"":0,""orderCount"":0,""expectDiscountRate"":0,""hasAffiliateCard"":true,""affiliateCardDiscountAmount"":11000,""isHalfPricePromotion"":false,""promoDurationMonths"":null,""postPromoMonthlyFee"":56900,""brandCode"":""KYOWON"",""rentalCompany"":""교원웰스""}"
rentre,2026-03-27T05:00:24.821Z,https://rentre.kr/water-purifier,rentre:1600003501,교원웰스,미네랄 플러스 중형 냉온정 정수기 (스탠드형),WP270,https://rentre.kr/product/1600003501,https://cdn.rentre.kr/product-thumbnail/643bb1f43766414e94adfaeb997e44d9.png,"[""냉수"",""온수"",""정수""]",1,0,0,0,,"{""sections"":[""main_list""],""badges"":[],""rating"":0,""reviewCount"":0,""orderCount"":0,""expectDiscountRate"":0,""hasAffiliateCard"":true,""affiliateCardDiscountAmount"":11000,""isHalfPricePromotion"":false,""promoDurationMonths"":null,""postPromoMonthlyFee"":32900,""brandCode"":""KYOWON"",""rentalCompany"":""교원웰스""}"